datetime,week_id,train_end,actual_spread,predicted_spread,residual,absolute_error,squared_error,actual_direction,predicted_direction,target_available,target_missing_reason
2026-01-01 06:00:00+00:00,week_001,2026-01-01 05:00:00+00:00,-2.879999999999999,0.5372365890670494,-3.4172365890670484,3.4172365890670484,11.677505905658595,-1.0,1,1,
2026-01-01 07:00:00+00:00,week_001,2026-01-01 05:00:00+00:00,-1.509999999999998,-1.2468949982535813,-0.2631050017464167,0.2631050017464167,0.06922424194398194,-1.0,-1,1,
2026-01-01 08:00:00+00:00,week_001,2026-01-01 05:00:00+00:00,-0.5250000000000021,-1.2666079538257211,0.741607953825719,0.741607953825719,0.5499823571775697,-1.0,-1,1,
2026-01-01 09:00:00+00:00,week_001,2026-01-01 05:00:00+00:00,-0.0025000000000012,0.5372365890670494,-0.5397365890670506,0.5397365890670506,0.29131558557773424,-1.0,1,1,
2026-01-01 10:00:00+00:00,week_001,2026-01-01 05:00:00+00:00,-1.087500000000002,-1.1456759374957606,0.05817593749575867,0.05817593749575867,0.003384439703510419,-1.0,-1,1,
2026-01-01 11:00:00+00:00,week_001,2026-01-01 05:00:00+00:00,-5.2575,-1.1456759374957606,-4.1118240625042395,4.1118240625042395,16.90709712098887,-1.0,-1,1,
2026-01-01 12:00:00+00:00,week_001,2026-01-01 05:00:00+00:00,-9.322499999999998,2.036190473280736,-11.358690473280735,11.358690473280735,129.01984926779852,-1.0,1,1,
2026-01-01 13:00:00+00:00,week_001,2026-01-01 05:00:00+00:00,-9.3175,2.0923122439567967,-11.409812243956797,11.409812243956797,130.18381544234643,-1.0,1,1,
2026-01-01 14:00:00+00:00,week_001,2026-01-01 05:00:00+00:00,-4.635000000000002,0.38411578813608493,-5.019115788136086,5.019115788136086,25.191523294716927,-1.0,1,1,
2026-01-01 15:00:00+00:00,week_001,2026-01-01 05:00:00+00:00,-1.9200000000000017,-1.2197365355921974,-0.7002634644078043,0.7002634644078043,0.4903689195844202,-1.0,-1,1,
2026-01-01 16:00:00+00:00,week_001,2026-01-01 05:00:00+00:00,3.477499999999999,-0.08014218065920027,3.5576421806591996,3.5576421806591996,12.656817885605545,1.0,-1,1,
2026-01-01 17:00:00+00:00,week_001,2026-01-01 05:00:00+00:00,5.2925,3.0297859098093647,2.2627140901906357,2.2627140901906357,5.119875053947236,1.0,1,1,
2026-01-01 18:00:00+00:00,week_001,2026-01-01 05:00:00+00:00,0.6374999999999993,2.9076351570034027,-2.2701351570034034,2.2701351570034034,5.153513631062867,1.0,1,1,
2026-01-01 19:00:00+00:00,week_001,2026-01-01 05:00:00+00:00,0.6474999999999991,0.9648065832380699,-0.3173065832380708,0.3173065832380708,0.10068346776621877,1.0,1,1,
2026-01-01 20:00:00+00:00,week_001,2026-01-01 05:00:00+00:00,4.635,-0.5469331278511733,5.181933127851173,5.181933127851173,26.852430941521444,1.0,-1,1,
2026-01-01 21:00:00+00:00,week_001,2026-01-01 05:00:00+00:00,1.4275000000000002,-0.42478237504521205,1.8522823750452122,1.8522823750452122,3.430949996903132,1.0,-1,1,
2026-01-01 22:00:00+00:00,week_001,2026-01-01 05:00:00+00:00,-2.1949999999999967,-0.6153593735658124,-1.5796406264341845,1.5796406264341845,2.4952645086813825,-1.0,-1,1,
2026-01-01 23:00:00+00:00,week_001,2026-01-01 05:00:00+00:00,-3.620000000000001,-0.6153593735658124,-3.0046406264341887,3.0046406264341887,9.027865294018834,-1.0,-1,1,
2026-01-02 00:00:00+00:00,week_001,2026-01-01 05:00:00+00:00,-5.282500000000002,1.101253250383731,-6.383753250383734,6.383753250383734,40.75230556178489,-1.0,1,1,
2026-01-02 01:00:00+00:00,week_001,2026-01-01 05:00:00+00:00,-3.4549999999999983,-0.6153593735658124,-2.839640626434186,2.839640626434186,8.063558887295537,-1.0,-1,1,
2026-01-02 02:00:00+00:00,week_001,2026-01-01 05:00:00+00:00,-2.41,-0.6153593735658124,-1.7946406264341879,1.7946406264341879,3.2207349780480943,-1.0,-1,1,
2026-01-02 03:00:00+00:00,week_001,2026-01-01 05:00:00+00:00,-0.5,-0.47165379327873574,-0.028346206721264255,0.028346206721264255,0.0008035074354846469,-1.0,-1,1,
2026-01-02 04:00:00+00:00,week_001,2026-01-01 05:00:00+00:00,0.120000000000001,-0.5469331278511733,0.6669331278511743,0.6669331278511743,0.44479979702535083,1.0,-1,1,
2026-01-02 05:00:00+00:00,week_001,2026-01-01 05:00:00+00:00,1.9025,-0.42478237504521205,2.327282375045212,2.327282375045212,5.416243253196083,1.0,-1,1,
2026-01-02 06:00:00+00:00,week_001,2026-01-01 05:00:00+00:00,0.7124999999999986,-0.4408442708194513,1.15334427081945,1.15334427081945,1.3302030070320485,1.0,-1,1,
2026-01-02 07:00:00+00:00,week_001,2026-01-01 05:00:00+00:00,1.6949999999999985,-1.4147280886215337,3.109728088621532,3.109728088621532,9.670408785161726,1.0,-1,1,
2026-01-02 08:00:00+00:00,week_001,2026-01-01 05:00:00+00:00,2.854999999999998,-1.2937960722915738,4.148796072291572,4.148796072291572,17.212508849461972,1.0,-1,1,
2026-01-02 09:00:00+00:00,week_001,2026-01-01 05:00:00+00:00,-1.709999999999999,-1.4147280886215337,-0.2952719113784654,0.2952719113784654,0.08718550164909233,-1.0,-1,1,
2026-01-02 10:00:00+00:00,week_001,2026-01-01 05:00:00+00:00,-2.9375000000000018,-1.3780129351869268,-1.559487064813075,1.559487064813075,2.4319999053192998,-1.0,-1,1,
2026-01-02 11:00:00+00:00,week_001,2026-01-01 05:00:00+00:00,-2.307499999999997,-1.2839293731289754,-1.0235706268710216,1.0235706268710216,1.0476968281931363,-1.0,-1,1,
2026-01-02 12:00:00+00:00,week_001,2026-01-01 05:00:00+00:00,-2.1224999999999987,-1.2839293731289754,-0.8385706268710234,0.8385706268710234,0.7032006962508611,-1.0,-1,1,
2026-01-02 13:00:00+00:00,week_001,2026-01-01 05:00:00+00:00,-2.6050000000000004,-1.2839293731289754,-1.321070626871025,1.321070626871025,1.7452276011814032,-1.0,-1,1,
2026-01-02 14:00:00+00:00,week_001,2026-01-01 05:00:00+00:00,-13.287499999999998,-1.2839293731289754,-12.003570626871022,12.003570626871022,144.08570779428078,-1.0,-1,1,
2026-01-02 15:00:00+00:00,week_001,2026-01-01 05:00:00+00:00,-7.3325,-1.2839293731289754,-6.048570626871024,6.048570626871024,36.58520662824694,-1.0,-1,1,
2026-01-02 16:00:00+00:00,week_001,2026-01-01 05:00:00+00:00,-6.880000000000001,-1.2839293731289754,-5.596070626871025,5.596070626871025,31.316006460928673,-1.0,-1,1,
2026-01-02 17:00:00+00:00,week_001,2026-01-01 05:00:00+00:00,-7.1425,0.23599565334027175,-7.378495653340272,7.378495653340272,54.44219810636128,-1.0,1,1,
2026-01-02 18:00:00+00:00,week_001,2026-01-01 05:00:00+00:00,-7.154999999999999,0.23599565334027175,-7.390995653340271,7.390995653340271,54.62681674769478,-1.0,1,1,
2026-01-02 19:00:00+00:00,week_001,2026-01-01 05:00:00+00:00,-10.5675,2.039840196233043,-12.607340196233043,12.607340196233043,158.94502682355343,-1.0,1,1,
2026-01-02 20:00:00+00:00,week_001,2026-01-01 05:00:00+00:00,-11.4025,2.039840196233043,-13.442340196233044,13.442340196233044,180.6965099512626,-1.0,1,1,
2026-01-02 21:00:00+00:00,week_001,2026-01-01 05:00:00+00:00,-10.61,4.627834043743175,-15.237834043743174,15.237834043743174,232.19158634465845,-1.0,1,1,
2026-01-02 22:00:00+00:00,week_001,2026-01-01 05:00:00+00:00,-7.752500000000001,4.627834043743175,-12.380334043743176,12.380334043743176,153.27267103466625,-1.0,1,1,
2026-01-02 23:00:00+00:00,week_001,2026-01-01 05:00:00+00:00,-18.33,0.4951159951804997,-18.825115995180496,18.825115995180496,354.38499223200057,-1.0,1,1,
2026-01-03 00:00:00+00:00,week_001,2026-01-01 05:00:00+00:00,-9.635000000000002,4.532185956671115,-14.167185956671116,14.167185956671116,200.70915793089927,-1.0,1,1,
2026-01-03 01:00:00+00:00,week_001,2026-01-01 05:00:00+00:00,-6.057500000000001,0.11130753680740983,-6.168807536807411,6.168807536807411,38.05418642617192,-1.0,1,1,
2026-01-03 02:00:00+00:00,week_001,2026-01-01 05:00:00+00:00,-5.8124999999999964,-1.6053050871421335,-4.207194912857863,4.207194912857863,17.700489034777085,-1.0,-1,1,
2026-01-03 03:00:00+00:00,week_001,2026-01-01 05:00:00+00:00,-4.169999999999998,-1.4147280886215337,-2.7552719113784647,2.7552719113784647,7.591523305631139,-1.0,-1,1,
2026-01-03 04:00:00+00:00,week_001,2026-01-01 05:00:00+00:00,-4.745000000000001,-1.2370579548954517,-3.5079420451045493,3.5079420451045493,12.305657391812288,-1.0,-1,1,
2026-01-03 05:00:00+00:00,week_001,2026-01-01 05:00:00+00:00,-4.815,-1.2370579548954517,-3.5779420451045487,3.5779420451045487,12.801669278126921,-1.0,-1,1,
2026-01-03 06:00:00+00:00,week_001,2026-01-01 05:00:00+00:00,0.615000000000002,-1.2370579548954517,1.8520579548954537,1.8520579548954537,3.4301186682915303,1.0,-1,1,
2026-01-03 07:00:00+00:00,week_001,2026-01-01 05:00:00+00:00,-0.6225000000000005,-1.2839293731289754,0.6614293731289749,0.6614293731289749,0.4374888156377887,-1.0,-1,1,
2026-01-03 08:00:00+00:00,week_001,2026-01-01 05:00:00+00:00,-0.1950000000000002,-1.2839293731289754,1.088929373128975,1.088929373128975,1.1857671796630627,-1.0,-1,1,
2026-01-03 09:00:00+00:00,week_001,2026-01-01 05:00:00+00:00,-3.1424999999999983,-1.2839293731289754,-1.858570626871023,1.858570626871023,3.4542847750677472,-1.0,-1,1,
2026-01-03 10:00:00+00:00,week_001,2026-01-01 05:00:00+00:00,-2.68,-1.1579235858757695,-1.5220764141242307,1.5220764141242307,2.3167166104332764,-1.0,-1,1,
2026-01-03 11:00:00+00:00,week_001,2026-01-01 05:00:00+00:00,-4.5600000000000005,-1.1579235858757695,-3.402076414124231,3.402076414124231,11.574123927540386,-1.0,-1,1,
2026-01-03 12:00:00+00:00,week_001,2026-01-01 05:00:00+00:00,-4.547499999999999,-1.1579235858757695,-3.38957641412423,3.38957641412423,11.489228267187274,-1.0,-1,1,
2026-01-03 13:00:00+00:00,week_001,2026-01-01 05:00:00+00:00,-7.202500000000001,-0.3061905208796476,-6.896309479120353,6.896309479120353,47.55908443180523,-1.0,-1,1,
2026-01-03 14:00:00+00:00,week_001,2026-01-01 05:00:00+00:00,-4.877500000000001,-1.1579235858757695,-3.719576414124232,3.719576414124232,13.835248700509279,-1.0,-1,1,
2026-01-03 15:00:00+00:00,week_001,2026-01-01 05:00:00+00:00,-2.1724999999999994,-1.2839293731289754,-0.8885706268710241,0.8885706268710241,0.7895577589379646,-1.0,-1,1,
2026-01-03 16:00:00+00:00,week_001,2026-01-01 05:00:00+00:00,4.112500000000001,-1.2839293731289754,5.396429373128976,5.396429373128976,29.121449979169192,1.0,-1,1,
2026-01-03 17:00:00+00:00,week_001,2026-01-01 05:00:00+00:00,6.012500000000001,-1.3621575525490532,7.3746575525490545,7.3746575525490545,54.38557401736881,1.0,-1,1,
2026-01-03 18:00:00+00:00,week_001,2026-01-01 05:00:00+00:00,-1.6349999999999998,-1.3621575525490532,-0.27284244745094655,0.27284244745094655,0.07444300113102252,-1.0,-1,1,
2026-01-03 19:00:00+00:00,week_001,2026-01-01 05:00:00+00:00,-2.577499999999999,-1.4929562680416115,-1.0845437319583873,1.0845437319583873,1.1762351065302261,-1.0,-1,1,
2026-01-03 20:00:00+00:00,week_001,2026-01-01 05:00:00+00:00,-4.477499999999999,-1.4929562680416115,-2.9845437319583876,2.9845437319583876,8.9075012879721,-1.0,-1,1,
2026-01-03 21:00:00+00:00,week_001,2026-01-01 05:00:00+00:00,-12.635,-1.4929562680416115,-11.142043731958388,11.142043731958388,124.1451385248732,-1.0,-1,1,
2026-01-03 22:00:00+00:00,week_001,2026-01-01 05:00:00+00:00,1.0700000000000005,-0.07794000473803785,1.1479400047380384,1.1479400047380384,1.3177662544779676,1.0,-1,1,
2026-01-03 23:00:00+00:00,week_001,2026-01-01 05:00:00+00:00,-5.935000000000002,-0.02181823406197682,-5.913181765938026,5.913181765938026,34.96571859702195,-1.0,-1,1,
2026-01-04 00:00:00+00:00,week_001,2026-01-01 05:00:00+00:00,-6.8675,0.6041742495842989,-7.471674249584298,7.471674249584298,55.825916091901085,-1.0,1,1,
2026-01-04 01:00:00+00:00,week_001,2026-01-01 05:00:00+00:00,10.152499999999996,1.708633571583213,8.443866428416783,8.443866428416783,71.298880260944,1.0,1,1,
2026-01-04 02:00:00+00:00,week_001,2026-01-01 05:00:00+00:00,21.85,1.708633571583213,20.141366428416788,20.141366428416788,405.6746416037548,1.0,1,1,
2026-01-04 03:00:00+00:00,week_001,2026-01-01 05:00:00+00:00,4.125,5.767139199119343,-1.6421391991193426,1.6421391991193426,2.696621149284316,1.0,1,1,
2026-01-04 04:00:00+00:00,week_001,2026-01-01 05:00:00+00:00,-2.4974999999999987,2.59094576557761,-5.0884457655776085,5.0884457655776085,25.892280309224695,-1.0,1,1,
2026-01-04 05:00:00+00:00,week_001,2026-01-01 05:00:00+00:00,-5.890000000000001,2.1157413202762925,-8.005741320276293,8.005741320276293,64.0918940871792,-1.0,1,1,
2026-01-04 06:00:00+00:00,week_001,2026-01-01 05:00:00+00:00,-2.375,2.1157413202762925,-4.4907413202762925,4.4907413202762925,20.166757605636857,-1.0,1,1,
2026-01-04 07:00:00+00:00,week_001,2026-01-01 05:00:00+00:00,-1.0425000000000004,2.1157413202762925,-3.158241320276293,3.158241320276293,9.974488237100541,-1.0,1,1,
2026-01-04 08:00:00+00:00,week_001,2026-01-01 05:00:00+00:00,-0.5799999999999983,2.1157413202762925,-2.6957413202762908,2.6957413202762908,7.267021265844959,-1.0,1,1,
2026-01-04 09:00:00+00:00,week_001,2026-01-01 05:00:00+00:00,1.3300000000000018,2.1706389117256015,-0.8406389117255997,0.8406389117255997,0.7066737799072006,1.0,1,1,
2026-01-04 10:00:00+00:00,week_001,2026-01-01 05:00:00+00:00,-1.3425000000000011,2.1706389117256015,-3.5131389117256027,3.5131389117256027,12.342145013080552,-1.0,1,1,
2026-01-04 11:00:00+00:00,week_001,2026-01-01 05:00:00+00:00,-2.379999999999999,2.2175103299591252,-4.597510329959125,4.597510329959125,21.13710123408086,-1.0,1,1,
2026-01-04 12:00:00+00:00,week_001,2026-01-01 05:00:00+00:00,-1.9674999999999976,3.069243394955246,-5.036743394955243,5.036743394955243,25.368784026625267,-1.0,1,1,
2026-01-04 13:00:00+00:00,week_001,2026-01-01 05:00:00+00:00,-4.207500000000003,2.2175103299591252,-6.425010329959129,6.425010329959129,41.28075774008151,-1.0,1,1,
2026-01-04 14:00:00+00:00,week_001,2026-01-01 05:00:00+00:00,-3.7675,3.191394147761208,-6.9588941477612085,6.9588941477612085,48.426207759745196,-1.0,1,1,
2026-01-04 15:00:00+00:00,week_001,2026-01-01 05:00:00+00:00,2.325,1.5406704057994003,0.7843295942005999,0.7843295942005999,0.6151729123388777,1.0,1,1,
2026-01-04 16:00:00+00:00,week_001,2026-01-01 05:00:00+00:00,-2.3850000000000007,-0.3853248898993297,-1.999675110100671,1.999675110100671,3.9987005459561304,-1.0,-1,1,
2026-01-04 17:00:00+00:00,week_001,2026-01-01 05:00:00+00:00,-2.835,-1.2370579548954517,-1.5979420451045483,1.5979420451045483,2.5534187795129064,-1.0,-1,1,
2026-01-04 18:00:00+00:00,week_001,2026-01-01 05:00:00+00:00,-1.4925000000000002,-1.2370579548954517,-0.2554420451045485,0.2554420451045485,0.06525063840719418,-1.0,-1,1,
2026-01-04 19:00:00+00:00,week_001,2026-01-01 05:00:00+00:00,-0.8074999999999999,-1.0407819645991383,0.2332819645991384,0.2332819645991384,0.05442047500723367,-1.0,-1,1,
2026-01-04 20:00:00+00:00,week_001,2026-01-01 05:00:00+00:00,10.575,-0.26317413709336823,10.838174137093368,10.838174137093368,117.46601862595958,1.0,-1,1,
2026-01-04 21:00:00+00:00,week_001,2026-01-01 05:00:00+00:00,23.1225,-0.26317413709336823,23.385674137093368,23.385674137093368,546.8897548463176,1.0,-1,1,
2026-01-04 22:00:00+00:00,week_001,2026-01-01 05:00:00+00:00,21.9575,-0.45375113561396835,22.411251135613966,22.411251135613966,502.26417746355827,1.0,-1,1,
2026-01-04 23:00:00+00:00,week_001,2026-01-01 05:00:00+00:00,8.774999999999999,-0.45375113561396835,9.228751135613967,9.228751135613967,85.16984752309608,1.0,-1,1,
2026-01-05 00:00:00+00:00,week_001,2026-01-01 05:00:00+00:00,4.9375,-0.45375113561396835,5.3912511356139685,5.3912511356139685,29.065588807258905,1.0,-1,1,
2026-01-05 01:00:00+00:00,week_001,2026-01-01 05:00:00+00:00,2.384999999999998,-0.45375113561396835,2.8387511356139665,2.8387511356139665,8.058508009949584,1.0,-1,1,
2026-01-05 02:00:00+00:00,week_001,2026-01-01 05:00:00+00:00,3.075000000000003,-0.45375113561396835,3.5287511356139714,3.5287511356139714,12.452084577096892,1.0,-1,1,
2026-01-05 03:00:00+00:00,week_001,2026-01-01 05:00:00+00:00,2.0700000000000003,-0.3853248898993297,2.45532488989933,2.45532488989933,6.028620314959157,1.0,-1,1,
2026-01-05 04:00:00+00:00,week_001,2026-01-01 05:00:00+00:00,-2.267500000000002,-1.2370579548954517,-1.0304420451045502,1.0304420451045502,1.061810808319248,-1.0,-1,1,
2026-01-05 05:00:00+00:00,week_001,2026-01-01 05:00:00+00:00,-2.930000000000001,-1.2839293731289754,-1.6460706268710257,1.6460706268710257,2.7095485086475715,-1.0,-1,1,
2026-01-05 06:00:00+00:00,week_002,2026-01-05 05:00:00+00:00,2.012500000000001,-1.205352885027103,3.2178528850271038,3.2178528850271038,10.354577189677254,1.0,-1,1,
2026-01-05 07:00:00+00:00,week_002,2026-01-05 05:00:00+00:00,3.605000000000002,-1.2513615096540514,4.856361509654054,4.856361509654054,23.5842471124494,1.0,-1,1,
2026-01-05 08:00:00+00:00,week_002,2026-01-05 05:00:00+00:00,4.079999999999998,-1.2976855031359418,5.37768550313594,5.37768550313594,28.919501370638443,1.0,-1,1,
2026-01-05 09:00:00+00:00,week_002,2026-01-05 05:00:00+00:00,1.0200000000000014,-1.233139623721192,2.2531396237211934,2.2531396237211934,5.076638163982481,1.0,-1,1,
2026-01-05 10:00:00+00:00,week_002,2026-01-05 05:00:00+00:00,0.8425000000000011,-1.1868156302393016,2.029315630239303,2.029315630239303,4.118121927133539,1.0,-1,1,
2026-01-05 11:00:00+00:00,week_002,2026-01-05 05:00:00+00:00,-0.4350000000000023,-0.3553463609461898,-0.07965363905381245,0.07965363905381245,0.006344702214515037,-1.0,-1,1,
2026-01-05 12:00:00+00:00,week_002,2026-01-05 05:00:00+00:00,-2.0825,-0.4016703544280802,-1.6808296455719198,1.6808296455719198,2.8251882974334257,-1.0,-1,1,
2026-01-05 13:00:00+00:00,week_002,2026-01-05 05:00:00+00:00,-0.4099999999999966,-1.1340628033563243,0.7240628033563277,0.7240628033563277,0.5242669432042241,-1.0,-1,1,
2026-01-05 14:00:00+00:00,week_002,2026-01-05 05:00:00+00:00,-2.492499999999996,-0.4016703544280802,-2.090829645571916,2.090829645571916,4.371568606802385,-1.0,-1,1,
2026-01-05 15:00:00+00:00,week_002,2026-01-05 05:00:00+00:00,6.895,-0.23270088421927004,7.127700884219269,7.127700884219269,50.804119894900154,1.0,-1,1,
2026-01-05 16:00:00+00:00,week_002,2026-01-05 05:00:00+00:00,7.042499999999999,-0.23270088421927004,7.275200884219268,7.275200884219268,52.92854790574482,1.0,-1,1,
2026-01-05 17:00:00+00:00,week_002,2026-01-05 05:00:00+00:00,10.169999999999998,-0.23270088421927004,10.402700884219268,10.402700884219268,108.21618568653633,1.0,-1,1,
2026-01-05 18:00:00+00:00,week_002,2026-01-05 05:00:00+00:00,11.165,-0.29724676363402014,11.462246763634019,11.462246763634019,131.38310087043854,1.0,-1,1,
2026-01-05 19:00:00+00:00,week_002,2026-01-05 05:00:00+00:00,10.3,-0.29724676363402014,10.59724676363402,10.59724676363402,112.30163896935171,1.0,-1,1,
2026-01-05 20:00:00+00:00,week_002,2026-01-05 05:00:00+00:00,10.29,-0.46621623384283006,10.75621623384283,10.75621623384283,115.69618766918403,1.0,-1,1,
2026-01-05 21:00:00+00:00,week_002,2026-01-05 05:00:00+00:00,12.304999999999998,0.9357810061272408,11.369218993872757,11.369218993872757,129.25914053063707,1.0,1,1,
2026-01-05 22:00:00+00:00,week_002,2026-01-05 05:00:00+00:00,9.2175,0.9191862715362034,8.298313728463796,8.298313728463796,68.86201073601072,1.0,1,1,
2026-01-05 23:00:00+00:00,week_002,2026-01-05 05:00:00+00:00,-1.8350000000000009,0.9191862715362034,-2.754186271536204,2.754186271536204,7.585542018318497,-1.0,1,1,
2026-01-06 00:00:00+00:00,week_002,2026-01-05 05:00:00+00:00,5.5825,0.9191862715362034,4.663313728463796,4.663313728463796,21.746494930078914,1.0,1,1,
2026-01-06 01:00:00+00:00,week_002,2026-01-05 05:00:00+00:00,14.962500000000002,-0.24306830368207147,15.205568303682073,15.205568303682073,231.2093074379409,1.0,-1,1,
2026-01-06 02:00:00+00:00,week_002,2026-01-05 05:00:00+00:00,4.352499999999999,-0.4368023438069191,4.789302343806918,4.789302343806918,22.93741694039444,1.0,-1,1,
2026-01-06 03:00:00+00:00,week_002,2026-01-05 05:00:00+00:00,5.760000000000002,-0.37388361573399126,6.133883615733993,6.133883615733993,37.62452821136992,1.0,-1,1,
2026-01-06 04:00:00+00:00,week_002,2026-01-05 05:00:00+00:00,2.6375,-0.37388361573399126,3.0113836157339913,3.0113836157339913,9.068431281111128,1.0,-1,1,
2026-01-06 05:00:00+00:00,week_002,2026-01-05 05:00:00+00:00,0.0074999999999967,0.1992776551969591,-0.1917776551969624,0.1917776551969624,0.036778669032845004,1.0,1,1,
2026-01-06 06:00:00+00:00,week_002,2026-01-05 05:00:00+00:00,-0.1624999999999996,-1.2976855031359418,1.1351855031359421,1.1351855031359421,1.288646126530002,-1.0,-1,1,
2026-01-06 07:00:00+00:00,week_002,2026-01-05 05:00:00+00:00,0.6225000000000005,-1.2976855031359418,1.9201855031359423,1.9201855031359423,3.687112366453432,1.0,-1,1,
2026-01-06 08:00:00+00:00,week_002,2026-01-05 05:00:00+00:00,0.8299999999999983,-1.2976855031359418,2.12768550313594,2.12768550313594,4.527045600254838,1.0,-1,1,
2026-01-06 09:00:00+00:00,week_002,2026-01-05 05:00:00+00:00,2.3325000000000014,-1.2976855031359418,3.630185503135943,3.630185503135943,13.178246787178361,1.0,-1,1,
2026-01-06 10:00:00+00:00,week_002,2026-01-05 05:00:00+00:00,1.4474999999999998,-1.2976855031359418,2.7451855031359416,2.7451855031359416,7.536043446627732,1.0,-1,1,
2026-01-06 11:00:00+00:00,week_002,2026-01-05 05:00:00+00:00,-2.5625,-1.2976855031359418,-1.2648144968640582,1.2648144968640582,1.5997557114774807,-1.0,-1,1,
2026-01-06 12:00:00+00:00,week_002,2026-01-05 05:00:00+00:00,-2.4549999999999983,-0.37388361573399126,-2.081116384266007,2.081116384266007,4.3310454048604194,-1.0,-1,1,
2026-01-06 13:00:00+00:00,week_002,2026-01-05 05:00:00+00:00,-0.7424999999999997,-0.25092277015212977,-0.49157722984786995,0.49157722984786995,0.24164817290490556,-1.0,-1,1,
2026-01-06 14:00:00+00:00,week_002,2026-01-05 05:00:00+00:00,1.400000000000002,-0.46621623384283006,1.8662162338428319,1.8662162338428319,3.482763031458523,1.0,-1,1,
2026-01-06 15:00:00+00:00,week_002,2026-01-05 05:00:00+00:00,-4.565,-1.2513615096540514,-3.313638490345949,3.313638490345949,10.980200044702178,-1.0,-1,1,
2026-01-06 16:00:00+00:00,week_002,2026-01-05 05:00:00+00:00,-5.797499999999999,-0.6224778830125026,-5.175022116987497,5.175022116987497,26.78085391130976,-1.0,-1,1,
2026-01-06 17:00:00+00:00,week_002,2026-01-05 05:00:00+00:00,-5.655000000000001,-0.6224778830125026,-5.032522116987499,5.032522116987499,25.326278857968337,-1.0,-1,1,
2026-01-06 18:00:00+00:00,week_002,2026-01-05 05:00:00+00:00,-4.2925,-1.4539471523056142,-2.838552847694386,2.838552847694386,8.057382269153909,-1.0,-1,1,
2026-01-06 19:00:00+00:00,week_002,2026-01-05 05:00:00+00:00,-5.879999999999999,-1.5062068735155127,-4.373793126484486,4.373793126484486,19.130066313282935,-1.0,-1,1,
2026-01-06 20:00:00+00:00,week_002,2026-01-05 05:00:00+00:00,-5.857499999999998,-1.5381178159659499,-4.3193821840340485,4.3193821840340485,18.657062451750747,-1.0,-1,1,
2026-01-06 21:00:00+00:00,week_002,2026-01-05 05:00:00+00:00,-5.962499999999999,-1.5381178159659499,-4.424382184034049,4.424382184034049,19.5751577103979,-1.0,-1,1,
2026-01-06 22:00:00+00:00,week_002,2026-01-05 05:00:00+00:00,4.5825,0.007865131985186131,4.5746348680148134,4.5746348680148134,20.927284175656908,1.0,1,1,
2026-01-06 23:00:00+00:00,week_002,2026-01-05 05:00:00+00:00,-3.097500000000004,0.007865131985186131,-3.1053651319851903,3.1053651319851903,9.643292602949398,-1.0,1,1,
2026-01-07 00:00:00+00:00,week_002,2026-01-05 05:00:00+00:00,8.165,1.0999495531132253,7.065050446886774,7.065050446886774,49.914937817055005,1.0,1,1,
2026-01-07 01:00:00+00:00,week_002,2026-01-05 05:00:00+00:00,10.237499999999995,6.127281721642483,4.110218278357513,4.110218278357513,16.893894295744197,1.0,1,1,
2026-01-07 02:00:00+00:00,week_002,2026-01-05 05:00:00+00:00,13.254999999999995,6.080957728160593,7.174042271839403,7.174042271839403,51.466882518138654,1.0,1,1,
2026-01-07 03:00:00+00:00,week_002,2026-01-05 05:00:00+00:00,4.217500000000001,6.016018215126447,-1.798518215126446,1.798518215126446,3.234667770141617,1.0,1,1,
2026-01-07 04:00:00+00:00,week_002,2026-01-05 05:00:00+00:00,-3.232499999999998,2.4562353148941773,-5.688735314894176,5.688735314894176,32.36170948292414,-1.0,1,1,
2026-01-07 05:00:00+00:00,week_002,2026-01-05 05:00:00+00:00,-0.3574999999999981,0.3005201098358501,-0.6580201098358482,0.6580201098358482,0.4329904649483818,-1.0,1,1,
2026-01-07 06:00:00+00:00,week_002,2026-01-05 05:00:00+00:00,-1.5224999999999973,1.6341491605270362,-3.1566491605270333,3.1566491605270333,9.964433922656024,-1.0,1,1,
2026-01-07 07:00:00+00:00,week_002,2026-01-05 05:00:00+00:00,-1.9750000000000008,0.35160443864200414,-2.326604438642005,2.326604438642005,5.413088213908679,-1.0,1,1,
2026-01-07 08:00:00+00:00,week_002,2026-01-05 05:00:00+00:00,-3.035,0.6736707532869565,-3.7086707532869565,3.7086707532869565,13.75423875628604,-1.0,1,1,
2026-01-07 09:00:00+00:00,week_002,2026-01-05 05:00:00+00:00,-3.429999999999998,0.40386415985190277,-3.8338641598519008,3.8338641598519008,14.698514396196922,-1.0,1,1,
2026-01-07 10:00:00+00:00,week_002,2026-01-05 05:00:00+00:00,-3.02,5.247396478646665,-8.267396478646665,8.267396478646665,68.34984453513928,-1.0,1,1,
2026-01-07 11:00:00+00:00,week_002,2026-01-05 05:00:00+00:00,-1.5224999999999973,2.715981906356126,-4.238481906356123,4.238481906356123,17.96472887050823,-1.0,1,1,
2026-01-07 12:00:00+00:00,week_002,2026-01-05 05:00:00+00:00,-1.754999999999999,0.4566169867348808,-2.21161698673488,2.21161698673488,4.8912496960142695,-1.0,1,1,
2026-01-07 13:00:00+00:00,week_002,2026-01-05 05:00:00+00:00,-4.540000000000003,1.7621707065940753,-6.302170706594078,6.302170706594078,39.7173556150525,-1.0,1,1,
2026-01-07 14:00:00+00:00,week_002,2026-01-05 05:00:00+00:00,-1.370000000000001,1.8545033247029141,-3.224503324702915,3.224503324702915,10.397421691020153,-1.0,1,1,
2026-01-07 15:00:00+00:00,week_002,2026-01-05 05:00:00+00:00,-2.852499999999999,1.8084947000759657,-4.660994700075965,4.660994700075965,21.724871594136232,-1.0,1,1,
2026-01-07 16:00:00+00:00,week_002,2026-01-05 05:00:00+00:00,-0.3800000000000008,-1.4076231588237238,1.027623158823723,1.027623158823723,1.0560093565508466,-1.0,-1,1,
2026-01-07 17:00:00+00:00,week_002,2026-01-05 05:00:00+00:00,-0.9725,-1.3616145341967754,0.38911453419677533,0.38911453419677533,0.15141012072317345,-1.0,-1,1,
2026-01-07 18:00:00+00:00,week_002,2026-01-05 05:00:00+00:00,-1.3150000000000013,-1.3616145341967754,0.04661453419677408,0.04661453419677408,0.0021729147983822203,-1.0,-1,1,
2026-01-07 19:00:00+00:00,week_002,2026-01-05 05:00:00+00:00,4.807500000000001,0.015618135857257742,4.791881864142743,4.791881864142743,22.96213179990013,1.0,1,1,
2026-01-07 20:00:00+00:00,week_002,2026-01-05 05:00:00+00:00,8.85,0.015618135857257742,8.834381864142742,8.834381864142742,78.04630292149419,1.0,1,1,
2026-01-07 21:00:00+00:00,week_002,2026-01-05 05:00:00+00:00,15.4125,0.015618135857257742,15.396881864142742,15.396881864142742,237.06397113836766,1.0,1,1,
2026-01-07 22:00:00+00:00,week_002,2026-01-05 05:00:00+00:00,11.985,-0.0473005922156701,12.03230059221567,12.03230059221567,144.77625754143355,1.0,-1,1,
2026-01-07 23:00:00+00:00,week_002,2026-01-05 05:00:00+00:00,-1.0925000000000011,-0.21627006242447958,-0.8762299375755216,0.8762299375755216,0.7677789035036025,-1.0,-1,1,
2026-01-08 00:00:00+00:00,week_002,2026-01-05 05:00:00+00:00,-3.6625000000000014,-0.21627006242447958,-3.446229937575522,3.446229937575522,11.876500782641786,-1.0,-1,1,
2026-01-08 01:00:00+00:00,week_002,2026-01-05 05:00:00+00:00,-0.7399999999999984,-0.4368023438069191,-0.3031976561930793,0.3031976561930793,0.09192881872097673,-1.0,-1,1,
2026-01-08 02:00:00+00:00,week_002,2026-01-05 05:00:00+00:00,-1.1999999999999993,1.1341643663719616,-2.3341643663719607,2.3341643663719607,5.448323289240617,-1.0,1,1,
2026-01-08 03:00:00+00:00,week_002,2026-01-05 05:00:00+00:00,0.692499999999999,-0.2049141455251812,0.8974141455251802,0.8974141455251802,0.8053521485886893,1.0,-1,1,
2026-01-08 04:00:00+00:00,week_002,2026-01-05 05:00:00+00:00,-1.1950000000000005,-0.14036826611043104,-1.0546317338895694,1.0546317338895694,1.1122480941269195,-1.0,-1,1,
2026-01-08 05:00:00+00:00,week_002,2026-01-05 05:00:00+00:00,-0.2950000000000017,-0.14036826611043104,-0.15463173388957066,0.15463173388957066,0.023910973125694995,-1.0,-1,1,
2026-01-08 06:00:00+00:00,week_002,2026-01-05 05:00:00+00:00,-3.640000000000001,-0.14036826611043104,-3.49963173388957,3.49963173388957,12.247422272846917,-1.0,-1,1,
2026-01-08 07:00:00+00:00,week_002,2026-01-05 05:00:00+00:00,-2.772499999999999,-0.2049141455251812,-2.567585854474818,2.567585854474818,6.59249712009918,-1.0,-1,1,
2026-01-08 08:00:00+00:00,week_002,2026-01-05 05:00:00+00:00,-2.7600000000000016,-0.2049141455251812,-2.5550858544748203,2.5550858544748203,6.528463723737323,-1.0,-1,1,
2026-01-08 09:00:00+00:00,week_002,2026-01-05 05:00:00+00:00,-2.965,-0.2049141455251812,-2.7600858544748186,2.7600858544748186,7.6180739240719895,-1.0,-1,1,
2026-01-08 10:00:00+00:00,week_002,2026-01-05 05:00:00+00:00,-3.875,-0.14036826611043104,-3.734631733889569,3.734631733889569,13.947474187775008,-1.0,-1,1,
2026-01-08 11:00:00+00:00,week_002,2026-01-05 05:00:00+00:00,-1.3975000000000009,-0.2049141455251812,-1.1925858544748196,1.1925858544748196,1.4222610202934356,-1.0,-1,1,
2026-01-08 12:00:00+00:00,week_002,2026-01-05 05:00:00+00:00,1.5800000000000018,-0.14036826611043104,1.720368266110433,1.720368266110433,2.9596669710398174,1.0,-1,1,
2026-01-08 13:00:00+00:00,week_002,2026-01-05 05:00:00+00:00,3.09,-0.2049141455251812,3.294914145525181,3.294914145525181,10.856459226381935,1.0,-1,1,
2026-01-08 14:00:00+00:00,week_002,2026-01-05 05:00:00+00:00,0.6699999999999982,-0.2049141455251812,0.8749141455251793,0.8749141455251793,0.7654747620400547,1.0,-1,1,
2026-01-08 15:00:00+00:00,week_002,2026-01-05 05:00:00+00:00,1.8099999999999987,-0.20598325730912678,2.0159832573091254,2.0159832573091254,4.064188493750711,1.0,-1,1,
2026-01-08 16:00:00+00:00,week_002,2026-01-05 05:00:00+00:00,5.067499999999999,-0.29724676363402014,5.364746763634019,5.364746763634019,28.780507837921686,1.0,-1,1,
2026-01-08 17:00:00+00:00,week_002,2026-01-05 05:00:00+00:00,9.0375,-0.46621623384283006,9.50371623384283,9.50371623384283,90.32062225340775,1.0,-1,1,
2026-01-08 18:00:00+00:00,week_002,2026-01-05 05:00:00+00:00,7.7775,-0.46621623384283006,8.24371623384283,8.24371623384283,67.95885734412381,1.0,-1,1,
2026-01-08 19:00:00+00:00,week_002,2026-01-05 05:00:00+00:00,6.414999999999999,-1.5717537428579305,7.98675374285793,7.98675374285793,63.78823534905516,1.0,-1,1,
2026-01-08 20:00:00+00:00,week_002,2026-01-05 05:00:00+00:00,8.634999999999998,-0.3634905430127068,8.998490543012705,8.998490543012705,80.9728320526891,1.0,-1,1,
2026-01-08 21:00:00+00:00,week_002,2026-01-05 05:00:00+00:00,,-0.556005037857549,,,,,-1,0,incomplete_rt_intervals
2026-01-08 22:00:00+00:00,week_002,2026-01-05 05:00:00+00:00,9.9225,-0.2574398008768252,10.179939800876825,10.179939800876825,103.6311743494761,1.0,-1,1,
2026-01-08 23:00:00+00:00,week_002,2026-01-05 05:00:00+00:00,-9.3775,-0.2574398008768252,-9.120060199123174,9.120060199123174,83.17549803563062,-1.0,-1,1,
2026-01-09 00:00:00+00:00,week_002,2026-01-05 05:00:00+00:00,0.4000000000000021,-0.2574398008768252,0.6574398008768273,0.6574398008768273,0.43222709177696234,1.0,-1,1,
2026-01-09 01:00:00+00:00,week_002,2026-01-05 05:00:00+00:00,6.934999999999999,-0.6342337314289369,7.569233731428936,7.569233731428936,57.29329928100161,1.0,-1,1,
2026-01-09 02:00:00+00:00,week_002,2026-01-05 05:00:00+00:00,14.475,-0.8032032016377466,15.278203201637746,15.278203201637746,233.42349307053388,1.0,-1,1,
2026-01-09 03:00:00+00:00,week_002,2026-01-05 05:00:00+00:00,23.64,-1.5717537428579305,25.21175374285793,25.21175374285793,635.6325267905108,1.0,-1,1,
2026-01-09 04:00:00+00:00,week_002,2026-01-05 05:00:00+00:00,14.7625,-1.5717537428579305,16.33425374285793,16.33425374285793,266.8078453360682,1.0,-1,1,
2026-01-09 05:00:00+00:00,week_002,2026-01-05 05:00:00+00:00,7.657500000000002,-1.4396296393870447,9.097129639387047,9.097129639387047,82.7577676758143,1.0,-1,1,
2026-01-09 06:00:00+00:00,week_002,2026-01-05 05:00:00+00:00,14.4325,-1.2976855031359418,15.73018550313594,15.73018550313594,247.4387359630681,1.0,-1,1,
2026-01-09 07:00:00+00:00,week_002,2026-01-05 05:00:00+00:00,16.245,-1.2976855031359418,17.542685503135942,17.542685503135942,307.7458146619359,1.0,-1,1,
2026-01-09 08:00:00+00:00,week_002,2026-01-05 05:00:00+00:00,7.195000000000004,0.10694503708812032,7.088054962911883,7.088054962911883,50.24052315725978,1.0,1,1,
2026-01-09 09:00:00+00:00,week_002,2026-01-05 05:00:00+00:00,4.790000000000003,0.10694503708812032,4.683054962911882,4.683054962911882,21.93100378565361,1.0,1,1,
2026-01-09 10:00:00+00:00,week_002,2026-01-05 05:00:00+00:00,3.627500000000001,-0.29724676363402014,3.9247467636340208,3.9247467636340208,15.40363715865572,1.0,-1,1,
2026-01-09 11:00:00+00:00,week_002,2026-01-05 05:00:00+00:00,-0.4100000000000037,1.4628526799774724,-1.872852679977476,1.872852679977476,3.507577160898814,-1.0,1,1,
2026-01-09 12:00:00+00:00,week_002,2026-01-05 05:00:00+00:00,4.432499999999997,1.404302899353825,3.0281971006461728,3.0281971006461728,9.169977680361887,1.0,1,1,
2026-01-09 13:00:00+00:00,week_002,2026-01-05 05:00:00+00:00,11.945,1.5035444919893346,10.441455508010666,10.441455508010666,109.02399312576627,1.0,1,1,
2026-01-09 14:00:00+00:00,week_002,2026-01-05 05:00:00+00:00,25.425000000000004,0.018883823282923887,25.40611617671708,25.40611617671708,645.4707391848453,1.0,1,1,
2026-01-09 15:00:00+00:00,week_002,2026-01-05 05:00:00+00:00,3.162499999999998,1.549553116616283,1.6129468833837148,1.6129468833837148,2.601597648617239,1.0,1,1,
2026-01-09 16:00:00+00:00,week_002,2026-01-05 05:00:00+00:00,2.8825000000000003,1.3980518027708746,1.4844481972291257,1.4844481972291257,2.203586450256801,1.0,1,1,
2026-01-09 17:00:00+00:00,week_002,2026-01-05 05:00:00+00:00,3.530000000000001,1.3980518027708746,2.1319481972291268,2.1319481972291268,4.5452031156685235,1.0,1,1,
2026-01-09 18:00:00+00:00,week_002,2026-01-05 05:00:00+00:00,1.837500000000002,1.229082332562065,0.6084176674379369,0.6084176674379369,0.37017205805062,1.0,1,1,
2026-01-09 19:00:00+00:00,week_002,2026-01-05 05:00:00+00:00,-0.2474999999999987,1.1830737079351166,-1.4305737079351153,1.4305737079351153,2.0465411338352246,-1.0,1,1,
2026-01-09 20:00:00+00:00,week_002,2026-01-05 05:00:00+00:00,1.0474999999999994,1.457220498507444,-0.4097204985074445,0.4097204985074445,0.16787088689718885,1.0,1,1,
2026-01-09 21:00:00+00:00,week_002,2026-01-05 05:00:00+00:00,-0.3875000000000028,1.8650759575616969,-2.2525759575616995,2.2525759575616995,5.074098444585007,-1.0,1,1,
2026-01-09 22:00:00+00:00,week_002,2026-01-05 05:00:00+00:00,-0.3599999999999994,-0.22257799190016425,-0.13742200809983512,0.13742200809983512,0.01888480831019115,-1.0,-1,1,
2026-01-09 23:00:00+00:00,week_002,2026-01-05 05:00:00+00:00,-7.032499999999999,6.2760683528463685,-13.308568352846368,13.308568352846368,177.1179916023839,-1.0,1,1,
2026-01-10 00:00:00+00:00,week_002,2026-01-05 05:00:00+00:00,-3.2575000000000003,-0.5291349619157577,-2.7283650380842426,2.7283650380842426,7.443975781040431,-1.0,-1,1,
2026-01-10 01:00:00+00:00,week_002,2026-01-05 05:00:00+00:00,4.6675,-0.5291349619157577,5.196634961915758,5.196634961915758,27.005014927405192,1.0,-1,1,
2026-01-10 02:00:00+00:00,week_002,2026-01-05 05:00:00+00:00,1.759999999999998,-0.5291349619157577,2.2891349619157557,2.2891349619157557,5.240138873865049,1.0,-1,1,
2026-01-10 03:00:00+00:00,week_002,2026-01-05 05:00:00+00:00,0.014999999999997,-1.2976855031359418,1.3126855031359388,1.3126855031359388,1.7231432301432528,1.0,-1,1,
2026-01-10 04:00:00+00:00,week_002,2026-01-05 05:00:00+00:00,-0.1499999999999985,-1.2976855031359418,1.1476855031359432,1.1476855031359432,1.3171820141084032,-1.0,-1,1,
2026-01-10 05:00:00+00:00,week_002,2026-01-05 05:00:00+00:00,-1.3024999999999984,-1.2976855031359418,-0.004814496864056661,0.004814496864056661,2.3179380054011424e-05,-1.0,-1,1,
2026-01-10 06:00:00+00:00,week_002,2026-01-05 05:00:00+00:00,-2.625,-1.205352885027103,-1.419647114972897,1.419647114972897,2.0153979310508703,-1.0,-1,1,
2026-01-10 07:00:00+00:00,week_002,2026-01-05 05:00:00+00:00,-4.7125,-1.205352885027103,-3.5071471149728977,3.5071471149728977,12.30008088606272,-1.0,-1,1,
2026-01-10 08:00:00+00:00,week_002,2026-01-05 05:00:00+00:00,-6.362499999999999,-1.205352885027103,-5.157147114972896,5.157147114972896,26.596166365473266,-1.0,-1,1,
2026-01-10 09:00:00+00:00,week_002,2026-01-05 05:00:00+00:00,-5.030000000000001,-1.205352885027103,-3.8246471149728984,3.8246471149728984,14.627925554070515,-1.0,-1,1,
2026-01-10 10:00:00+00:00,week_002,2026-01-05 05:00:00+00:00,-4.767499999999998,-0.46621623384283006,-4.301283766157169,4.301283766157169,18.501042037007196,-1.0,-1,1,
2026-01-10 11:00:00+00:00,week_002,2026-01-05 05:00:00+00:00,-7.012500000000001,-0.29724676363402014,-6.715253236365981,6.715253236365981,45.09462602852378,-1.0,-1,1,
2026-01-10 12:00:00+00:00,week_002,2026-01-05 05:00:00+00:00,-8.0825,-0.46621623384283006,-7.61628376615717,7.61628376615717,58.00777840662924,-1.0,-1,1,
2026-01-10 13:00:00+00:00,week_002,2026-01-05 05:00:00+00:00,-9.154999999999998,-1.2976855031359418,-7.857314496864056,7.857314496864056,61.737391102630056,-1.0,-1,1,
2026-01-10 14:00:00+00:00,week_002,2026-01-05 05:00:00+00:00,-14.9475,-0.34387430337389047,-14.603625696626109,14.603625696626109,213.2658834871584,-1.0,-1,1,
2026-01-10 15:00:00+00:00,week_002,2026-01-05 05:00:00+00:00,-1.2775,-0.29724676363402014,-0.9802532363659799,0.9802532363659799,0.9608964074059777,-1.0,-1,1,
2026-01-10 16:00:00+00:00,week_002,2026-01-05 05:00:00+00:00,-1.91,-0.46621623384283006,-1.44378376615717,1.44378376615717,2.0845115634189817,-1.0,-1,1,
2026-01-10 17:00:00+00:00,week_002,2026-01-05 05:00:00+00:00,-5.9575,-0.556005037857549,-5.401494962142451,5.401494962142451,29.176147826050276,-1.0,-1,1,
2026-01-10 18:00:00+00:00,week_002,2026-01-05 05:00:00+00:00,-11.4,-1.2976855031359418,-10.102314496864059,10.102314496864059,102.05675819354973,-1.0,-1,1,
2026-01-10 19:00:00+00:00,week_002,2026-01-05 05:00:00+00:00,-14.22,-1.4539471523056142,-12.766052847694386,12.766052847694386,162.97210531012595,-1.0,-1,1,
2026-01-10 20:00:00+00:00,week_002,2026-01-05 05:00:00+00:00,-14.0025,-1.4539471523056142,-12.548552847694385,12.548552847694385,157.46617857137886,-1.0,-1,1,
2026-01-10 21:00:00+00:00,week_002,2026-01-05 05:00:00+00:00,-13.17,-1.4539471523056142,-11.716052847694385,11.716052847694385,137.26589432996772,-1.0,-1,1,
2026-01-10 22:00:00+00:00,week_002,2026-01-05 05:00:00+00:00,-17.580000000000002,-1.516865880378542,-16.06313411962146,16.06313411962146,258.0242777449471,-1.0,-1,1,
2026-01-10 23:00:00+00:00,week_002,2026-01-05 05:00:00+00:00,0.4050000000000011,-1.516865880378542,1.9218658803785431,1.9218658803785431,3.6935684621631926,1.0,-1,1,
2026-01-11 00:00:00+00:00,week_002,2026-01-05 05:00:00+00:00,-6.094999999999999,-1.516865880378542,-4.578134119621457,4.578134119621457,20.959312017242134,-1.0,-1,1,
2026-01-11 01:00:00+00:00,week_002,2026-01-05 05:00:00+00:00,-17.294999999999998,4.873038585276471,-22.16803858527647,22.16803858527647,491.4219347183064,-1.0,1,1,
2026-01-11 02:00:00+00:00,week_002,2026-01-05 05:00:00+00:00,-22.8725,0.060124853195084725,-22.932624853195083,22.932624853195083,525.9052826573808,-1.0,1,1,
2026-01-11 03:00:00+00:00,week_002,2026-01-05 05:00:00+00:00,-23.69,0.12304358126801263,-23.813043581268015,23.813043581268015,567.0610446033699,-1.0,1,1,
2026-01-11 04:00:00+00:00,week_002,2026-01-05 05:00:00+00:00,-22.605000000000004,-1.5321820882379418,-21.072817911762062,21.072817911762062,444.06365474228,-1.0,-1,1,
2026-01-11 05:00:00+00:00,week_002,2026-01-05 05:00:00+00:00,-20.96,-1.5321820882379418,-19.42781791176206,19.42781791176206,377.4401088125827,-1.0,-1,1,
2026-01-11 06:00:00+00:00,week_002,2026-01-05 05:00:00+00:00,-5.074999999999999,0.5215279828553478,-5.596527982855347,5.596527982855347,31.321125462882943,-1.0,1,1,
2026-01-11 07:00:00+00:00,week_002,2026-01-05 05:00:00+00:00,-1.3024999999999984,0.5215279828553478,-1.8240279828553463,1.8240279828553463,3.3270780822393435,-1.0,1,1,
2026-01-11 08:00:00+00:00,week_002,2026-01-05 05:00:00+00:00,-0.0150000000000005,0.5215279828553478,-0.5365279828553483,0.5365279828553483,0.28786227638682893,-1.0,1,1,
2026-01-11 09:00:00+00:00,week_002,2026-01-05 05:00:00+00:00,-3.465,1.1251068555781836,-4.590106855578183,4.590106855578183,21.069080945625835,-1.0,1,1,
2026-01-11 10:00:00+00:00,week_002,2026-01-05 05:00:00+00:00,-3.712500000000002,1.8195494970977022,-5.532049497097704,5.532049497097704,30.603571638338963,-1.0,1,1,
2026-01-11 11:00:00+00:00,week_002,2026-01-05 05:00:00+00:00,-0.7025000000000006,0.6536520863262336,-1.3561520863262342,1.3561520863262342,1.8391484812469978,-1.0,1,1,
2026-01-11 12:00:00+00:00,week_002,2026-01-05 05:00:00+00:00,-0.7624999999999993,1.9758111462673746,-2.7383111462673737,2.7383111462673737,7.498347933772138,-1.0,1,1,
2026-01-11 13:00:00+00:00,week_002,2026-01-05 05:00:00+00:00,-4.6325,1.2572309590490693,-5.88973095904907,5.88973095904907,34.68893076998107,-1.0,1,1,
2026-01-11 14:00:00+00:00,week_002,2026-01-05 05:00:00+00:00,-2.1149999999999984,3.7680634435469194,-5.883063443546918,5.883063443546918,34.610435480798124,-1.0,1,1,
2026-01-11 15:00:00+00:00,week_002,2026-01-05 05:00:00+00:00,-3.1075,1.6059090574244028,-4.7134090574244025,4.7134090574244025,22.216224942610395,-1.0,1,1,
2026-01-11 16:00:00+00:00,week_002,2026-01-05 05:00:00+00:00,-2.9925,-1.4539471523056142,-1.538552847694386,1.538552847694386,2.3671448651485045,-1.0,-1,1,
2026-01-11 17:00:00+00:00,week_002,2026-01-05 05:00:00+00:00,-2.035,0.169367574749903,-2.204367574749903,2.204367574749903,4.85923640460877,-1.0,1,1,
2026-01-11 18:00:00+00:00,week_002,2026-01-05 05:00:00+00:00,0.0099999999999997,5.332608767679114,-5.322608767679114,5.322608767679114,28.330164093774574,1.0,1,1,
2026-01-11 19:00:00+00:00,week_002,2026-01-05 05:00:00+00:00,0.3424999999999993,0.07078386005811393,0.27171613994188537,0.27171613994188537,0.07382966070491824,1.0,1,1,
2026-01-11 20:00:00+00:00,week_002,2026-01-05 05:00:00+00:00,3.1875,5.1731297433750765,-1.9856297433750765,1.9856297433750765,3.942725477775772,1.0,1,1,
2026-01-11 21:00:00+00:00,week_002,2026-01-05 05:00:00+00:00,0.3374999999999986,5.793381825886986,-5.455881825886987,5.455881825886987,29.766646498043922,1.0,1,1,
2026-01-11 22:00:00+00:00,week_002,2026-01-05 05:00:00+00:00,5.642499999999998,9.368621979024686,-3.726121979024688,3.726121979024688,13.883985002570858,1.0,1,1,
2026-01-11 23:00:00+00:00,week_002,2026-01-05 05:00:00+00:00,8.237500000000004,10.204374221171657,-1.9668742211716523,1.9668742211716523,3.868594201909594,1.0,1,1,
2026-01-12 00:00:00+00:00,week_002,2026-01-05 05:00:00+00:00,-1.4549999999999983,11.106960199851338,-12.561960199851336,12.561960199851336,157.80284406264903,-1.0,1,1,
2026-01-12 01:00:00+00:00,week_002,2026-01-05 05:00:00+00:00,-8.104999999999997,6.080957728160593,-14.18595772816059,14.18595772816059,201.24139666515916,-1.0,1,1,
2026-01-12 02:00:00+00:00,week_002,2026-01-05 05:00:00+00:00,-6.137500000000003,6.080957728160593,-12.218457728160596,12.218457728160596,149.2907092548474,-1.0,1,1,
2026-01-12 03:00:00+00:00,week_002,2026-01-05 05:00:00+00:00,-7.542499999999997,6.205516657574811,-13.748016657574809,13.748016657574809,189.00796201695442,-1.0,1,1,
2026-01-12 04:00:00+00:00,week_002,2026-01-05 05:00:00+00:00,-10.502500000000005,1.397364866288153,-11.899864866288159,11.899864866288159,141.6067838359193,-1.0,1,1,
2026-01-12 05:00:00+00:00,week_002,2026-01-05 05:00:00+00:00,-9.302499999999998,1.3064501385315783,-10.608950138531577,10.608950138531577,112.54982304184918,-1.0,1,1,
2026-01-12 06:00:00+00:00,week_003,2026-01-12 05:00:00+00:00,-10.352500000000004,-0.48375056623140517,-9.868749433768599,9.868749433768599,97.39221538650804,-1.0,-1,1,
2026-01-12 07:00:00+00:00,week_003,2026-01-12 05:00:00+00:00,-9.517499999999998,-1.2896791632990825,-8.227820836700916,8.227820836700916,67.69703572084977,-1.0,-1,1,
2026-01-12 08:00:00+00:00,week_003,2026-01-12 05:00:00+00:00,-7.900000000000002,-1.215328934133126,-6.684671065866876,6.684671065866876,44.6848272588378,-1.0,-1,1,
2026-01-12 09:00:00+00:00,week_003,2026-01-12 05:00:00+00:00,-7.092500000000001,1.082098728677173,-8.174598728677175,8.174598728677175,66.82406437489048,-1.0,1,1,
2026-01-12 10:00:00+00:00,week_003,2026-01-12 05:00:00+00:00,-6.157499999999999,4.107963962224459,-10.265463962224459,10.265463962224459,105.37975035972909,-1.0,1,1,
2026-01-12 11:00:00+00:00,week_003,2026-01-12 05:00:00+00:00,2.6300000000000026,4.107963962224459,-1.4779639622244565,1.4779639622244565,2.1843774736342145,1.0,1,1,
2026-01-12 12:00:00+00:00,week_003,2026-01-12 05:00:00+00:00,-5.065000000000005,2.7256721538169706,-7.790672153816976,7.790672153816976,60.694572608259236,-1.0,1,1,
2026-01-12 13:00:00+00:00,week_003,2026-01-12 05:00:00+00:00,2.5700000000000003,3.8006938406935267,-1.2306938406935264,1.2306938406935264,1.514607329520983,1.0,1,1,
2026-01-12 14:00:00+00:00,week_003,2026-01-12 05:00:00+00:00,-2.414999999999999,5.396701877431574,-7.811701877431573,7.811701877431573,61.022686221867964,-1.0,1,1,
2026-01-12 15:00:00+00:00,week_003,2026-01-12 05:00:00+00:00,-4.647500000000001,2.9943120525533162,-7.641812052553317,7.641812052553317,58.39729144654914,-1.0,1,1,
2026-01-12 16:00:00+00:00,week_003,2026-01-12 05:00:00+00:00,0.5924999999999976,-0.30802033572507026,0.9005203357250678,0.9005203357250678,0.8109368750543889,1.0,-1,1,
2026-01-12 17:00:00+00:00,week_003,2026-01-12 05:00:00+00:00,0.6849999999999987,-0.4304751089401657,1.1154751089401644,1.1154751089401644,1.2442847186650716,1.0,-1,1,
2026-01-12 18:00:00+00:00,week_003,2026-01-12 05:00:00+00:00,-0.5474999999999994,0.3254403006774432,-0.8729403006774425,0.8729403006774425,0.7620247685468238,-1.0,1,1,
2026-01-12 19:00:00+00:00,week_003,2026-01-12 05:00:00+00:00,-1.1075,-1.4630222017298842,0.35552220172988425,0.35552220172988425,0.1263960359228645,-1.0,-1,1,
2026-01-12 20:00:00+00:00,week_003,2026-01-12 05:00:00+00:00,-1.1725000000000012,-1.4630222017298842,0.29052220172988297,0.29052220172988297,0.08440314969797881,-1.0,-1,1,
2026-01-12 21:00:00+00:00,week_003,2026-01-12 05:00:00+00:00,-3.1,-1.4630222017298842,-1.636977798270116,1.636977798270116,2.6796963120292765,-1.0,-1,1,
2026-01-12 22:00:00+00:00,week_003,2026-01-12 05:00:00+00:00,-3.5849999999999973,-1.5244549140397297,-2.0605450859602676,2.0605450859602676,4.245846051275007,-1.0,-1,1,
2026-01-12 23:00:00+00:00,week_003,2026-01-12 05:00:00+00:00,-14.28,0.4745764976763281,-14.754576497676327,14.754576497676327,217.6975276257826,-1.0,1,1,
2026-01-13 00:00:00+00:00,week_003,2026-01-12 05:00:00+00:00,-15.707499999999996,1.2075073963730238,-16.91500739637302,16.91500739637302,286.117475219354,-1.0,1,1,
2026-01-13 01:00:00+00:00,week_003,2026-01-12 05:00:00+00:00,-14.085,1.1704089327438174,-15.25540893274382,15.25540893274382,232.72750170523992,-1.0,1,1,
2026-01-13 02:00:00+00:00,week_003,2026-01-12 05:00:00+00:00,-12.135000000000002,1.8153766979197274,-13.95037669791973,13.95037669791973,194.61301001386178,-1.0,1,1,
2026-01-13 03:00:00+00:00,week_003,2026-01-12 05:00:00+00:00,-10.1575,0.12866960804473845,-10.28616960804474,10.28616960804474,105.80528520546326,-1.0,1,1,
2026-01-13 04:00:00+00:00,week_003,2026-01-12 05:00:00+00:00,-9.3175,-1.3310911766341496,-7.986408823365851,7.986408823365851,63.78272589393592,-1.0,-1,1,
2026-01-13 05:00:00+00:00,week_003,2026-01-12 05:00:00+00:00,-8.8775,-0.6414643085166047,-8.236035691483394,8.236035691483394,67.83228391138836,-1.0,-1,1,
2026-01-13 06:00:00+00:00,week_003,2026-01-12 05:00:00+00:00,-5.387499999999999,-1.4630222017298842,-3.9244777982701153,3.9244777982701153,15.401525989115052,-1.0,-1,1,
2026-01-13 07:00:00+00:00,week_003,2026-01-12 05:00:00+00:00,-3.952500000000001,-1.3405674285147886,-2.6119325714852124,2.6119325714852124,6.822191757985355,-1.0,-1,1,
2026-01-13 08:00:00+00:00,week_003,2026-01-12 05:00:00+00:00,-2.522500000000001,-1.3405674285147886,-1.1819325714852122,1.1819325714852122,1.3969646035376464,-1.0,-1,1,
2026-01-13 09:00:00+00:00,week_003,2026-01-12 05:00:00+00:00,-3.075000000000003,-0.9758099487297925,-2.0991900512702104,2.0991900512702104,4.406598871351829,-1.0,-1,1,
2026-01-13 10:00:00+00:00,week_003,2026-01-12 05:00:00+00:00,-2.3725000000000023,-1.3405674285147886,-1.0319325714852137,1.0319325714852137,1.0648848320920856,-1.0,-1,1,
2026-01-13 11:00:00+00:00,week_003,2026-01-12 05:00:00+00:00,-3.5125,-0.5190095353015093,-2.993490464698491,2.993490464698491,8.960985162240787,-1.0,-1,1,
2026-01-13 12:00:00+00:00,week_003,2026-01-12 05:00:00+00:00,-4.125,-0.30802033572507026,-3.8169796642749296,3.8169796642749296,14.569333757488355,-1.0,-1,1,
2026-01-13 13:00:00+00:00,week_003,2026-01-12 05:00:00+00:00,-8.969999999999999,-0.30802033572507026,-8.661979664274929,8.661979664274929,75.0298917043124,-1.0,-1,1,
2026-01-13 14:00:00+00:00,week_003,2026-01-12 05:00:00+00:00,-5.547500000000003,-0.30802033572507026,-5.239479664274933,5.239479664274933,27.452147152350566,-1.0,-1,1,
2026-01-13 15:00:00+00:00,week_003,2026-01-12 05:00:00+00:00,-0.5274999999999999,-0.10794627250300723,-0.4195537274969926,0.4195537274969926,0.17602533025662073,-1.0,-1,1,
2026-01-13 16:00:00+00:00,week_003,2026-01-12 05:00:00+00:00,-2.197499999999998,-0.396310660778967,-1.801189339221031,1.801189339221031,3.244283035723494,-1.0,-1,1,
2026-01-13 17:00:00+00:00,week_003,2026-01-12 05:00:00+00:00,-0.307500000000001,-0.5187654339940624,0.2112654339940614,0.2112654339940614,0.04463308360069911,-1.0,-1,1,
2026-01-13 18:00:00+00:00,week_003,2026-01-12 05:00:00+00:00,1.5399999999999991,0.4121232463994843,1.127876753600515,1.127876753600515,1.2721059713124367,1.0,1,1,
2026-01-13 19:00:00+00:00,week_003,2026-01-12 05:00:00+00:00,2.102499999999999,0.4121232463994843,1.690376753600515,1.690376753600515,2.857373569113016,1.0,1,1,
2026-01-13 20:00:00+00:00,week_003,2026-01-12 05:00:00+00:00,-0.2799999999999993,0.4121232463994843,-0.6921232463994835,0.6921232463994835,0.4790345882065602,-1.0,1,1,
2026-01-13 21:00:00+00:00,week_003,2026-01-12 05:00:00+00:00,-1.9499999999999995,0.4121232463994843,-2.362123246399484,2.362123246399484,5.579626231180837,-1.0,1,1,
2026-01-13 22:00:00+00:00,week_003,2026-01-12 05:00:00+00:00,-4.237499999999997,0.3506905340896387,-4.588190534089636,4.588190534089636,21.051492377109735,-1.0,1,1,
2026-01-13 23:00:00+00:00,week_003,2026-01-12 05:00:00+00:00,-12.697499999999998,0.3506905340896387,-13.048190534089636,13.048190534089636,170.2552762139064,-1.0,1,1,
2026-01-14 00:00:00+00:00,week_003,2026-01-12 05:00:00+00:00,-12.2875,0.15391984145693358,-12.441419841456932,12.441419841456932,154.78892767139823,-1.0,1,1,
2026-01-14 01:00:00+00:00,week_003,2026-01-12 05:00:00+00:00,-6.212500000000002,0.276374614672029,-6.4888746146720315,6.4888746146720315,42.105493764935105,-1.0,1,1,
2026-01-14 02:00:00+00:00,week_003,2026-01-12 05:00:00+00:00,-4.302500000000002,-0.6576489414527568,-3.6448510585472453,3.6448510585472453,13.284939238992974,-1.0,-1,1,
2026-01-14 03:00:00+00:00,week_003,2026-01-12 05:00:00+00:00,-6.734999999999999,-0.5190095353015093,-6.21599046469849,6.21599046469849,38.63853745722255,-1.0,-1,1,
2026-01-14 04:00:00+00:00,week_003,2026-01-12 05:00:00+00:00,-4.015000000000001,-0.5190095353015093,-3.495990464698491,3.495990464698491,12.221949329262772,-1.0,-1,1,
2026-01-14 05:00:00+00:00,week_003,2026-01-12 05:00:00+00:00,-3.16,-0.5326947826525674,-2.6273052173474327,2.6273052173474327,6.902732705101041,-1.0,-1,1,
2026-01-14 06:00:00+00:00,week_003,2026-01-12 05:00:00+00:00,1.2025000000000006,-1.315343533060964,2.5178435330609643,2.5178435330609643,6.339536056976919,1.0,-1,1,
2026-01-14 07:00:00+00:00,week_003,2026-01-12 05:00:00+00:00,-1.4350000000000025,0.5112973028772443,-1.9462973028772468,1.9462973028772468,3.7880731911872454,-1.0,1,1,
2026-01-14 08:00:00+00:00,week_003,2026-01-12 05:00:00+00:00,2.522500000000001,-1.3405674285147886,3.8630674285147895,3.8630674285147895,14.923289957251868,1.0,-1,1,
2026-01-14 09:00:00+00:00,week_003,2026-01-12 05:00:00+00:00,1.384999999999998,-1.2178685539922465,2.6028685539922445,2.6028685539922445,6.774924709361677,1.0,-1,1,
2026-01-14 10:00:00+00:00,week_003,2026-01-12 05:00:00+00:00,0.2300000000000004,-0.396310660778967,0.6263106607789674,0.6263106607789674,0.39226504380538674,1.0,-1,1,
2026-01-14 11:00:00+00:00,week_003,2026-01-12 05:00:00+00:00,-2.0600000000000023,-0.18532146120252782,-1.8746785387974745,1.8746785387974745,3.514419623827834,-1.0,-1,1,
2026-01-14 12:00:00+00:00,week_003,2026-01-12 05:00:00+00:00,-3.7674999999999983,-0.30802033572507026,-3.459479664274928,3.459479664274928,11.967999547531768,-1.0,-1,1,
2026-01-14 13:00:00+00:00,week_003,2026-01-12 05:00:00+00:00,-2.2225,-0.396310660778967,-1.826189339221033,1.826189339221033,3.3349675026845533,-1.0,-1,1,
2026-01-14 14:00:00+00:00,week_003,2026-01-12 05:00:00+00:00,-6.5525,-0.2827964402712454,-6.269703559728755,6.269703559728755,39.30918272687542,-1.0,-1,1,
2026-01-14 15:00:00+00:00,week_003,2026-01-12 05:00:00+00:00,-5.8725,-0.5190095353015093,-5.35349046469849,5.35349046469849,28.659860155617658,-1.0,-1,1,
2026-01-14 16:00:00+00:00,week_003,2026-01-12 05:00:00+00:00,-2.565,-1.3405674285147886,-1.2244325714852113,1.2244325714852113,1.499235122113887,-1.0,-1,1,
2026-01-14 17:00:00+00:00,week_003,2026-01-12 05:00:00+00:00,2.0249999999999995,-1.4630222017298842,3.4880222017298834,3.4880222017298834,12.166298879760584,1.0,-1,1,
2026-01-14 18:00:00+00:00,week_003,2026-01-12 05:00:00+00:00,-0.7200000000000006,-1.4630222017298842,0.7430222017298835,0.7430222017298835,0.5520819922635237,-1.0,-1,1,
2026-01-14 19:00:00+00:00,week_003,2026-01-12 05:00:00+00:00,-1.89,-1.4377983062760595,-0.45220169372394037,0.45220169372394037,0.20448637180680038,-1.0,-1,1,
2026-01-14 20:00:00+00:00,week_003,2026-01-12 05:00:00+00:00,1.7550000000000003,-0.568466610145622,2.3234666101456223,2.3234666101456223,5.398497088461589,1.0,-1,1,
2026-01-14 21:00:00+00:00,week_003,2026-01-12 05:00:00+00:00,11.355,-0.6054483797161028,11.960448379716103,11.960448379716103,143.05232544385356,1.0,-1,1,
2026-01-14 22:00:00+00:00,week_003,2026-01-12 05:00:00+00:00,3.495000000000001,-0.6668810920259484,4.16188109202595,4.16188109202595,17.321254224163113,1.0,-1,1,
2026-01-14 23:00:00+00:00,week_003,2026-01-12 05:00:00+00:00,0.4800000000000004,-0.6298993224554675,1.109899322455468,1.109899322455468,1.231876505987107,1.0,-1,1,
2026-01-15 00:00:00+00:00,week_003,2026-01-12 05:00:00+00:00,8.317500000000003,-1.5244549140397297,9.841954914039732,9.841954914039732,96.86407652999084,1.0,-1,1,
2026-01-15 01:00:00+00:00,week_003,2026-01-12 05:00:00+00:00,4.642500000000002,-1.451457215668747,6.093957215668749,6.093957215668749,37.136314546401216,1.0,-1,1,
2026-01-15 02:00:00+00:00,week_003,2026-01-12 05:00:00+00:00,0.0300000000000011,-0.5804422476113549,0.610442247611356,0.610442247611356,0.3726397376688041,1.0,-1,1,
2026-01-15 03:00:00+00:00,week_003,2026-01-12 05:00:00+00:00,2.2,-1.3405674285147886,3.540567428514789,3.540567428514789,12.535617715859823,1.0,-1,1,
2026-01-15 04:00:00+00:00,week_003,2026-01-12 05:00:00+00:00,2.520000000000003,-1.3405674285147886,3.8605674285147917,3.8605674285147917,14.903980870109311,1.0,-1,1,
2026-01-15 05:00:00+00:00,week_003,2026-01-12 05:00:00+00:00,1.322499999999998,0.5112973028772443,0.8112026971227537,0.8112026971227537,0.6580498158192302,1.0,1,1,
2026-01-15 06:00:00+00:00,week_003,2026-01-12 05:00:00+00:00,-0.7950000000000017,2.059531536698134,-2.854531536698136,2.854531536698136,8.14835029400422,-1.0,1,1,
2026-01-15 07:00:00+00:00,week_003,2026-01-12 05:00:00+00:00,2.660000000000004,-1.258885116201287,3.918885116201291,3.918885116201291,15.357660553984008,1.0,-1,1,
2026-01-15 08:00:00+00:00,week_003,2026-01-12 05:00:00+00:00,-3.375,0.9627182977476553,-4.337718297747656,4.337718297747656,18.81580003061482,-1.0,1,1,
2026-01-15 09:00:00+00:00,week_003,2026-01-12 05:00:00+00:00,-3.960000000000001,6.467248327472377,-10.427248327472377,10.427248327472377,108.72750768277548,-1.0,1,1,
2026-01-15 10:00:00+00:00,week_003,2026-01-12 05:00:00+00:00,-9.392500000000004,6.278032999344335,-15.670532999344339,15.670532999344339,245.56560448353986,-1.0,1,1,
2026-01-15 11:00:00+00:00,week_003,2026-01-12 05:00:00+00:00,-23.1775,4.117440214105097,-27.294940214105097,27.294940214105097,745.0137612915715,-1.0,1,1,
2026-01-15 12:00:00+00:00,week_003,2026-01-12 05:00:00+00:00,-20.2675,2.7885115885563136,-23.056011588556313,23.056011588556313,531.579670371643,-1.0,1,1,
2026-01-15 13:00:00+00:00,week_003,2026-01-12 05:00:00+00:00,-12.29,4.284554090261826,-16.574554090261827,16.574554090261827,274.71584329101506,-1.0,1,1,
2026-01-15 14:00:00+00:00,week_003,2026-01-12 05:00:00+00:00,-9.467499999999998,4.284554090261826,-13.752054090261824,13.752054090261824,189.11899170148698,-1.0,1,1,
2026-01-15 15:00:00+00:00,week_003,2026-01-12 05:00:00+00:00,-8.932500000000001,2.467063396022444,-11.399563396022446,11.399563396022446,129.9500456199348,-1.0,1,1,
2026-01-15 16:00:00+00:00,week_003,2026-01-12 05:00:00+00:00,-7.26,-1.315343533060964,-5.944656466939036,5.944656466939036,35.3389405099201,-1.0,-1,1,
2026-01-15 17:00:00+00:00,week_003,2026-01-12 05:00:00+00:00,-5.7075,-1.4630222017298842,-4.244477798270116,4.244477798270116,18.015591780007927,-1.0,-1,1,
2026-01-15 18:00:00+00:00,week_003,2026-01-12 05:00:00+00:00,-3.38,-1.4630222017298842,-1.9169777982701157,1.9169777982701157,3.6748038790605406,-1.0,-1,1,
2026-01-15 19:00:00+00:00,week_003,2026-01-12 05:00:00+00:00,-1.04,-1.4630222017298842,0.42302220172988414,0.42302220172988414,0.17894778315639878,-1.0,-1,1,
2026-01-15 20:00:00+00:00,week_003,2026-01-12 05:00:00+00:00,-0.215,-1.4630222017298842,1.248022201729884,1.248022201729884,1.5575594160107076,-1.0,-1,1,
2026-01-15 21:00:00+00:00,week_003,2026-01-12 05:00:00+00:00,-4.1225000000000005,-1.4630222017298842,-2.6594777982701165,2.6594777982701165,7.0728221594916665,-1.0,-1,1,
2026-01-15 22:00:00+00:00,week_003,2026-01-12 05:00:00+00:00,6.459999999999999,-1.5244549140397297,7.984454914039729,7.984454914039729,63.751520274333174,1.0,-1,1,
2026-01-15 23:00:00+00:00,week_003,2026-01-12 05:00:00+00:00,-1.942499999999999,-1.5244549140397297,-0.41804508596026935,0.41804508596026935,0.17476169389552898,-1.0,-1,1,
2026-01-16 00:00:00+00:00,week_003,2026-01-12 05:00:00+00:00,-1.8125,-1.5244549140397297,-0.28804508596027034,0.28804508596027034,0.08296997154585953,-1.0,-1,1,
2026-01-16 01:00:00+00:00,week_003,2026-01-12 05:00:00+00:00,-1.4874999999999972,-1.5244549140397297,0.0369549140397325,0.0369549140397325,0.0013656656716840184,-1.0,-1,1,
2026-01-16 02:00:00+00:00,week_003,2026-01-12 05:00:00+00:00,2.4274999999999984,-1.5244549140397297,3.951954914039728,3.951954914039728,15.617947642602754,1.0,-1,1,
2026-01-16 03:00:00+00:00,week_003,2026-01-12 05:00:00+00:00,3.7425,-1.4630222017298842,5.205522201729885,5.205522201729885,27.097461392702744,1.0,-1,1,
2026-01-16 04:00:00+00:00,week_003,2026-01-12 05:00:00+00:00,-3.077500000000001,-1.4630222017298842,-1.6144777982701168,1.6144777982701168,2.606538561107124,-1.0,-1,1,
2026-01-16 05:00:00+00:00,week_003,2026-01-12 05:00:00+00:00,-1.25,-1.3405674285147886,0.0905674285147886,0.0905674285147886,0.008202459107781345,-1.0,-1,1,
2026-01-16 06:00:00+00:00,week_003,2026-01-12 05:00:00+00:00,1.9624999999999984,-1.4630222017298842,3.4255222017298825,3.4255222017298825,11.734202354544342,1.0,-1,1,
2026-01-16 07:00:00+00:00,week_003,2026-01-12 05:00:00+00:00,1.9149999999999991,-1.4630222017298842,3.378022201729883,3.378022201729883,11.411033995380008,1.0,-1,1,
2026-01-16 08:00:00+00:00,week_003,2026-01-12 05:00:00+00:00,2.5799999999999983,-1.3405674285147886,3.920567428514787,3.920567428514787,15.370848961531049,1.0,-1,1,
2026-01-16 09:00:00+00:00,week_003,2026-01-12 05:00:00+00:00,3.245000000000001,-1.3405674285147886,4.585567428514789,4.585567428514789,21.027428641455735,1.0,-1,1,
2026-01-16 10:00:00+00:00,week_003,2026-01-12 05:00:00+00:00,1.9549999999999983,-1.3405674285147886,3.295567428514787,3.295567428514787,10.860764675887564,1.0,-1,1,
2026-01-16 11:00:00+00:00,week_003,2026-01-12 05:00:00+00:00,3.6750000000000007,0.5112973028772443,3.1637026971227566,3.1637026971227566,10.009014755781806,1.0,1,1,
2026-01-16 12:00:00+00:00,week_003,2026-01-12 05:00:00+00:00,0.9550000000000018,-1.3405674285147886,2.2955674285147905,2.2955674285147905,5.269629818858007,1.0,-1,1,
2026-01-16 13:00:00+00:00,week_003,2026-01-12 05:00:00+00:00,4.2075,-1.3405674285147886,5.548067428514788,5.548067428514788,30.78105219134669,1.0,-1,1,
2026-01-16 14:00:00+00:00,week_003,2026-01-12 05:00:00+00:00,-5.460000000000001,-1.3405674285147886,-4.119432571485213,4.119432571485213,16.96972471101327,-1.0,-1,1,
2026-01-16 15:00:00+00:00,week_003,2026-01-12 05:00:00+00:00,-1.7599999999999998,-1.3405674285147886,-0.4194325714852112,0.4194325714852112,0.1759236820226968,-1.0,-1,1,
2026-01-16 16:00:00+00:00,week_003,2026-01-12 05:00:00+00:00,1.2199999999999998,-1.3405674285147886,2.5605674285147884,2.5605674285147884,6.556505555970836,1.0,-1,1,
2026-01-16 17:00:00+00:00,week_003,2026-01-12 05:00:00+00:00,-1.7999999999999998,-1.4630222017298842,-0.33697779827011565,0.33697779827011565,0.11355403652697475,-1.0,-1,1,
2026-01-16 18:00:00+00:00,week_003,2026-01-12 05:00:00+00:00,-2.3225,-1.4630222017298842,-0.8594777982701156,0.8594777982701156,0.7387020857192456,-1.0,-1,1,
2026-01-16 19:00:00+00:00,week_003,2026-01-12 05:00:00+00:00,-0.6924999999999999,-1.4630222017298842,0.7705222017298843,0.7705222017298843,0.5937044633586684,-1.0,-1,1,
2026-01-16 20:00:00+00:00,week_003,2026-01-12 05:00:00+00:00,-2.0625,0.4121232463994843,-2.474623246399484,2.474623246399484,6.123760211620722,-1.0,1,1,
2026-01-16 21:00:00+00:00,week_003,2026-01-12 05:00:00+00:00,-5.07,0.3254403006774432,-5.395440300677444,5.395440300677444,29.110776038174304,-1.0,1,1,
2026-01-16 22:00:00+00:00,week_003,2026-01-12 05:00:00+00:00,2.092500000000001,0.3506905340896387,1.7418094659103625,1.7418094659103625,3.033900215534942,1.0,1,1,
2026-01-16 23:00:00+00:00,week_003,2026-01-12 05:00:00+00:00,9.822499999999998,-1.5244549140397297,11.346954914039728,11.346954914039728,128.75338582125033,1.0,-1,1,
2026-01-17 00:00:00+00:00,week_003,2026-01-12 05:00:00+00:00,-0.1050000000000004,-1.5244549140397297,1.4194549140397292,1.4194549140397292,2.014852252991535,-1.0,-1,1,
2026-01-17 01:00:00+00:00,week_003,2026-01-12 05:00:00+00:00,-4.032499999999999,-1.5244549140397297,-2.508045085960269,2.508045085960269,6.290290153209454,-1.0,-1,1,
2026-01-17 02:00:00+00:00,week_003,2026-01-12 05:00:00+00:00,-7.752499999999998,-1.5149786621590906,-6.237521337840907,6.237521337840907,38.90667244002062,-1.0,-1,1,
2026-01-17 03:00:00+00:00,week_003,2026-01-12 05:00:00+00:00,-13.06,-1.4535459498492451,-11.606454050150756,11.606454050150756,134.7097756182609,-1.0,-1,1,
2026-01-17 04:00:00+00:00,week_003,2026-01-12 05:00:00+00:00,-14.619999999999996,-1.4535459498492451,-13.166454050150751,13.166454050150751,173.3555122547311,-1.0,-1,1,
2026-01-17 05:00:00+00:00,week_003,2026-01-12 05:00:00+00:00,-13.482499999999998,-1.4630222017298842,-12.019477798270113,12.019477798270113,144.46784654310818,-1.0,-1,1,
2026-01-17 06:00:00+00:00,week_003,2026-01-12 05:00:00+00:00,-7.334999999999999,-1.4630222017298842,-5.871977798270115,5.871977798270115,34.48012326337715,-1.0,-1,1,
2026-01-17 07:00:00+00:00,week_003,2026-01-12 05:00:00+00:00,-5.555,-1.4630222017298842,-4.091977798270116,4.091977798270116,16.744282301535545,-1.0,-1,1,
2026-01-17 08:00:00+00:00,week_003,2026-01-12 05:00:00+00:00,-4.922499999999999,-1.4630222017298842,-3.4594777982701155,3.4594777982701155,11.967986636723845,-1.0,-1,1,
2026-01-17 09:00:00+00:00,week_003,2026-01-12 05:00:00+00:00,-4.899999999999999,-1.3484605946307449,-3.5515394053692537,3.5515394053692537,12.613432147890592,-1.0,-1,1,
2026-01-17 10:00:00+00:00,week_003,2026-01-12 05:00:00+00:00,-4.5275,-1.094117623822004,-3.433382376177996,3.433382376177996,11.78811454104966,-1.0,-1,1,
2026-01-17 11:00:00+00:00,week_003,2026-01-12 05:00:00+00:00,-6.989999999999998,0.7376740530750638,-7.727674053075062,7.727674053075062,59.71694627056956,-1.0,1,1,
2026-01-17 12:00:00+00:00,week_003,2026-01-12 05:00:00+00:00,-4.060000000000002,-0.3159135018410263,-3.744086498158976,3.744086498158976,14.018183705696345,-1.0,-1,1,
2026-01-17 13:00:00+00:00,week_003,2026-01-12 05:00:00+00:00,-3.344999999999999,0.06232897889214244,-3.4073289788921413,3.4073289788921413,11.609890770398161,-1.0,1,1,
2026-01-17 14:00:00+00:00,week_003,2026-01-12 05:00:00+00:00,-0.3900000000000005,-0.1486602206842975,-0.24133977931570302,0.24133977931570302,0.05824488908015224,-1.0,-1,1,
2026-01-17 15:00:00+00:00,week_003,2026-01-12 05:00:00+00:00,-4.599999999999998,-0.18387672449319578,-4.416123275506802,4.416123275506802,19.502144784472925,-1.0,-1,1,
2026-01-17 16:00:00+00:00,week_003,2026-01-12 05:00:00+00:00,-6.682499999999999,-0.18532146120252782,-6.497178538797471,6.497178538797471,42.21332896501045,-1.0,-1,1,
2026-01-17 17:00:00+00:00,week_003,2026-01-12 05:00:00+00:00,2.674999999999999,-0.30777623441762336,2.9827762344176225,2.9827762344176225,8.896954064606572,1.0,-1,1,
2026-01-17 18:00:00+00:00,week_003,2026-01-12 05:00:00+00:00,0.3799999999999999,-0.30777623441762336,0.6877762344176233,0.6877762344176233,0.47303614862968546,1.0,-1,1,
2026-01-17 19:00:00+00:00,week_003,2026-01-12 05:00:00+00:00,-0.2175000000000002,0.7458113204984668,-0.9633113204984669,0.9633113204984669,0.9279687002005,-1.0,1,1,
2026-01-17 20:00:00+00:00,week_003,2026-01-12 05:00:00+00:00,-1.89,0.6483363414297493,-2.538336341429749,2.538336341429749,6.443151382222964,-1.0,1,1,
2026-01-17 21:00:00+00:00,week_003,2026-01-12 05:00:00+00:00,-0.8925000000000001,0.6483363414297493,-1.5408363414297495,1.5408363414297495,2.3741766310706156,-1.0,1,1,
2026-01-17 22:00:00+00:00,week_003,2026-01-12 05:00:00+00:00,-2.9350000000000005,0.5616797336660788,-3.4966797336660793,3.4966797336660793,12.226769159831083,-1.0,1,1,
2026-01-17 23:00:00+00:00,week_003,2026-01-12 05:00:00+00:00,4.692500000000003,0.6843786081886212,4.008121391811382,4.008121391811382,16.065037091496006,1.0,1,1,
2026-01-18 00:00:00+00:00,week_003,2026-01-12 05:00:00+00:00,11.155,0.5616797336660788,10.59332026633392,10.59332026633392,112.21843426512096,1.0,1,1,
2026-01-18 01:00:00+00:00,week_003,2026-01-12 05:00:00+00:00,16.18,0.8973858754367741,15.282614124563226,15.282614124563226,233.55829448029942,1.0,1,1,
2026-01-18 02:00:00+00:00,week_003,2026-01-12 05:00:00+00:00,20.335,0.8488019961617602,19.48619800383824,19.48619800383824,379.7119126447894,1.0,1,1,
2026-01-18 03:00:00+00:00,week_003,2026-01-12 05:00:00+00:00,20.222500000000004,0.9824407689044679,19.240059231095536,19.240059231095536,370.17987921606453,1.0,1,1,
2026-01-18 04:00:00+00:00,week_003,2026-01-12 05:00:00+00:00,2.644999999999996,4.162099317046731,-1.5170993170467346,1.5170993170467346,2.3015903377836686,1.0,1,1,
2026-01-18 05:00:00+00:00,week_003,2026-01-12 05:00:00+00:00,-2.1625000000000014,2.351740621437302,-4.514240621437303,4.514240621437303,20.37836838823465,-1.0,1,1,
2026-01-18 06:00:00+00:00,week_003,2026-01-12 05:00:00+00:00,-15.457499999999996,6.150577305829572,-21.608077305829568,21.608077305829568,466.9090048547068,-1.0,1,1,
2026-01-18 07:00:00+00:00,week_003,2026-01-12 05:00:00+00:00,-11.6575,6.150577305829572,-17.80807730582957,17.80807730582957,317.1276173304022,-1.0,1,1,
2026-01-18 08:00:00+00:00,week_003,2026-01-12 05:00:00+00:00,-11.4225,6.150577305829572,-17.57307730582957,17.57307730582957,308.8130459966623,-1.0,1,1,
2026-01-18 09:00:00+00:00,week_003,2026-01-12 05:00:00+00:00,-8.755000000000003,6.150577305829572,-14.905577305829574,14.905577305829574,222.17623482006164,-1.0,1,1,
2026-01-18 10:00:00+00:00,week_003,2026-01-12 05:00:00+00:00,-9.325000000000005,6.273032079044667,-15.598032079044671,15.598032079044671,243.29860473890662,-1.0,1,1,
2026-01-18 11:00:00+00:00,week_003,2026-01-12 05:00:00+00:00,-16.385,6.273032079044667,-22.65803207904467,22.65803207904467,513.3864176950174,-1.0,1,1,
2026-01-18 12:00:00+00:00,week_003,2026-01-12 05:00:00+00:00,-15.322499999999998,4.825711702587319,-20.148211702587318,20.148211702587318,405.95043481227657,-1.0,1,1,
2026-01-18 13:00:00+00:00,week_003,2026-01-12 05:00:00+00:00,-13.067500000000004,5.118263121939455,-18.18576312193946,18.18576312193946,330.72198032729324,-1.0,1,1,
2026-01-18 14:00:00+00:00,week_003,2026-01-12 05:00:00+00:00,-11.232500000000002,2.661940295768871,-13.894440295768874,13.894440295768874,193.05547113268582,-1.0,1,1,
2026-01-18 15:00:00+00:00,week_003,2026-01-12 05:00:00+00:00,-14.745,2.661940295768871,-17.40694029576887,17.40694029576887,303.001570460462,-1.0,1,1,
2026-01-18 16:00:00+00:00,week_003,2026-01-12 05:00:00+00:00,-9.565,0.7336445804342361,-10.298644580434235,10.298644580434235,106.06208019410745,-1.0,1,1,
2026-01-18 17:00:00+00:00,week_003,2026-01-12 05:00:00+00:00,-4.2775,-1.4630222017298842,-2.814477798270116,2.814477798270116,7.921285276955399,-1.0,-1,1,
2026-01-18 18:00:00+00:00,week_003,2026-01-12 05:00:00+00:00,-2.1225,-1.4630222017298842,-0.6594777982701159,0.6594777982701159,0.43491096641119964,-1.0,-1,1,
2026-01-18 19:00:00+00:00,week_003,2026-01-12 05:00:00+00:00,-1.1175000000000002,-1.4630222017298842,0.345522201729884,0.345522201729884,0.11938559188826667,-1.0,-1,1,
2026-01-18 20:00:00+00:00,week_003,2026-01-12 05:00:00+00:00,0.7549999999999999,-1.4630222017298842,2.218022201729884,2.218022201729884,4.919622487366682,1.0,-1,1,
2026-01-18 21:00:00+00:00,week_003,2026-01-12 05:00:00+00:00,1.335,-1.4630222017298842,2.798022201729884,2.798022201729884,7.828928241373347,1.0,-1,1,
2026-01-18 22:00:00+00:00,week_003,2026-01-12 05:00:00+00:00,4.694999999999999,-1.5244549140397297,6.219454914039729,6.219454914039729,38.68161942777294,1.0,-1,1,
2026-01-18 23:00:00+00:00,week_003,2026-01-12 05:00:00+00:00,9.824999999999996,4.466308544586028,5.358691455413967,5.358691455413967,28.715574114326664,1.0,1,1,
2026-01-19 00:00:00+00:00,week_003,2026-01-12 05:00:00+00:00,7.519999999999996,0.8711199301839065,6.648880069816089,6.648880069816089,44.2076061827976,1.0,1,1,
2026-01-19 01:00:00+00:00,week_003,2026-01-12 05:00:00+00:00,9.792500000000004,1.0477100582212748,8.744789941778729,8.744789941778729,76.47135112583442,1.0,1,1,
2026-01-19 02:00:00+00:00,week_003,2026-01-12 05:00:00+00:00,20.1125,4.371297958954218,15.741202041045783,15.741202041045783,247.78544169702394,1.0,1,1,
2026-01-19 03:00:00+00:00,week_003,2026-01-12 05:00:00+00:00,6.935000000000002,0.07573578021036709,6.859264219789635,6.859264219789635,47.04950563688631,1.0,1,1,
2026-01-19 04:00:00+00:00,week_003,2026-01-12 05:00:00+00:00,4.709999999999997,-1.4630222017298842,6.173022201729881,6.173022201729881,38.10620310305003,1.0,-1,1,
2026-01-19 05:00:00+00:00,week_003,2026-01-12 05:00:00+00:00,3.3500000000000014,-1.4630222017298842,4.813022201729885,4.813022201729885,23.165182714344795,1.0,-1,1,
2026-01-19 06:00:00+00:00,week_004,2026-01-19 05:00:00+00:00,-3.3825000000000003,0.2816125071903302,-3.6641125071903304,3.6641125071903304,13.42572046534861,-1.0,1,1,
2026-01-19 07:00:00+00:00,week_004,2026-01-19 05:00:00+00:00,-5.359999999999999,1.8266317131959957,-7.186631713195995,7.186631713195995,51.647675381114404,-1.0,1,1,
2026-01-19 08:00:00+00:00,week_004,2026-01-19 05:00:00+00:00,-6.3675,0.1799919005333484,-6.547491900533348,6.547491900533348,42.869650187549794,-1.0,1,1,
2026-01-19 09:00:00+00:00,week_004,2026-01-19 05:00:00+00:00,-7.734999999999999,1.7669679496219182,-9.501967949621918,9.501967949621918,90.28739491564215,-1.0,1,1,
2026-01-19 10:00:00+00:00,week_004,2026-01-19 05:00:00+00:00,-6.630000000000003,0.2509927797465687,-6.880992779746571,6.880992779746571,47.34806163492445,-1.0,1,1,
2026-01-19 11:00:00+00:00,week_004,2026-01-19 05:00:00+00:00,-8.722499999999997,0.2509927797465687,-8.973492779746564,8.973492779746564,80.52357266816372,-1.0,1,1,
2026-01-19 12:00:00+00:00,week_004,2026-01-19 05:00:00+00:00,-17.542499999999997,0.48764444732006323,-18.030144447320062,18.030144447320062,325.0861087912265,-1.0,1,1,
2026-01-19 13:00:00+00:00,week_004,2026-01-19 05:00:00+00:00,-18.29,0.34899107726900785,-18.638991077269008,18.638991077269008,347.4119883785137,-1.0,1,1,
2026-01-19 14:00:00+00:00,week_004,2026-01-19 05:00:00+00:00,-11.534999999999998,0.4458626042797958,-11.980862604279794,11.980862604279794,143.54106874263002,-1.0,1,1,
2026-01-19 15:00:00+00:00,week_004,2026-01-19 05:00:00+00:00,-14.6725,-1.270989908153834,-13.401510091846166,13.401510091846166,179.60047274185465,-1.0,-1,1,
2026-01-19 16:00:00+00:00,week_004,2026-01-19 05:00:00+00:00,-14.345,-1.384680182881964,-12.960319817118037,12.960319817118037,167.96988976198253,-1.0,-1,1,
2026-01-19 17:00:00+00:00,week_004,2026-01-19 05:00:00+00:00,-12.87,-1.384680182881964,-11.485319817118036,11.485319817118036,131.91257130148426,-1.0,-1,1,
2026-01-19 18:00:00+00:00,week_004,2026-01-19 05:00:00+00:00,-12.2775,-1.4327263306334626,-10.844773669366537,10.844773669366537,117.60911593978575,-1.0,-1,1,
2026-01-19 19:00:00+00:00,week_004,2026-01-19 05:00:00+00:00,-11.555,-1.384680182881964,-10.170319817118036,10.170319817118036,103.43540518246385,-1.0,-1,1,
2026-01-19 20:00:00+00:00,week_004,2026-01-19 05:00:00+00:00,-10.305,-1.3347280331110234,-8.970271966888976,8.970271966888976,80.46577915995422,-1.0,-1,1,
2026-01-19 21:00:00+00:00,week_004,2026-01-19 05:00:00+00:00,-11.3,0.5051276320093468,-11.805127632009347,11.805127632009347,139.3610384080306,-1.0,1,1,
2026-01-19 22:00:00+00:00,week_004,2026-01-19 05:00:00+00:00,-17.825,-11.894441699969153,-5.930558300030846,5.930558300030846,35.171521750064755,-1.0,-1,1,
2026-01-19 23:00:00+00:00,week_004,2026-01-19 05:00:00+00:00,-6.412500000000001,0.8613650117571865,-7.273865011757188,7.273865011757188,52.909112209265395,-1.0,1,1,
2026-01-20 00:00:00+00:00,week_004,2026-01-19 05:00:00+00:00,-5.705000000000002,-1.3347280331110234,-4.3702719668889785,4.3702719668889785,19.09927706457566,-1.0,-1,1,
2026-01-20 01:00:00+00:00,week_004,2026-01-19 05:00:00+00:00,-2.732499999999998,-1.4327263306334626,-1.2997736693665356,1.2997736693665356,1.6894115915785481,-1.0,-1,1,
2026-01-20 02:00:00+00:00,week_004,2026-01-19 05:00:00+00:00,4.375,-0.4318175721413967,4.806817572141397,4.806817572141397,23.105495171847316,1.0,-1,1,
2026-01-20 03:00:00+00:00,week_004,2026-01-19 05:00:00+00:00,8.994999999999997,-1.2279726682452239,10.222972668245221,10.222972668245221,104.50917017568882,1.0,-1,1,
2026-01-20 04:00:00+00:00,week_004,2026-01-19 05:00:00+00:00,2.5174999999999983,-0.41856960082115224,2.9360696008211504,2.9360696008211504,8.62050470086607,1.0,-1,1,
2026-01-20 05:00:00+00:00,week_004,2026-01-19 05:00:00+00:00,-2.387499999999996,0.15821061865906566,-2.545710618659062,2.545710618659062,6.480642553953504,-1.0,1,1,
2026-01-20 06:00:00+00:00,week_004,2026-01-19 05:00:00+00:00,-4.079999999999998,1.103799758502582,-5.18379975850258,5.18379975850258,26.87177993625141,-1.0,1,1,
2026-01-20 07:00:00+00:00,week_004,2026-01-19 05:00:00+00:00,-2.289999999999999,3.446612698618836,-5.736612698618835,5.736612698618835,32.90872525395487,-1.0,1,1,
2026-01-20 08:00:00+00:00,week_004,2026-01-19 05:00:00+00:00,10.392499999999998,5.72104871391336,4.671451286086638,4.671451286086638,21.822457118280507,1.0,1,1,
2026-01-20 09:00:00+00:00,week_004,2026-01-19 05:00:00+00:00,18.6475,7.247373845647929,11.400126154352073,11.400126154352073,129.96287633514217,1.0,1,1,
2026-01-20 10:00:00+00:00,week_004,2026-01-19 05:00:00+00:00,18.0875,5.846986838033908,12.24051316196609,12.24051316196609,149.8301624682651,1.0,1,1,
2026-01-20 11:00:00+00:00,week_004,2026-01-19 05:00:00+00:00,4.909999999999997,9.512013749249466,-4.602013749249469,4.602013749249469,21.178530548281156,1.0,1,1,
2026-01-20 12:00:00+00:00,week_004,2026-01-19 05:00:00+00:00,-6.325000000000003,9.446748178403078,-15.771748178403081,15.771748178403081,248.7480406029609,-1.0,1,1,
2026-01-20 13:00:00+00:00,week_004,2026-01-19 05:00:00+00:00,56.54250000000002,9.510486303360269,47.03201369663975,47.03201369663975,2212.010312360909,1.0,1,1,
2026-01-20 14:00:00+00:00,week_004,2026-01-19 05:00:00+00:00,132.3825,9.623893994269446,122.75860600573054,122.75860600573054,15069.675348470182,1.0,1,1,
2026-01-20 15:00:00+00:00,week_004,2026-01-19 05:00:00+00:00,-2.075,3.7919585481221816,-5.866958548122182,5.866958548122182,34.42120260538394,-1.0,1,1,
2026-01-20 16:00:00+00:00,week_004,2026-01-19 05:00:00+00:00,0.1100000000000029,1.7322738607950428,-1.6222738607950398,1.6222738607950398,2.631772479418844,1.0,1,1,
2026-01-20 17:00:00+00:00,week_004,2026-01-19 05:00:00+00:00,0.4224999999999994,0.11229287537220126,0.3102071246277981,0.3102071246277981,0.09622846016984626,1.0,1,1,
2026-01-20 18:00:00+00:00,week_004,2026-01-19 05:00:00+00:00,1.0650000000000013,-0.6014130847388757,1.666413084738877,1.666413084738877,2.7769325689889395,1.0,-1,1,
2026-01-20 19:00:00+00:00,week_004,2026-01-19 05:00:00+00:00,3.1750000000000007,-0.4871371907899462,3.662137190789947,3.662137190789947,13.411248804166885,1.0,-1,1,
2026-01-20 20:00:00+00:00,week_004,2026-01-19 05:00:00+00:00,4.064999999999998,0.4199174405179316,3.645082559482066,3.645082559482066,13.28662686544033,1.0,1,1,
2026-01-20 21:00:00+00:00,week_004,2026-01-19 05:00:00+00:00,4.487500000000001,0.4199174405179316,4.067582559482069,4.067582559482069,16.545227878202702,1.0,1,1,
2026-01-20 22:00:00+00:00,week_004,2026-01-19 05:00:00+00:00,3.3374999999999986,0.5820545383751063,2.755445461624892,2.755445461624892,7.592479691989214,1.0,1,1,
2026-01-20 23:00:00+00:00,week_004,2026-01-19 05:00:00+00:00,2.0474999999999994,-0.3540441290630852,2.4015441290630846,2.4015441290630846,5.76741420383737,1.0,-1,1,
2026-01-21 00:00:00+00:00,week_004,2026-01-19 05:00:00+00:00,2.302500000000002,-0.3540441290630852,2.656544129063087,2.656544129063087,7.057226709659556,1.0,-1,1,
2026-01-21 01:00:00+00:00,week_004,2026-01-19 05:00:00+00:00,-1.0549999999999995,-0.3250000929327714,-0.7299999070672281,0.7299999070672281,0.5328998643181616,-1.0,-1,1,
2026-01-21 02:00:00+00:00,week_004,2026-01-19 05:00:00+00:00,-2.2575000000000003,-0.3250000929327714,-1.9324999070672289,1.9324999070672289,3.734555890814848,-1.0,-1,1,
2026-01-21 03:00:00+00:00,week_004,2026-01-19 05:00:00+00:00,-3.965,-0.22700179541033177,-3.737998204589668,3.737998204589668,13.97263057751558,-1.0,-1,1,
2026-01-21 04:00:00+00:00,week_004,2026-01-19 05:00:00+00:00,-4.2575,-0.2769539451812729,-3.9805460548187273,3.9805460548187273,15.844746894532934,-1.0,-1,1,
2026-01-21 05:00:00+00:00,week_004,2026-01-19 05:00:00+00:00,-4.7875,-0.22700179541033177,-4.560498204589668,4.560498204589668,20.798143874065584,-1.0,-1,1,
2026-01-21 06:00:00+00:00,week_004,2026-01-19 05:00:00+00:00,-2.827500000000001,-0.16326367045314238,-2.6642363295468585,2.6642363295468585,7.0981552196773166,-1.0,-1,1,
2026-01-21 07:00:00+00:00,week_004,2026-01-19 05:00:00+00:00,-3.75,-0.16326367045314238,-3.5867363295468575,3.5867363295468575,12.864677497691263,-1.0,-1,1,
2026-01-21 08:00:00+00:00,week_004,2026-01-19 05:00:00+00:00,-3.542499999999998,-0.16326367045314238,-3.3792363295468557,3.3792363295468557,11.419238170929306,-1.0,-1,1,
2026-01-21 09:00:00+00:00,week_004,2026-01-19 05:00:00+00:00,-3.120000000000001,-0.16326367045314238,-2.9567363295468585,2.9567363295468585,8.742289722462228,-1.0,-1,1,
2026-01-21 10:00:00+00:00,week_004,2026-01-19 05:00:00+00:00,-2.897500000000001,-0.16326367045314238,-2.7342363295468584,2.7342363295468584,7.476048305813876,-1.0,-1,1,
2026-01-21 11:00:00+00:00,week_004,2026-01-19 05:00:00+00:00,-2.142500000000002,1.3817555355525217,-3.5242555355525234,3.5242555355525234,12.420377079872603,-1.0,1,1,
2026-01-21 12:00:00+00:00,week_004,2026-01-19 05:00:00+00:00,-2.9224999999999994,3.4629698725193294,-6.385469872519328,6.385469872519328,40.77422549285201,-1.0,1,1,
2026-01-21 13:00:00+00:00,week_004,2026-01-19 05:00:00+00:00,-7.012500000000003,3.02714011198419,-10.039640111984193,10.039640111984193,100.79437357816198,-1.0,1,1,
2026-01-21 14:00:00+00:00,week_004,2026-01-19 05:00:00+00:00,-9.002499999999998,1.3191981107994715,-10.321698110799469,10.321698110799469,106.53745189048132,-1.0,1,1,
2026-01-21 15:00:00+00:00,week_004,2026-01-19 05:00:00+00:00,-5.7225,1.151569734734902,-6.874069734734903,6.874069734734903,47.252834717998375,-1.0,1,1,
2026-01-21 16:00:00+00:00,week_004,2026-01-19 05:00:00+00:00,-5.362500000000001,-0.10629187760899181,-5.256208122391009,5.256208122391009,27.62772382588922,-1.0,-1,1,
2026-01-21 17:00:00+00:00,week_004,2026-01-19 05:00:00+00:00,-4.299999999999997,-0.058245729857493315,-4.241754270142504,4.241754270142504,17.99247928827217,-1.0,-1,1,
2026-01-21 18:00:00+00:00,week_004,2026-01-19 05:00:00+00:00,-4.699999999999999,-0.261261967975582,-4.438738032024418,4.438738032024418,19.70239531694,-1.0,-1,1,
2026-01-21 19:00:00+00:00,week_004,2026-01-19 05:00:00+00:00,-7.689999999999999,-0.4233990658327568,-7.266600934167242,7.266600934167242,52.80348913644023,-1.0,-1,1,
2026-01-21 20:00:00+00:00,week_004,2026-01-19 05:00:00+00:00,-5.825000000000001,-0.4233990658327568,-5.401600934167244,5.401600934167244,29.177292651996446,-1.0,-1,1,
2026-01-21 21:00:00+00:00,week_004,2026-01-19 05:00:00+00:00,-6.362500000000001,-1.3689882056762732,-4.9935117943237275,4.9935117943237275,24.93516004005017,-1.0,-1,1,
2026-01-21 22:00:00+00:00,week_004,2026-01-19 05:00:00+00:00,-5.047499999999999,-1.3980322418065871,-3.6494677581934125,3.6494677581934125,13.318614918093251,-1.0,-1,1,
2026-01-21 23:00:00+00:00,week_004,2026-01-19 05:00:00+00:00,-1.75,-1.3980322418065871,-0.35196775819341286,0.35196775819341286,0.12388130280769674,-1.0,-1,1,
2026-01-22 00:00:00+00:00,week_004,2026-01-19 05:00:00+00:00,-4.064999999999998,-0.45583387101077916,-3.6091661289892185,3.6091661289892185,13.02608014664302,-1.0,-1,1,
2026-01-22 01:00:00+00:00,week_004,2026-01-19 05:00:00+00:00,-4.989999999999995,-0.3589623439999909,-4.631037656000004,4.631037656000004,21.44650977129001,-1.0,-1,1,
2026-01-22 02:00:00+00:00,week_004,2026-01-19 05:00:00+00:00,-6.475000000000001,-0.3589623439999909,-6.11603765600001,6.11603765600001,37.4059166096101,-1.0,-1,1,
2026-01-22 03:00:00+00:00,week_004,2026-01-19 05:00:00+00:00,-3.424999999999997,0.5866267958435248,-4.011626795843522,4.011626795843522,16.093149549129766,-1.0,1,1,
2026-01-22 04:00:00+00:00,week_004,2026-01-19 05:00:00+00:00,-4.6875,0.48975526883273673,-5.177255268832737,5.177255268832737,26.803972118656336,-1.0,1,1,
2026-01-22 05:00:00+00:00,week_004,2026-01-19 05:00:00+00:00,-2.6575000000000024,-0.144945988610414,-2.5125540113895886,2.5125540113895886,6.312927660149913,-1.0,-1,1,
2026-01-22 06:00:00+00:00,week_004,2026-01-19 05:00:00+00:00,0.2250000000000014,-0.42678983488046535,0.6517898348804667,0.6517898348804667,0.42482998885350604,1.0,-1,1,
2026-01-22 07:00:00+00:00,week_004,2026-01-19 05:00:00+00:00,0.8674999999999997,1.227797463146073,-0.36029746314607336,0.36029746314607336,0.12981426194949608,1.0,1,1,
2026-01-22 08:00:00+00:00,week_004,2026-01-19 05:00:00+00:00,1.0074999999999967,1.227797463146073,-0.22029746314607634,0.22029746314607634,0.048530972268596866,1.0,1,1,
2026-01-22 09:00:00+00:00,week_004,2026-01-19 05:00:00+00:00,-0.3300000000000018,2.766421777864578,-3.0964217778645797,3.0964217778645797,9.587827826434046,-1.0,1,1,
2026-01-22 10:00:00+00:00,week_004,2026-01-19 05:00:00+00:00,1.360000000000003,2.766421777864578,-1.406421777864575,1.406421777864575,1.9780222172517516,1.0,1,1,
2026-01-22 11:00:00+00:00,week_004,2026-01-19 05:00:00+00:00,2.012499999999996,3.8072013849228226,-1.7947013849228264,1.7947013849228264,3.220953061043911,1.0,1,1,
2026-01-22 12:00:00+00:00,week_004,2026-01-19 05:00:00+00:00,-3.2875000000000014,3.8072013849228226,-7.094701384922824,7.094701384922824,50.33478774122584,-1.0,1,1,
2026-01-22 13:00:00+00:00,week_004,2026-01-19 05:00:00+00:00,-10.6875,4.017384630531495,-14.704884630531495,14.704884630531495,216.2336319972414,-1.0,1,1,
2026-01-22 14:00:00+00:00,week_004,2026-01-19 05:00:00+00:00,-3.0900000000000034,2.8616122450793076,-5.9516122450793105,5.9516122450793105,35.42168831577799,-1.0,1,1,
2026-01-22 15:00:00+00:00,week_004,2026-01-19 05:00:00+00:00,7.440000000000001,3.078721788721062,4.36127821127894,4.36127821127894,19.020747636176427,1.0,1,1,
2026-01-22 16:00:00+00:00,week_004,2026-01-19 05:00:00+00:00,3.035,3.12513840950663,-0.09013840950662999,0.09013840950662999,0.008124932868384924,1.0,1,1,
2026-01-22 17:00:00+00:00,week_004,2026-01-19 05:00:00+00:00,1.707499999999996,-0.16326367045314238,1.8707636704531385,1.8707636704531385,3.499756710687299,1.0,-1,1,
2026-01-22 18:00:00+00:00,week_004,2026-01-19 05:00:00+00:00,3.5600000000000023,-0.0987787615534394,3.6587787615534415,3.6587787615534415,13.386662025994536,1.0,-1,1,
2026-01-22 19:00:00+00:00,week_004,2026-01-19 05:00:00+00:00,8.1525,1.4462404444522245,6.706259555547775,6.706259555547775,44.97391722637584,1.0,1,1,
2026-01-22 20:00:00+00:00,week_004,2026-01-19 05:00:00+00:00,10.9225,-0.16326367045314238,11.085763670453142,11.085763670453142,122.89415615713872,1.0,-1,1,
2026-01-22 21:00:00+00:00,week_004,2026-01-19 05:00:00+00:00,14.362499999999995,1.3817555355525217,12.980744464447474,12.980744464447474,168.49972685128373,1.0,1,1,
2026-01-22 22:00:00+00:00,week_004,2026-01-19 05:00:00+00:00,24.8175,1.3817555355525217,23.435744464447477,23.435744464447477,549.2341186028806,1.0,1,1,
2026-01-22 23:00:00+00:00,week_004,2026-01-19 05:00:00+00:00,16.525,1.3817555355525217,15.143244464447477,15.143244464447477,229.31785291001916,1.0,1,1,
2026-01-23 00:00:00+00:00,week_004,2026-01-19 05:00:00+00:00,23.32,0.6873312941073874,22.632668705892613,22.632668705892613,512.2376927506908,1.0,1,1,
2026-01-23 01:00:00+00:00,week_004,2026-01-19 05:00:00+00:00,14.590000000000003,-0.11889408497132598,14.708894084971329,14.708894084971329,216.35156520290454,1.0,-1,1,
2026-01-23 02:00:00+00:00,week_004,2026-01-19 05:00:00+00:00,6.877500000000001,-0.0987787615534394,6.9762787615534405,6.9762787615534405,48.66846535890161,1.0,-1,1,
2026-01-23 03:00:00+00:00,week_004,2026-01-19 05:00:00+00:00,5.032499999999999,-0.0987787615534394,5.131278761553438,5.131278761553438,26.330021728769385,1.0,-1,1,
2026-01-23 04:00:00+00:00,week_004,2026-01-19 05:00:00+00:00,3.544999999999998,-0.0987787615534394,3.6437787615534374,3.6437787615534374,13.277123663147902,1.0,-1,1,
2026-01-23 05:00:00+00:00,week_004,2026-01-19 05:00:00+00:00,7.762499999999996,1.4849287362862358,6.27757126371376,6.27757126371376,39.40790097100478,1.0,1,1,
2026-01-23 06:00:00+00:00,week_004,2026-01-19 05:00:00+00:00,2.1899999999999977,3.1070709232908653,-0.9170709232908676,0.9170709232908676,0.8410190783455643,1.0,1,1,
2026-01-23 07:00:00+00:00,week_004,2026-01-19 05:00:00+00:00,-1.230000000000004,0.10409005401378277,-1.3340900540137868,1.3340900540137868,1.7797962722185086,-1.0,1,1,
2026-01-23 08:00:00+00:00,week_004,2026-01-19 05:00:00+00:00,-2.782499999999996,-0.018847950246764507,-2.7636520497532318,2.7636520497532318,7.637772652105239,-1.0,-1,1,
2026-01-23 09:00:00+00:00,week_004,2026-01-19 05:00:00+00:00,2.18,-0.018847950246764507,2.1988479502467646,2.1988479502467646,4.834932308304398,1.0,-1,1,
2026-01-23 10:00:00+00:00,week_004,2026-01-19 05:00:00+00:00,4.467500000000001,-0.018847950246764507,4.486347950246766,4.486347950246766,20.127317930683358,1.0,-1,1,
2026-01-23 11:00:00+00:00,week_004,2026-01-19 05:00:00+00:00,8.127499999999998,-0.018847950246764507,8.146347950246762,8.146347950246762,66.36298492648962,1.0,-1,1,
2026-01-23 12:00:00+00:00,week_004,2026-01-19 05:00:00+00:00,3.855000000000004,0.07163723122012236,3.7833627687798814,3.7833627687798814,14.313833840189771,1.0,1,1,
2026-01-23 13:00:00+00:00,week_004,2026-01-19 05:00:00+00:00,0.9375,0.07163723122012236,0.8658627687798777,0.8658627687798777,0.7497183343591559,1.0,1,1,
2026-01-23 14:00:00+00:00,week_004,2026-01-19 05:00:00+00:00,-11.357500000000002,0.07163723122012236,-11.429137231220125,11.429137231220125,130.62517785006202,-1.0,1,1,
2026-01-23 15:00:00+00:00,week_004,2026-01-19 05:00:00+00:00,-23.620000000000005,0.23025247765729606,-23.8502524776573,23.8502524776573,568.8345432479981,-1.0,1,1,
2026-01-23 16:00:00+00:00,week_004,2026-01-19 05:00:00+00:00,-16.2975,0.1560008859989857,-16.453500885998984,16.453500885998984,270.7176914055694,-1.0,1,1,
2026-01-23 17:00:00+00:00,week_004,2026-01-19 05:00:00+00:00,-18.9475,0.1560008859989857,-19.103500885998987,19.103500885998987,364.94374610136407,-1.0,1,1,
2026-01-23 18:00:00+00:00,week_004,2026-01-19 05:00:00+00:00,-25.4825,0.06551570453209885,-25.5480157045321,25.5480157045321,652.7011064390189,-1.0,1,1,
2026-01-23 19:00:00+00:00,week_004,2026-01-19 05:00:00+00:00,-35.86,0.07163723122012236,-35.93163723122012,35.93163723122012,1291.082554116004,-1.0,1,1,
2026-01-23 20:00:00+00:00,week_004,2026-01-19 05:00:00+00:00,-37.9225,0.07163723122012236,-37.99413723122012,37.99413723122012,1443.5544639447871,-1.0,1,1,
2026-01-23 21:00:00+00:00,week_004,2026-01-19 05:00:00+00:00,-36.2025,0.07163723122012236,-36.274137231220124,36.274137231220124,1315.81303186939,-1.0,1,1,
2026-01-23 22:00:00+00:00,week_004,2026-01-19 05:00:00+00:00,-37.39,0.07163723122012236,-37.461637231220124,37.461637231220124,1403.3742640435378,-1.0,1,1,
2026-01-23 23:00:00+00:00,week_004,2026-01-19 05:00:00+00:00,-15.412499999999998,0.9682086692485375,-16.380708669248534,16.380708669248534,268.3276165067941,-1.0,1,1,
2026-01-24 00:00:00+00:00,week_004,2026-01-19 05:00:00+00:00,-5.787499999999994,0.9682086692485375,-6.7557086692485315,6.7557086692485315,45.639599623759764,-1.0,1,1,
2026-01-24 01:00:00+00:00,week_004,2026-01-19 05:00:00+00:00,-12.45,1.6567407427088465,-14.106740742708846,14.106740742708846,199.00013438200173,-1.0,1,1,
2026-01-24 02:00:00+00:00,week_004,2026-01-19 05:00:00+00:00,-14.6475,4.760891711743417,-19.40839171174342,19.40839171174342,376.68566883647065,-1.0,1,1,
2026-01-24 03:00:00+00:00,week_004,2026-01-19 05:00:00+00:00,-15.412499999999998,4.760891711743417,-20.173391711743413,20.173391711743413,406.9657331554378,-1.0,1,1,
2026-01-24 04:00:00+00:00,week_004,2026-01-19 05:00:00+00:00,-16.200000000000003,4.835143303401727,-21.035143303401732,21.035143303401732,442.47725379464674,-1.0,1,1,
2026-01-24 05:00:00+00:00,week_004,2026-01-19 05:00:00+00:00,-17.6175,4.86513357678655,-22.48263357678655,22.48263357678655,505.46881254805004,-1.0,1,1,
2026-01-24 06:00:00+00:00,week_004,2026-01-19 05:00:00+00:00,-20.6675,4.86513357678655,-25.53263357678655,25.53263357678655,651.915377366448,-1.0,1,1,
2026-01-24 07:00:00+00:00,week_004,2026-01-19 05:00:00+00:00,-24.08,4.86513357678655,-28.94513357678655,28.94513357678655,837.8207577780161,-1.0,1,1,
2026-01-24 08:00:00+00:00,week_004,2026-01-19 05:00:00+00:00,-23.245,4.86513357678655,-28.110133576786552,28.110133576786552,790.1796097047827,-1.0,1,1,
2026-01-24 09:00:00+00:00,week_004,2026-01-19 05:00:00+00:00,-25.7825,23.898358555005608,-49.68085855500561,49.68085855500561,2468.1877067624737,-1.0,1,1,
2026-01-24 10:00:00+00:00,week_004,2026-01-19 05:00:00+00:00,-26.8425,29.511954962576876,-56.35445496257688,56.35445496257688,3175.824594129106,-1.0,1,1,
2026-01-24 11:00:00+00:00,week_004,2026-01-19 05:00:00+00:00,-29.952500000000008,29.511954962576876,-59.46445496257688,59.46445496257688,3536.0214039963344,-1.0,1,1,
2026-01-24 12:00:00+00:00,week_004,2026-01-19 05:00:00+00:00,-26.410000000000004,32.74957917964783,-59.159579179647835,59.159579179647835,3499.855808713022,-1.0,1,1,
2026-01-24 13:00:00+00:00,week_004,2026-01-19 05:00:00+00:00,-25.80000000000001,32.846450706658615,-58.64645070665863,58.64645070665863,3439.40618048854,-1.0,1,1,
2026-01-24 14:00:00+00:00,week_004,2026-01-19 05:00:00+00:00,-49.0325,32.93081436143748,-81.96331436143748,81.96331436143748,6717.984901111824,-1.0,1,1,
2026-01-24 15:00:00+00:00,week_004,2026-01-19 05:00:00+00:00,-3.4399999999999977,32.93081436143748,-36.370814361437475,36.370814361437475,1322.8361373141465,-1.0,1,1,
2026-01-24 16:00:00+00:00,week_004,2026-01-19 05:00:00+00:00,3.4975000000000023,33.023145497996886,-29.525645497996884,29.525645497996884,871.7637420733837,1.0,1,1,
2026-01-24 17:00:00+00:00,week_004,2026-01-19 05:00:00+00:00,-5.284999999999997,34.43093414675076,-39.715934146750755,39.715934146750755,1577.3554251490425,-1.0,1,1,
2026-01-24 18:00:00+00:00,week_004,2026-01-19 05:00:00+00:00,22.352499999999992,34.43093414675076,-12.078434146750766,12.078434146750766,145.88857143739492,1.0,1,1,
2026-01-24 19:00:00+00:00,week_004,2026-01-19 05:00:00+00:00,17.42999999999998,34.43093414675076,-17.00093414675078,17.00093414675078,289.03176186215666,1.0,1,1,
2026-01-24 20:00:00+00:00,week_004,2026-01-19 05:00:00+00:00,62.25,34.43093414675076,27.819065853249242,27.819065853249242,773.900424947418,1.0,1,1,
2026-01-24 21:00:00+00:00,week_004,2026-01-19 05:00:00+00:00,12.405,34.43093414675076,-22.025934146750757,22.025934146750757,485.14177503700097,1.0,1,1,
2026-01-24 22:00:00+00:00,week_004,2026-01-19 05:00:00+00:00,43.204999999999984,34.43093414675076,8.774065853249226,8.774065853249226,76.98423159715406,1.0,1,1,
2026-01-24 23:00:00+00:00,week_004,2026-01-19 05:00:00+00:00,61.860000000000014,34.43093414675076,27.429065853249256,27.429065853249256,752.3536535818844,1.0,1,1,
2026-01-25 00:00:00+00:00,week_004,2026-01-19 05:00:00+00:00,-79.42249999999996,35.13676518077606,-114.55926518077601,114.55926518077601,13123.825238759358,-1.0,1,1,
2026-01-25 01:00:00+00:00,week_004,2026-01-19 05:00:00+00:00,-69.23750000000001,29.2388114214178,-98.47631142141782,98.47631142141782,9697.583911168065,-1.0,1,1,
2026-01-25 02:00:00+00:00,week_004,2026-01-19 05:00:00+00:00,-144.38,63.976296912766536,-208.35629691276654,208.35629691276654,43412.34646320093,-1.0,1,1,
2026-01-25 03:00:00+00:00,week_004,2026-01-19 05:00:00+00:00,-149.78000000000003,63.976296912766536,-213.75629691276657,213.75629691276657,45691.75446985882,-1.0,1,1,
2026-01-25 04:00:00+00:00,week_004,2026-01-19 05:00:00+00:00,-290.3325,63.976296912766536,-354.3087969127665,354.3087969127665,125534.72356977203,-1.0,1,1,
2026-01-25 05:00:00+00:00,week_004,2026-01-19 05:00:00+00:00,-208.7825,71.28203932087858,-280.06453932087857,280.06453932087857,78436.14618501594,-1.0,1,1,
2026-01-25 06:00:00+00:00,week_004,2026-01-19 05:00:00+00:00,-304.1275,69.29941953358812,-373.42691953358815,373.42691953358815,139447.66423234492,-1.0,1,1,
2026-01-25 07:00:00+00:00,week_004,2026-01-19 05:00:00+00:00,-322.33000000000004,49.549816587283225,-371.87981658728324,371.87981658728324,138294.59798499141,-1.0,1,1,
2026-01-25 08:00:00+00:00,week_004,2026-01-19 05:00:00+00:00,-290.3925,49.549816587283225,-339.9423165872832,339.9423165872832,115560.77860672867,-1.0,1,1,
2026-01-25 09:00:00+00:00,week_004,2026-01-19 05:00:00+00:00,-321.3125,47.36634189331933,-368.6788418933193,368.6788418933193,135924.08845979915,-1.0,1,1,
2026-01-25 10:00:00+00:00,week_004,2026-01-19 05:00:00+00:00,-331.2125,47.8553658532442,-379.0678658532442,379.0678658532442,143692.44692253313,-1.0,1,1,
2026-01-25 11:00:00+00:00,week_004,2026-01-19 05:00:00+00:00,-435.615,35.80412856823706,-471.41912856823706,471.41912856823706,222235.994780036,-1.0,1,1,
2026-01-25 12:00:00+00:00,week_004,2026-01-19 05:00:00+00:00,-199.43,-54.19604456279943,-145.23395543720056,145.23395543720056,21092.90181193476,-1.0,-1,1,
2026-01-25 13:00:00+00:00,week_004,2026-01-19 05:00:00+00:00,-219.005,-80.85844826900686,-138.14655173099314,138.14655173099314,19084.469755163962,-1.0,-1,1,
2026-01-25 14:00:00+00:00,week_004,2026-01-19 05:00:00+00:00,-301.0375,-107.80074790847505,-193.23675209152498,193.23675209152498,37340.44235888148,-1.0,-1,1,
2026-01-25 15:00:00+00:00,week_004,2026-01-19 05:00:00+00:00,-367.59,-153.79263014895307,-213.7973698510469,213.7973698510469,45709.31535522534,-1.0,-1,1,
2026-01-25 16:00:00+00:00,week_004,2026-01-19 05:00:00+00:00,-643.7225000000001,-160.19738839900367,-483.5251116009964,483.5251116009964,233796.53354875604,-1.0,-1,1,
2026-01-25 17:00:00+00:00,week_004,2026-01-19 05:00:00+00:00,-413.81750000000005,8.302709934837637,-422.1202099348377,422.1202099348377,178185.47163543146,-1.0,1,1,
2026-01-25 18:00:00+00:00,week_004,2026-01-19 05:00:00+00:00,-333.7575,45.89929829269437,-379.65679829269436,379.65679829269436,144139.28448985962,-1.0,1,1,
2026-01-25 19:00:00+00:00,week_004,2026-01-19 05:00:00+00:00,-341.07,46.5337654166263,-387.6037654166263,387.6037654166263,150236.67896514706,-1.0,1,1,
2026-01-25 20:00:00+00:00,week_004,2026-01-19 05:00:00+00:00,-295.0925,21.001883797575903,-316.09438379757586,316.09438379757586,99915.65946836918,-1.0,1,1,
2026-01-25 21:00:00+00:00,week_004,2026-01-19 05:00:00+00:00,-179.06250000000003,21.62586700392026,-200.6883670039203,200.6883670039203,40275.8206507002,-1.0,1,1,
2026-01-25 22:00:00+00:00,week_004,2026-01-19 05:00:00+00:00,-170.90249999999995,13.03367560857758,-183.9361756085775,183.9361756085775,33832.51669750947,-1.0,1,1,
2026-01-25 23:00:00+00:00,week_004,2026-01-19 05:00:00+00:00,-359.7125,-6.68674948615514,-353.02575051384486,353.02575051384486,124627.18052586343,-1.0,-1,1,
2026-01-26 00:00:00+00:00,week_004,2026-01-19 05:00:00+00:00,-116.1875,-127.52793052779127,11.34043052779127,11.34043052779127,128.60536455566017,-1.0,-1,1,
2026-01-26 01:00:00+00:00,week_004,2026-01-19 05:00:00+00:00,-236.6875,-162.61009346347726,-74.07740653652274,74.07740653652274,5487.462159177263,-1.0,-1,1,
2026-01-26 02:00:00+00:00,week_004,2026-01-19 05:00:00+00:00,-341.4174999999999,-184.64868541349637,-156.76881458650354,156.76881458650354,24576.461226857526,-1.0,-1,1,
2026-01-26 03:00:00+00:00,week_004,2026-01-19 05:00:00+00:00,-210.32000000000005,-185.1450554429971,-25.17494455700296,25.17494455700296,633.7778334481729,-1.0,-1,1,
2026-01-26 04:00:00+00:00,week_004,2026-01-19 05:00:00+00:00,-972.605,-264.36571622244577,-708.2392837775542,708.2392837775542,501602.88308574294,-1.0,-1,1,
2026-01-26 05:00:00+00:00,week_004,2026-01-19 05:00:00+00:00,-1038.005,-251.57282344218885,-786.4321765578113,786.4321765578113,618475.5683254565,-1.0,-1,1,
2026-01-26 06:00:00+00:00,week_005,2026-01-26 05:00:00+00:00,-835.91,-581.8862569817043,-254.0237430182957,254.0237430182957,64528.062017025135,-1.0,-1,1,
2026-01-26 07:00:00+00:00,week_005,2026-01-26 05:00:00+00:00,-548.905,-614.3632061602418,65.45820616024184,65.45820616024184,4284.776753716723,-1.0,-1,1,
2026-01-26 08:00:00+00:00,week_005,2026-01-26 05:00:00+00:00,-759.1950000000002,-563.9049557753676,-195.29004422463254,195.29004422463254,38138.20137325893,-1.0,-1,1,
2026-01-26 09:00:00+00:00,week_005,2026-01-26 05:00:00+00:00,-826.8525000000001,-579.1891468355526,-247.66335316444747,247.66335316444747,61337.136500657834,-1.0,-1,1,
2026-01-26 10:00:00+00:00,week_005,2026-01-26 05:00:00+00:00,-940.6125,-567.6836661702154,-372.9288338297846,372.9288338297846,139075.9151016431,-1.0,-1,1,
2026-01-26 11:00:00+00:00,week_005,2026-01-26 05:00:00+00:00,-1564.3425000000002,-570.3063483675872,-994.036151632413,994.036151632413,988107.8707521774,-1.0,-1,1,
2026-01-26 12:00:00+00:00,week_005,2026-01-26 05:00:00+00:00,-1380.765,-562.1905555312595,-818.5744444687406,818.5744444687406,670064.1211373073,-1.0,-1,1,
2026-01-26 13:00:00+00:00,week_005,2026-01-26 05:00:00+00:00,-1592.1774999999998,-562.5565193394253,-1029.6209806605743,1029.6209806605743,1060119.363816443,-1.0,-1,1,
2026-01-26 14:00:00+00:00,week_005,2026-01-26 05:00:00+00:00,-1419.185,-296.20237920729556,-1122.9826207927044,1122.9826207927044,1261089.966602451,-1.0,-1,1,
2026-01-26 15:00:00+00:00,week_005,2026-01-26 05:00:00+00:00,-360.7075,-292.0711570519905,-68.63634294800949,68.63634294800949,4710.947573276771,-1.0,-1,1,
2026-01-26 16:00:00+00:00,week_005,2026-01-26 05:00:00+00:00,-129.5925,-228.3586953664583,98.7661953664583,98.7661953664583,9754.76134716541,-1.0,-1,1,
2026-01-26 17:00:00+00:00,week_005,2026-01-26 05:00:00+00:00,-96.9675,-115.92058412421693,18.95308412421693,18.95308412421693,359.2193978196438,-1.0,-1,1,
2026-01-26 18:00:00+00:00,week_005,2026-01-26 05:00:00+00:00,-131.6375,-120.34948682733011,-11.288013172669878,11.288013172669878,127.41924138636868,-1.0,-1,1,
2026-01-26 19:00:00+00:00,week_005,2026-01-26 05:00:00+00:00,-141.8125,-125.25684788011101,-16.55565211988899,16.55565211988899,274.0896171147848,-1.0,-1,1,
2026-01-26 20:00:00+00:00,week_005,2026-01-26 05:00:00+00:00,-116.16,-113.22058538217908,-2.9394146178209155,2.9394146178209155,8.640158295459278,-1.0,-1,1,
2026-01-26 21:00:00+00:00,week_005,2026-01-26 05:00:00+00:00,-116.3475,-106.67299579484964,-9.674504205150356,9.674504205150356,93.59603161547192,-1.0,-1,1,
2026-01-26 22:00:00+00:00,week_005,2026-01-26 05:00:00+00:00,-76.965,-47.122314479005,-29.842685520995005,29.842685520995005,890.5858791050049,-1.0,-1,1,
2026-01-26 23:00:00+00:00,week_005,2026-01-26 05:00:00+00:00,-109.08249999999998,-30.99857225946805,-78.08392774053193,78.08392774053193,6097.099771388613,-1.0,-1,1,
2026-01-27 00:00:00+00:00,week_005,2026-01-26 05:00:00+00:00,-189.125,-71.25924548600042,-117.86575451399958,117.86575451399958,13892.336087154412,-1.0,-1,1,
2026-01-27 01:00:00+00:00,week_005,2026-01-26 05:00:00+00:00,-184.96750000000003,-213.6442121290565,28.676712129056483,28.676712129056483,822.3538185327752,-1.0,-1,1,
2026-01-27 02:00:00+00:00,week_005,2026-01-26 05:00:00+00:00,-242.8175,-208.41984631046282,-34.39765368953718,34.39765368953718,1183.1985793453307,-1.0,-1,1,
2026-01-27 03:00:00+00:00,week_005,2026-01-26 05:00:00+00:00,-294.46000000000004,-206.2847230627345,-88.17527693726552,88.17527693726552,7774.879462963469,-1.0,-1,1,
2026-01-27 04:00:00+00:00,week_005,2026-01-26 05:00:00+00:00,-383.335,-129.95946987384886,-253.37553012615112,253.37553012615112,64199.15926670811,-1.0,-1,1,
2026-01-27 05:00:00+00:00,week_005,2026-01-26 05:00:00+00:00,-194.3725,-113.11649274424121,-81.25600725575879,81.25600725575879,6602.538715147925,-1.0,-1,1,
2026-01-27 06:00:00+00:00,week_005,2026-01-26 05:00:00+00:00,-41.68999999999998,-102.65283653656967,60.96283653656968,60.96283653656968,3716.4674385845155,-1.0,-1,1,
2026-01-27 07:00:00+00:00,week_005,2026-01-26 05:00:00+00:00,-32.79499999999999,-20.39698600597211,-12.398013994027878,12.398013994027878,153.71075099611107,-1.0,-1,1,
2026-01-27 08:00:00+00:00,week_005,2026-01-26 05:00:00+00:00,-46.42749999999998,-20.952804833694692,-25.47469516630529,25.47469516630529,648.9600938161781,-1.0,-1,1,
2026-01-27 09:00:00+00:00,week_005,2026-01-26 05:00:00+00:00,-70.435,-9.383529402166166,-61.051470597833834,61.051470597833834,3727.282062158169,-1.0,-1,1,
2026-01-27 10:00:00+00:00,week_005,2026-01-26 05:00:00+00:00,-73.70000000000002,-7.918429452803498,-65.78157054719652,65.78157054719652,4327.215023655793,-1.0,-1,1,
2026-01-27 11:00:00+00:00,week_005,2026-01-26 05:00:00+00:00,-176.67999999999998,-41.09515899165904,-135.58484100834093,135.58484100834093,18383.24911125709,-1.0,-1,1,
2026-01-27 12:00:00+00:00,week_005,2026-01-26 05:00:00+00:00,-110.5575,-100.09585975334805,-10.461640246651953,10.461640246651953,109.44591665036793,-1.0,-1,1,
2026-01-27 13:00:00+00:00,week_005,2026-01-26 05:00:00+00:00,-173.3875,-145.27562781480302,-28.111872185196972,28.111872185196972,790.2773577568512,-1.0,-1,1,
2026-01-27 14:00:00+00:00,week_005,2026-01-26 05:00:00+00:00,-104.5775,-119.31112318516777,14.733623185167772,14.733623185167772,217.07965216251333,-1.0,-1,1,
2026-01-27 15:00:00+00:00,week_005,2026-01-26 05:00:00+00:00,-72.79249999999999,-78.11297859302773,5.320478593027744,5.320478593027744,28.30749245886648,-1.0,-1,1,
2026-01-27 16:00:00+00:00,week_005,2026-01-26 05:00:00+00:00,-45.385000000000005,-64.92917817653348,19.544178176533478,19.544178176533478,381.9749005960875,-1.0,-1,1,
2026-01-27 17:00:00+00:00,week_005,2026-01-26 05:00:00+00:00,-38.80749999999999,-51.073594153728344,12.266094153728353,12.266094153728353,150.4570657881289,-1.0,-1,1,
2026-01-27 18:00:00+00:00,week_005,2026-01-26 05:00:00+00:00,2.344999999999999,-23.052101530198062,25.39710153019806,25.39710153019806,645.0127661351887,1.0,-1,1,
2026-01-27 19:00:00+00:00,week_005,2026-01-26 05:00:00+00:00,27.98,-24.370398548424443,52.350398548424444,52.350398548424444,2740.56422817888,1.0,-1,1,
2026-01-27 20:00:00+00:00,week_005,2026-01-26 05:00:00+00:00,60.065000000000005,-21.20804865760379,81.2730486576038,81.2730486576038,6605.308438101234,1.0,-1,1,
2026-01-27 21:00:00+00:00,week_005,2026-01-26 05:00:00+00:00,75.7425,-17.16268460701029,92.9051846070103,92.9051846070103,8631.373326862664,1.0,-1,1,
2026-01-27 22:00:00+00:00,week_005,2026-01-26 05:00:00+00:00,25.47500000000001,-20.61359699979634,46.08859699979635,46.08859699979635,2124.1587734096374,1.0,-1,1,
2026-01-27 23:00:00+00:00,week_005,2026-01-26 05:00:00+00:00,41.0625,-10.673140553920565,51.73564055392056,51.73564055392056,2676.57650352447,1.0,-1,1,
2026-01-28 00:00:00+00:00,week_005,2026-01-26 05:00:00+00:00,43.5325,-8.42156654847861,51.95406654847861,51.95406654847861,2699.225030923744,1.0,-1,1,
2026-01-28 01:00:00+00:00,week_005,2026-01-26 05:00:00+00:00,28.655,-28.174882276213456,56.82988227621345,56.82988227621345,3229.63551952828,1.0,-1,1,
2026-01-28 02:00:00+00:00,week_005,2026-01-26 05:00:00+00:00,83.33000000000001,-28.766230856144773,112.09623085614479,112.09623085614479,12565.564972154107,1.0,-1,1,
2026-01-28 03:00:00+00:00,week_005,2026-01-26 05:00:00+00:00,78.35750000000002,-36.32138909278809,114.6788890927881,114.6788890927881,13151.247603555992,1.0,-1,1,
2026-01-28 04:00:00+00:00,week_005,2026-01-26 05:00:00+00:00,2.944999999999993,-28.388747500743634,31.333747500743627,31.333747500743627,981.8037324403575,1.0,-1,1,
2026-01-28 05:00:00+00:00,week_005,2026-01-26 05:00:00+00:00,44.025000000000006,-25.450411181037307,69.47541118103732,69.47541118103732,4826.832758774205,1.0,-1,1,
2026-01-28 06:00:00+00:00,week_005,2026-01-26 05:00:00+00:00,165.655,-18.15456977511148,183.80956977511147,183.80956977511147,33785.95794091157,1.0,-1,1,
2026-01-28 07:00:00+00:00,week_005,2026-01-26 05:00:00+00:00,188.27000000000004,-10.39435964506713,198.66435964506718,198.66435964506718,39467.5277931846,1.0,-1,1,
2026-01-28 08:00:00+00:00,week_005,2026-01-26 05:00:00+00:00,263.2075,-13.045419505516449,276.25291950551645,276.25291950551645,76315.67553532135,1.0,-1,1,
2026-01-28 09:00:00+00:00,week_005,2026-01-26 05:00:00+00:00,196.875,-10.296713130231383,207.17171313023138,207.17171313023138,42920.11872131489,1.0,-1,1,
2026-01-28 10:00:00+00:00,week_005,2026-01-26 05:00:00+00:00,157.6325,-7.775401236689959,165.40790123668995,165.40790123668995,27359.77379152658,1.0,-1,1,
2026-01-28 11:00:00+00:00,week_005,2026-01-26 05:00:00+00:00,227.3025,-19.217574114074853,246.52007411407487,246.52007411407487,60772.14694120897,1.0,-1,1,
2026-01-28 12:00:00+00:00,week_005,2026-01-26 05:00:00+00:00,461.99,-22.325415407015214,484.3154154070152,484.3154154070152,234561.4216008697,1.0,-1,1,
2026-01-28 13:00:00+00:00,week_005,2026-01-26 05:00:00+00:00,1234.4125,-38.7382475730187,1273.1507475730186,1273.1507475730186,1620912.8260457362,1.0,-1,1,
2026-01-28 14:00:00+00:00,week_005,2026-01-26 05:00:00+00:00,56.64,-60.08394541145712,116.72394541145712,116.72394541145712,13624.479432416822,1.0,-1,1,
2026-01-28 15:00:00+00:00,week_005,2026-01-26 05:00:00+00:00,-11.474999999999994,-23.179719354014516,11.704719354014522,11.704719354014522,137.0004551562421,-1.0,-1,1,
2026-01-28 16:00:00+00:00,week_005,2026-01-26 05:00:00+00:00,17.814999999999998,-12.678196455955176,30.49319645595517,30.49319645595517,929.8350301014771,1.0,-1,1,
2026-01-28 17:00:00+00:00,week_005,2026-01-26 05:00:00+00:00,15.5,-12.004487556893322,27.504487556893324,27.504487556893324,756.4968357672997,1.0,-1,1,
2026-01-28 18:00:00+00:00,week_005,2026-01-26 05:00:00+00:00,15.840000000000003,-11.84190776505588,27.681907765055882,27.681907765055882,766.2880175130612,1.0,-1,1,
2026-01-28 19:00:00+00:00,week_005,2026-01-26 05:00:00+00:00,17.700000000000003,-12.570103011419965,30.27010301141997,30.27010301141997,916.2791363219764,1.0,-1,1,
2026-01-28 20:00:00+00:00,week_005,2026-01-26 05:00:00+00:00,9.145,-17.05923241269383,26.20423241269383,26.20423241269383,686.6617963384739,1.0,-1,1,
2026-01-28 21:00:00+00:00,week_005,2026-01-26 05:00:00+00:00,7.739999999999998,-18.68404373495603,26.42404373495603,26.42404373495603,698.230087306869,1.0,-1,1,
2026-01-28 22:00:00+00:00,week_005,2026-01-26 05:00:00+00:00,4.542499999999997,-16.289221138117178,20.831721138117175,20.831721138117175,433.9606055762779,1.0,-1,1,
2026-01-28 23:00:00+00:00,week_005,2026-01-26 05:00:00+00:00,-3.1500000000000057,-12.869394196343643,9.719394196343638,9.719394196343638,94.46662354391839,-1.0,-1,1,
2026-01-29 00:00:00+00:00,week_005,2026-01-26 05:00:00+00:00,18.700000000000003,-13.587732847397357,32.28773284739736,32.28773284739736,1042.4976924249022,1.0,-1,1,
2026-01-29 01:00:00+00:00,week_005,2026-01-26 05:00:00+00:00,-2.904999999999994,-10.318839505763847,7.413839505763853,7.413839505763853,54.965016217224814,-1.0,-1,1,
2026-01-29 02:00:00+00:00,week_005,2026-01-26 05:00:00+00:00,-9.025,-7.810723658306579,-1.214276341693421,1.214276341693421,1.4744670339963577,-1.0,-1,1,
2026-01-29 03:00:00+00:00,week_005,2026-01-26 05:00:00+00:00,-12.845,-4.074594876276319,-8.77040512372368,8.77040512372368,76.92000603423858,-1.0,-1,1,
2026-01-29 04:00:00+00:00,week_005,2026-01-26 05:00:00+00:00,-29.58,-8.005424702770155,-21.574575297229842,21.574575297229842,465.4622992558401,-1.0,-1,1,
2026-01-29 05:00:00+00:00,week_005,2026-01-26 05:00:00+00:00,-32.095,-6.492916426433497,-25.602083573566503,25.602083573566503,655.4666833078837,-1.0,-1,1,
2026-01-29 06:00:00+00:00,week_005,2026-01-26 05:00:00+00:00,-10.8275,-9.13639296273163,-1.6911070372683703,1.6911070372683703,2.8598430114986053,-1.0,-1,1,
2026-01-29 07:00:00+00:00,week_005,2026-01-26 05:00:00+00:00,-11.374999999999996,-10.257241265494072,-1.1177587345059248,1.1177587345059248,1.2493845885642865,-1.0,-1,1,
2026-01-29 08:00:00+00:00,week_005,2026-01-26 05:00:00+00:00,-13.355,-9.247243989548942,-4.107756010451059,4.107756010451059,16.8736594413968,-1.0,-1,1,
2026-01-29 09:00:00+00:00,week_005,2026-01-26 05:00:00+00:00,-15.260000000000003,-9.199977631166579,-6.060022368833424,6.060022368833424,36.723871110761465,-1.0,-1,1,
2026-01-29 10:00:00+00:00,week_005,2026-01-26 05:00:00+00:00,-18.672500000000003,-10.257241265494072,-8.415258734505931,8.415258734505931,70.81657956867836,-1.0,-1,1,
2026-01-29 11:00:00+00:00,week_005,2026-01-26 05:00:00+00:00,-29.879999999999995,-10.257241265494072,-19.622758734505922,19.622758734505922,385.05266035262844,-1.0,-1,1,
2026-01-29 12:00:00+00:00,week_005,2026-01-26 05:00:00+00:00,-32.7925,-5.5217942800168265,-27.27070571998317,27.27070571998317,743.6913904659227,-1.0,-1,1,
2026-01-29 13:00:00+00:00,week_005,2026-01-26 05:00:00+00:00,-43.43,-4.448828930805161,-38.981171069194836,38.981171069194836,1519.5316979258325,-1.0,-1,1,
2026-01-29 14:00:00+00:00,week_005,2026-01-26 05:00:00+00:00,-27.7975,-1.577336730617566,-26.220163269382432,26.220163269382432,687.4969618730717,-1.0,-1,1,
2026-01-29 15:00:00+00:00,week_005,2026-01-26 05:00:00+00:00,-24.96,-4.20380763114446,-20.75619236885554,20.75619236885554,430.81952165293694,-1.0,-1,1,
2026-01-29 16:00:00+00:00,week_005,2026-01-26 05:00:00+00:00,-27.93,-3.489714600421412,-24.44028539957859,24.44028539957859,597.3275504128543,-1.0,-1,1,
2026-01-29 17:00:00+00:00,week_005,2026-01-26 05:00:00+00:00,-21.31,-3.5744771760646645,-17.735522823935334,17.735522823935334,314.54876983833117,-1.0,-1,1,
2026-01-29 18:00:00+00:00,week_005,2026-01-26 05:00:00+00:00,-17.4125,-3.317709804196797,-14.094790195803204,14.094790195803204,198.66311066371014,-1.0,-1,1,
2026-01-29 19:00:00+00:00,week_005,2026-01-26 05:00:00+00:00,-17.175,-3.697976754172971,-13.47702324582703,13.47702324582703,181.63015556856215,-1.0,-1,1,
2026-01-29 20:00:00+00:00,week_005,2026-01-26 05:00:00+00:00,-16.68,-3.697976754172971,-12.98202324582703,12.98202324582703,168.53292755519337,-1.0,-1,1,
2026-01-29 21:00:00+00:00,week_005,2026-01-26 05:00:00+00:00,-18.1725,-3.697976754172971,-14.47452324582703,14.47452324582703,209.51182319398706,-1.0,-1,1,
2026-01-29 22:00:00+00:00,week_005,2026-01-26 05:00:00+00:00,-23.3175,-3.697976754172971,-19.61952324582703,19.61952324582703,384.92569239354714,-1.0,-1,1,
2026-01-29 23:00:00+00:00,week_005,2026-01-26 05:00:00+00:00,3.180000000000007,-3.697976754172971,6.877976754172978,6.877976754172978,47.30656423094385,1.0,-1,1,
2026-01-30 00:00:00+00:00,week_005,2026-01-26 05:00:00+00:00,2.030000000000001,-5.511070128657447,7.541070128657448,7.541070128657448,56.867738685329655,1.0,-1,1,
2026-01-30 01:00:00+00:00,week_005,2026-01-26 05:00:00+00:00,-11.952500000000008,-7.989545827505764,-3.9629541724942436,3.9629541724942436,15.705005773289535,-1.0,-1,1,
2026-01-30 02:00:00+00:00,week_005,2026-01-26 05:00:00+00:00,-3.0700000000000003,-15.666384626138676,12.596384626138676,12.596384626138676,158.6689056496228,-1.0,-1,1,
2026-01-30 03:00:00+00:00,week_005,2026-01-26 05:00:00+00:00,4.515000000000001,-14.08205256335375,18.59705256335375,18.59705256335375,345.8503640441422,1.0,-1,1,
2026-01-30 04:00:00+00:00,week_005,2026-01-26 05:00:00+00:00,-21.05,-8.04112773428394,-13.008872265716061,13.008872265716061,169.2307576257165,-1.0,-1,1,
2026-01-30 05:00:00+00:00,week_005,2026-01-26 05:00:00+00:00,-34.14500000000001,-1.2232778693865933,-32.92172213061342,32.92172213061342,1083.8397880453213,-1.0,-1,1,
2026-01-30 06:00:00+00:00,week_005,2026-01-26 05:00:00+00:00,30.432500000000005,-0.3818121522358471,30.81431215223585,30.81431215223585,949.52183341543,1.0,-1,1,
2026-01-30 07:00:00+00:00,week_005,2026-01-26 05:00:00+00:00,42.41499999999999,-8.744487005682824,51.15948700568282,51.15948700568282,2617.2931106846295,1.0,-1,1,
2026-01-30 08:00:00+00:00,week_005,2026-01-26 05:00:00+00:00,32.94000000000001,-11.116402557211895,44.05640255721191,44.05640255721191,1940.9666062831081,1.0,-1,1,
2026-01-30 09:00:00+00:00,week_005,2026-01-26 05:00:00+00:00,-0.1099999999999994,-10.095631037306456,9.985631037306456,9.985631037306456,99.71282721321802,-1.0,-1,1,
2026-01-30 10:00:00+00:00,week_005,2026-01-26 05:00:00+00:00,-18.542500000000004,-17.988414646493908,-0.5540853535060961,0.5540853535060961,0.3070105789699755,-1.0,-1,1,
2026-01-30 11:00:00+00:00,week_005,2026-01-26 05:00:00+00:00,-29.352500000000006,-14.628776935078308,-14.723723064921698,14.723723064921698,216.7880208925072,-1.0,-1,1,
2026-01-30 12:00:00+00:00,week_005,2026-01-26 05:00:00+00:00,-22.055,-11.290372312566756,-10.764627687433244,10.764627687433244,115.87720924905439,-1.0,-1,1,
2026-01-30 13:00:00+00:00,week_005,2026-01-26 05:00:00+00:00,-64.67250000000001,-8.745358449845503,-55.92714155015451,55.92714155015451,3127.845161971019,-1.0,-1,1,
2026-01-30 14:00:00+00:00,week_005,2026-01-26 05:00:00+00:00,-5.310000000000002,5.172693798736079,-10.482693798736081,10.482693798736081,109.88686927805989,-1.0,1,1,
2026-01-30 15:00:00+00:00,week_005,2026-01-26 05:00:00+00:00,-1.6475000000000009,5.696347550859353,-7.343847550859354,7.343847550859354,53.93209685026293,-1.0,1,1,
2026-01-30 16:00:00+00:00,week_005,2026-01-26 05:00:00+00:00,0.5375000000000014,7.095830765371981,-6.55833076537198,6.55833076537198,43.01170242802462,1.0,1,1,
2026-01-30 17:00:00+00:00,week_005,2026-01-26 05:00:00+00:00,-3.2575000000000003,8.65809627926972,-11.915596279269721,11.915596279269721,141.98143469054642,-1.0,1,1,
2026-01-30 18:00:00+00:00,week_005,2026-01-26 05:00:00+00:00,-3.8649999999999984,4.154279303611791,-8.019279303611789,8.019279303611789,64.30884054933638,-1.0,1,1,
2026-01-30 19:00:00+00:00,week_005,2026-01-26 05:00:00+00:00,0.5174999999999983,4.571895656842513,-4.054395656842515,4.054395656842515,16.438124142223447,1.0,1,1,
2026-01-30 20:00:00+00:00,week_005,2026-01-26 05:00:00+00:00,7.0275,1.2122579454269236,5.815242054573076,5.815242054573076,33.81704015327529,1.0,1,1,
2026-01-30 21:00:00+00:00,week_005,2026-01-26 05:00:00+00:00,15.5,1.6615441102540909,13.838455889745909,13.838455889745909,191.50286141244322,1.0,1,1,
2026-01-30 22:00:00+00:00,week_005,2026-01-26 05:00:00+00:00,6.572500000000002,9.030653300760614,-2.4581533007606122,2.4581533007606122,6.042517650040293,1.0,1,1,
2026-01-30 23:00:00+00:00,week_005,2026-01-26 05:00:00+00:00,24.7575,9.030653300760614,15.726846699239386,15.726846699239386,247.33370710137677,1.0,1,1,
2026-01-31 00:00:00+00:00,week_005,2026-01-26 05:00:00+00:00,22.027500000000003,3.7142554904873033,18.3132445095127,18.3132445095127,335.374924465197,1.0,1,1,
2026-01-31 01:00:00+00:00,week_005,2026-01-26 05:00:00+00:00,22.045,3.7681885603422547,18.27681143965775,18.27681143965775,334.04183640080436,1.0,1,1,
2026-01-31 02:00:00+00:00,week_005,2026-01-26 05:00:00+00:00,12.357499999999987,-6.3582818230426525,18.71578182304264,18.71578182304264,350.28048924773327,1.0,-1,1,
2026-01-31 03:00:00+00:00,week_005,2026-01-26 05:00:00+00:00,15.382500000000007,-9.179398724592414,24.56189872459242,24.56189872459242,603.2868689571347,1.0,-1,1,
2026-01-31 04:00:00+00:00,week_005,2026-01-26 05:00:00+00:00,-2.0374999999999943,-15.696620730796727,13.659120730796733,13.659120730796733,186.57157913848107,-1.0,-1,1,
2026-01-31 05:00:00+00:00,week_005,2026-01-26 05:00:00+00:00,1.9525000000000008,-14.12220294717063,16.074702947170632,16.074702947170632,258.3960748397762,1.0,-1,1,
2026-01-31 06:00:00+00:00,week_005,2026-01-26 05:00:00+00:00,-19.7775,-11.106112050181938,-8.671387949818062,8.671387949818062,75.19296897624989,-1.0,-1,1,
2026-01-31 07:00:00+00:00,week_005,2026-01-26 05:00:00+00:00,-20.352500000000006,-10.02268212558208,-10.329817874417927,10.329817874417927,106.70513731864409,-1.0,-1,1,
2026-01-31 08:00:00+00:00,week_005,2026-01-26 05:00:00+00:00,-26.9975,-9.80774225927111,-17.189757740728886,17.189757740728886,295.48777118494866,-1.0,-1,1,
2026-01-31 09:00:00+00:00,week_005,2026-01-26 05:00:00+00:00,-28.512500000000003,-9.80774225927111,-18.704757740728894,18.704757740728894,349.8679621393575,-1.0,-1,1,
2026-01-31 10:00:00+00:00,week_005,2026-01-26 05:00:00+00:00,-33.4775,-11.47491040835037,-22.00258959164963,22.00258959164963,484.1139487385687,-1.0,-1,1,
2026-01-31 11:00:00+00:00,week_005,2026-01-26 05:00:00+00:00,-70.92500000000001,-11.965235008305253,-58.959764991694755,58.959764991694755,3476.253887875874,-1.0,-1,1,
2026-01-31 12:00:00+00:00,week_005,2026-01-26 05:00:00+00:00,-47.675,-9.889082210385316,-37.78591778961468,37.78591778961468,1427.775583203519,-1.0,-1,1,
2026-01-31 13:00:00+00:00,week_005,2026-01-26 05:00:00+00:00,-63.895,-12.034438330163786,-51.860561669836216,51.860561669836216,2689.517856710885,-1.0,-1,1,
2026-01-31 14:00:00+00:00,week_005,2026-01-26 05:00:00+00:00,-54.15500000000001,-56.26846291278262,2.113462912782609,2.113462912782609,4.466725483707549,-1.0,-1,1,
2026-01-31 15:00:00+00:00,week_005,2026-01-26 05:00:00+00:00,-25.207500000000003,-44.378911503379115,19.17141150337911,19.17141150337911,367.5430190318969,-1.0,-1,1,
2026-01-31 16:00:00+00:00,week_005,2026-01-26 05:00:00+00:00,-18.0125,-17.562963928925818,-0.44953607107418136,0.44953607107418136,0.20208267919681144,-1.0,-1,1,
2026-01-31 17:00:00+00:00,week_005,2026-01-26 05:00:00+00:00,-11.887500000000005,-10.80931892198713,-1.078181078012875,1.078181078012875,1.1624744369850055,-1.0,-1,1,
2026-01-31 18:00:00+00:00,week_005,2026-01-26 05:00:00+00:00,-3.8149999999999977,5.722339170801864,-9.53733917080186,9.53733917080186,90.96083845891152,-1.0,1,1,
2026-01-31 19:00:00+00:00,week_005,2026-01-26 05:00:00+00:00,-1.6024999999999991,4.961051366368968,-6.5635513663689675,6.5635513663689675,43.08020653896394,-1.0,1,1,
2026-01-31 20:00:00+00:00,week_005,2026-01-26 05:00:00+00:00,2.2474999999999987,6.554386995904341,-4.3068869959043425,4.3068869959043425,18.54927559548993,1.0,1,1,
2026-01-31 21:00:00+00:00,week_005,2026-01-26 05:00:00+00:00,-1.9699999999999989,5.5903818214487675,-7.560381821448766,7.560381821448766,57.159373286092965,-1.0,1,1,
2026-01-31 22:00:00+00:00,week_005,2026-01-26 05:00:00+00:00,2.432499999999997,3.9381935733533604,-1.5056935733533634,1.5056935733533634,2.2671131368376205,1.0,1,1,
2026-01-31 23:00:00+00:00,week_005,2026-01-26 05:00:00+00:00,39.93000000000001,10.104691331022776,29.82530866897723,29.82530866897723,889.5490371997682,1.0,1,1,
2026-02-01 00:00:00+00:00,week_005,2026-01-26 05:00:00+00:00,101.1475,3.0513150960236612,98.09618490397634,98.09618490397634,9622.861492715116,1.0,1,1,
2026-02-01 01:00:00+00:00,week_005,2026-01-26 05:00:00+00:00,245.7975,-5.351808667042906,251.14930866704293,251.14930866704293,63075.97524393361,1.0,-1,1,
2026-02-01 02:00:00+00:00,week_005,2026-01-26 05:00:00+00:00,552.765,-5.193006681196837,557.9580066811968,557.9580066811968,311317.13721965445,1.0,-1,1,
2026-02-01 03:00:00+00:00,week_005,2026-01-26 05:00:00+00:00,247.7075,-7.840721585132614,255.54822158513264,255.54822158513264,65304.89355532405,1.0,-1,1,
2026-02-01 04:00:00+00:00,week_005,2026-01-26 05:00:00+00:00,28.632500000000007,-6.02919065764087,34.661690657640875,34.661690657640875,1201.4327992459887,1.0,-1,1,
2026-02-01 05:00:00+00:00,week_005,2026-01-26 05:00:00+00:00,59.49249999999999,-5.97971279725419,65.47221279725419,65.47221279725419,4286.610648568935,1.0,-1,1,
2026-02-01 06:00:00+00:00,week_005,2026-01-26 05:00:00+00:00,142.16750000000002,-9.393840597116217,151.56134059711624,151.56134059711624,22970.839963595077,1.0,-1,1,
2026-02-01 07:00:00+00:00,week_005,2026-01-26 05:00:00+00:00,109.9925,-10.399780670973353,120.39228067097336,120.39228067097336,14494.301245158427,1.0,-1,1,
2026-02-01 08:00:00+00:00,week_005,2026-01-26 05:00:00+00:00,135.29000000000002,-10.634185530494864,145.9241855304949,145.9241855304949,21293.867922738296,1.0,-1,1,
2026-02-01 09:00:00+00:00,week_005,2026-01-26 05:00:00+00:00,211.6125,-10.84587209822398,222.458372098224,222.458372098224,49487.72731659189,1.0,-1,1,
2026-02-01 10:00:00+00:00,week_005,2026-01-26 05:00:00+00:00,207.41,-12.634910956996446,220.04491095699643,220.04491095699643,48419.762838072485,1.0,-1,1,
2026-02-01 11:00:00+00:00,week_005,2026-01-26 05:00:00+00:00,30.792500000000004,-12.846597524725562,43.639097524725564,43.639097524725564,1904.370832772509,1.0,-1,1,
2026-02-01 12:00:00+00:00,week_005,2026-01-26 05:00:00+00:00,-4.462499999999992,-10.094113257235575,5.631613257235583,5.631613257235583,31.715067879071572,-1.0,-1,1,
2026-02-01 13:00:00+00:00,week_005,2026-01-26 05:00:00+00:00,-3.780000000000001,-7.15040770451297,3.370407704512969,3.370407704512969,11.35964809464038,-1.0,-1,1,
2026-02-01 14:00:00+00:00,week_005,2026-01-26 05:00:00+00:00,-4.962499999999999,-3.0426522900912145,-1.919847709908784,1.919847709908784,3.6858152292420026,-1.0,-1,1,
2026-02-01 15:00:00+00:00,week_005,2026-01-26 05:00:00+00:00,-0.1725000000000029,-4.165182645873364,3.9926826458733613,3.9926826458733613,15.941514710658305,-1.0,-1,1,
2026-02-01 16:00:00+00:00,week_005,2026-01-26 05:00:00+00:00,3.342500000000001,-0.7882692626619697,4.130769262661971,4.130769262661971,17.063254701352925,1.0,-1,1,
2026-02-01 17:00:00+00:00,week_005,2026-01-26 05:00:00+00:00,-1.5549999999999995,2.037148657896192,-3.5921486578961916,3.5921486578961916,12.903531980425411,-1.0,1,1,
2026-02-01 18:00:00+00:00,week_005,2026-01-26 05:00:00+00:00,-3.182499999999997,1.4357291631636722,-4.618229163163669,4.618229163163669,21.3280406034954,-1.0,1,1,
2026-02-01 19:00:00+00:00,week_005,2026-01-26 05:00:00+00:00,-3.9750000000000014,1.4357291631636722,-5.410729163163674,5.410729163163674,29.275990077109867,-1.0,1,1,
2026-02-01 20:00:00+00:00,week_005,2026-01-26 05:00:00+00:00,3.022499999999999,1.4357291631636722,1.586770836836327,1.586770836836327,2.5178416886342574,1.0,1,1,
2026-02-01 21:00:00+00:00,week_005,2026-01-26 05:00:00+00:00,-2.6675000000000013,1.4357291631636722,-4.1032291631636735,4.1032291631636735,16.83648956543686,-1.0,1,1,
2026-02-01 22:00:00+00:00,week_005,2026-01-26 05:00:00+00:00,-2.702499999999999,0.48978031232742414,-3.192280312327423,3.192280312327423,10.190653592473268,-1.0,1,1,
2026-02-01 23:00:00+00:00,week_005,2026-01-26 05:00:00+00:00,8.720000000000006,1.2274711808819625,7.492528819118044,7.492528819118044,56.13798810531443,1.0,1,1,
2026-02-02 00:00:00+00:00,week_005,2026-01-26 05:00:00+00:00,11.7175,1.9573024483335781,9.76019755166642,9.76019755166642,95.26145624755519,1.0,1,1,
2026-02-02 01:00:00+00:00,week_005,2026-01-26 05:00:00+00:00,0.6799999999999997,-11.02136386604837,11.70136386604837,11.70136386604837,136.92191632566244,1.0,-1,1,
2026-02-02 02:00:00+00:00,week_005,2026-01-26 05:00:00+00:00,0.4049999999999976,-12.322429539150527,12.727429539150524,12.727429539150524,161.98746267404132,1.0,-1,1,
2026-02-02 03:00:00+00:00,week_005,2026-01-26 05:00:00+00:00,0.0199999999999995,-12.579196911018395,12.599196911018394,12.599196911018394,158.73976280261545,1.0,-1,1,
2026-02-02 04:00:00+00:00,week_005,2026-01-26 05:00:00+00:00,1.0775000000000006,-12.579196911018395,13.656696911018395,13.656696911018395,186.5053705194194,1.0,-1,1,
2026-02-02 05:00:00+00:00,week_005,2026-01-26 05:00:00+00:00,-0.4800000000000004,-12.579196911018395,12.099196911018394,12.099196911018394,146.39056589159705,-1.0,-1,1,
2026-02-02 06:00:00+00:00,week_006,2026-02-02 05:00:00+00:00,0.4250000000000007,-3.070435502316772,3.4954355023167727,3.4954355023167727,12.21806935085651,1.0,-1,1,
2026-02-02 07:00:00+00:00,week_006,2026-02-02 05:00:00+00:00,-0.9725,-3.070435502316772,2.097935502316772,2.097935502316772,4.401333371881126,-1.0,-1,1,
2026-02-02 08:00:00+00:00,week_006,2026-02-02 05:00:00+00:00,-0.5324999999999989,-3.070435502316772,2.537935502316773,2.537935502316773,6.441116613919892,-1.0,-1,1,
2026-02-02 09:00:00+00:00,week_006,2026-02-02 05:00:00+00:00,-1.6050000000000004,-1.7583918369273983,0.15339183692739788,0.15339183692739788,0.023529055635961426,-1.0,-1,1,
2026-02-02 10:00:00+00:00,week_006,2026-02-02 05:00:00+00:00,-0.495000000000001,-2.6638918228364994,2.1688918228364984,2.1688918228364984,4.704091739167029,-1.0,-1,1,
2026-02-02 11:00:00+00:00,week_006,2026-02-02 05:00:00+00:00,-4.380000000000003,-2.9635741607340735,-1.416425839265929,1.416425839265929,2.0062621581401916,-1.0,-1,1,
2026-02-02 12:00:00+00:00,week_006,2026-02-02 05:00:00+00:00,11.174999999999995,-2.2858018896206413,13.460801889620637,13.460801889620637,181.1931875116145,1.0,-1,1,
2026-02-02 13:00:00+00:00,week_006,2026-02-02 05:00:00+00:00,15.7425,-0.2908801649009184,16.03338016490092,16.03338016490092,257.0692795122382,1.0,-1,1,
2026-02-02 14:00:00+00:00,week_006,2026-02-02 05:00:00+00:00,-6.399999999999999,-0.2908801649009184,-6.10911983509908,6.10911983509908,37.321345159601016,-1.0,-1,1,
2026-02-02 15:00:00+00:00,week_006,2026-02-02 05:00:00+00:00,-16.625,-3.070435502316772,-13.554564497683227,13.554564497683227,183.72621872185456,-1.0,-1,1,
2026-02-02 16:00:00+00:00,week_006,2026-02-02 05:00:00+00:00,-5.9425,-3.070435502316772,-2.872064497683228,2.872064497683228,8.248754478852412,-1.0,-1,1,
2026-02-02 17:00:00+00:00,week_006,2026-02-02 05:00:00+00:00,-4.6325,-3.070435502316772,-1.5620644976832283,1.5620644976832283,2.4400454949223565,-1.0,-1,1,
2026-02-02 18:00:00+00:00,week_006,2026-02-02 05:00:00+00:00,-5.275,-3.070435502316772,-2.2045644976832284,2.2045644976832284,4.860104624445305,-1.0,-1,1,
2026-02-02 19:00:00+00:00,week_006,2026-02-02 05:00:00+00:00,-13.3125,-3.070435502316772,-10.242064497683227,10.242064497683227,104.89988517470317,-1.0,-1,1,
2026-02-02 20:00:00+00:00,week_006,2026-02-02 05:00:00+00:00,-15.685,-2.156616714349929,-13.528383285650072,13.528383285650072,183.01715432345625,-1.0,-1,1,
2026-02-02 21:00:00+00:00,week_006,2026-02-02 05:00:00+00:00,-11.775,-3.1901702846530506,-8.584829715346949,8.584829715346949,73.69930124150397,-1.0,-1,1,
2026-02-02 22:00:00+00:00,week_006,2026-02-02 05:00:00+00:00,-0.7800000000000002,-2.6481048199564574,1.8681048199564572,1.8681048199564572,3.4898156183445472,-1.0,-1,1,
2026-02-02 23:00:00+00:00,week_006,2026-02-02 05:00:00+00:00,9.134999999999998,-2.6481048199564574,11.783104819956456,11.783104819956456,138.8415591980811,1.0,-1,1,
2026-02-03 00:00:00+00:00,week_006,2026-02-02 05:00:00+00:00,0.4200000000000017,-2.9503440700193924,3.370344070019394,3.370344070019394,11.359219150314894,1.0,-1,1,
2026-02-03 01:00:00+00:00,week_006,2026-02-02 05:00:00+00:00,1.215,-2.156616714349929,3.371616714349929,3.371616714349929,11.367799268483811,1.0,-1,1,
2026-02-03 02:00:00+00:00,week_006,2026-02-02 05:00:00+00:00,4.454999999999998,-2.156616714349929,6.611616714349927,6.611616714349927,43.71347557747133,1.0,-1,1,
2026-02-03 03:00:00+00:00,week_006,2026-02-02 05:00:00+00:00,1.5199999999999996,-2.156616714349929,3.6766167143499286,3.6766167143499286,13.517510464237265,1.0,-1,1,
2026-02-03 04:00:00+00:00,week_006,2026-02-02 05:00:00+00:00,-0.8574999999999982,-2.156616714349929,1.299116714349931,1.299116714349931,1.68770423750336,-1.0,-1,1,
2026-02-03 05:00:00+00:00,week_006,2026-02-02 05:00:00+00:00,1.9149999999999991,-2.156616714349929,4.071616714349928,4.071616714349928,16.578062668573704,1.0,-1,1,
2026-02-03 06:00:00+00:00,week_006,2026-02-02 05:00:00+00:00,1.59,-0.4644143195460342,2.0544143195460345,2.0544143195460345,4.220618196355796,1.0,-1,1,
2026-02-03 07:00:00+00:00,week_006,2026-02-02 05:00:00+00:00,1.3850000000000016,-0.3575529779633359,1.7425529779633375,1.7425529779633375,3.0364908810088957,1.0,-1,1,
2026-02-03 08:00:00+00:00,week_006,2026-02-02 05:00:00+00:00,0.7674999999999983,-0.3575529779633359,1.1250529779633343,1.1250529779633343,1.2657442032241666,1.0,-1,1,
2026-02-03 09:00:00+00:00,week_006,2026-02-02 05:00:00+00:00,2.407499999999999,-0.3575529779633359,2.7650529779633346,2.7650529779633346,7.645517970943905,1.0,-1,1,
2026-02-03 10:00:00+00:00,week_006,2026-02-02 05:00:00+00:00,3.422500000000003,-0.3575529779633359,3.7800529779633387,3.7800529779633387,14.288800516209506,1.0,-1,1,
2026-02-03 11:00:00+00:00,week_006,2026-02-02 05:00:00+00:00,-2.7225,1.9640213325726272,-4.686521332572627,4.686521332572627,21.963482200658312,-1.0,1,1,
2026-02-03 12:00:00+00:00,week_006,2026-02-02 05:00:00+00:00,-1.0524999999999984,-0.3575529779633359,-0.6949470220366625,0.6949470220366625,0.48295136343762546,-1.0,-1,1,
2026-02-03 13:00:00+00:00,week_006,2026-02-02 05:00:00+00:00,-2.740000000000002,-0.3575529779633359,-2.3824470220366663,2.3824470220366663,5.6760538128113796,-1.0,-1,1,
2026-02-03 14:00:00+00:00,week_006,2026-02-02 05:00:00+00:00,0.1374999999999993,-0.3575529779633359,0.4950529779633352,0.4950529779633352,0.24507745099036643,1.0,-1,1,
2026-02-03 15:00:00+00:00,week_006,2026-02-02 05:00:00+00:00,4.7925,-0.3575529779633359,5.150052977963337,5.150052977963337,26.52304567582903,1.0,-1,1,
2026-02-03 16:00:00+00:00,week_006,2026-02-02 05:00:00+00:00,0.615000000000002,-0.4644143195460342,1.0794143195460362,1.0794143195460362,1.1651352732410323,1.0,-1,1,
2026-02-03 17:00:00+00:00,week_006,2026-02-02 05:00:00+00:00,3.8375,-0.4644143195460342,4.301914319546034,4.301914319546034,18.506466812715217,1.0,-1,1,
2026-02-03 18:00:00+00:00,week_006,2026-02-02 05:00:00+00:00,-2.124999999999999,-0.4644143195460342,-1.660585680453965,1.660585680453965,2.757544802128758,-1.0,-1,1,
2026-02-03 19:00:00+00:00,week_006,2026-02-02 05:00:00+00:00,-10.71,-0.4644143195460342,-10.245585680453967,10.245585680453967,104.97202593552338,-1.0,-1,1,
2026-02-03 20:00:00+00:00,week_006,2026-02-02 05:00:00+00:00,-13.6525,-1.3782331075128784,-12.274266892487121,12.274266892487121,150.65762774800547,-1.0,-1,1,
2026-02-03 21:00:00+00:00,week_006,2026-02-02 05:00:00+00:00,-15.0525,-1.3782331075128784,-13.674266892487122,13.674266892487122,186.98557504696942,-1.0,-1,1,
2026-02-03 22:00:00+00:00,week_006,2026-02-02 05:00:00+00:00,-15.37,-1.3782331075128784,-13.99176689248712,13.99176689248712,195.7695407736987,-1.0,-1,1,
2026-02-03 23:00:00+00:00,week_006,2026-02-02 05:00:00+00:00,3.5049999999999955,-1.3782331075128784,4.883233107512874,4.883233107512874,23.845965582309837,1.0,-1,1,
2026-02-04 00:00:00+00:00,week_006,2026-02-02 05:00:00+00:00,-0.697499999999998,-0.7546884999949437,0.057188499994945685,0.057188499994945685,0.0032705245316719026,-1.0,-1,1,
2026-02-04 01:00:00+00:00,week_006,2026-02-02 05:00:00+00:00,-16.660000000000004,1.6315203431903174,-18.29152034319032,18.29152034319032,334.57971646534537,-1.0,1,1,
2026-02-04 02:00:00+00:00,week_006,2026-02-02 05:00:00+00:00,-29.9625,1.6315203431903174,-31.594020343190316,31.594020343190316,998.1821214459235,-1.0,1,1,
2026-02-04 03:00:00+00:00,week_006,2026-02-02 05:00:00+00:00,-28.9625,1.5363033164226154,-30.498803316422613,30.498803316422613,930.1770037338309,-1.0,1,1,
2026-02-04 04:00:00+00:00,week_006,2026-02-02 05:00:00+00:00,-26.85,3.2158412410349175,-30.065841241034917,30.065841241034917,903.9548095311161,-1.0,1,1,
2026-02-04 05:00:00+00:00,week_006,2026-02-02 05:00:00+00:00,-20.312500000000004,3.9530946537262825,-24.265594653726286,24.265594653726286,588.8190838989497,-1.0,1,1,
2026-02-04 06:00:00+00:00,week_006,2026-02-02 05:00:00+00:00,-6.942499999999999,5.934521692490595,-12.877021692490594,12.877021692490594,165.8176876688733,-1.0,1,1,
2026-02-04 07:00:00+00:00,week_006,2026-02-02 05:00:00+00:00,-6.824999999999999,1.0265598257722286,-7.851559825772227,7.851559825772227,61.64699169768041,-1.0,1,1,
2026-02-04 08:00:00+00:00,week_006,2026-02-02 05:00:00+00:00,-7.725000000000001,1.0265598257722286,-8.75155982577223,8.75155982577223,76.58979938407046,-1.0,1,1,
2026-02-04 09:00:00+00:00,week_006,2026-02-02 05:00:00+00:00,-8.6725,3.7567387099199356,-12.429238709919936,12.429238709919936,154.48597490817218,-1.0,1,1,
2026-02-04 10:00:00+00:00,week_006,2026-02-02 05:00:00+00:00,-9.697500000000002,3.726777879934071,-13.424277879934072,13.424277879934072,180.21123659768722,-1.0,1,1,
2026-02-04 11:00:00+00:00,week_006,2026-02-02 05:00:00+00:00,-18.55,1.1334211673549268,-19.68342116735493,19.68342116735493,387.43706885147606,-1.0,1,1,
2026-02-04 12:00:00+00:00,week_006,2026-02-02 05:00:00+00:00,-21.2475,2.0472399553217704,-23.29473995532177,23.29473995532177,542.6449095860645,-1.0,1,1,
2026-02-04 13:00:00+00:00,week_006,2026-02-02 05:00:00+00:00,-22.85,4.009552799019378,-26.85955279901938,26.85955279901938,721.4355765633097,-1.0,1,1,
2026-02-04 14:00:00+00:00,week_006,2026-02-02 05:00:00+00:00,-15.965000000000002,-0.3575529779633359,-15.607447022036666,15.607447022036666,243.5924025456812,-1.0,-1,1,
2026-02-04 15:00:00+00:00,week_006,2026-02-02 05:00:00+00:00,-11.05,1.9640213325726272,-13.014021332572629,13.014021332572629,169.36475124465545,-1.0,1,1,
2026-02-04 16:00:00+00:00,week_006,2026-02-02 05:00:00+00:00,-7.6625,-0.3575529779633359,-7.3049470220366635,7.3049470220366635,53.36225099476232,-1.0,-1,1,
2026-02-04 17:00:00+00:00,week_006,2026-02-02 05:00:00+00:00,-4.2025,-0.40885875057775245,-3.7936412494222473,3.7936412494222473,14.391713929317989,-1.0,-1,1,
2026-02-04 18:00:00+00:00,week_006,2026-02-02 05:00:00+00:00,-3.53,-0.3575529779633359,-3.172447022036664,3.172447022036664,10.064420107629298,-1.0,-1,1,
2026-02-04 19:00:00+00:00,week_006,2026-02-02 05:00:00+00:00,-3.3775,-0.4644143195460342,-2.9130856804539658,2.9130856804539658,8.486068181665944,-1.0,-1,1,
2026-02-04 20:00:00+00:00,week_006,2026-02-02 05:00:00+00:00,-2.67,-1.0064797842426272,-1.6635202157573727,1.6635202157573727,2.767299508233456,-1.0,-1,1,
2026-02-04 21:00:00+00:00,week_006,2026-02-02 05:00:00+00:00,-3.215,-1.3782331075128784,-1.8367668924871214,1.8367668924871214,3.3737126173367966,-1.0,-1,1,
2026-02-04 22:00:00+00:00,week_006,2026-02-02 05:00:00+00:00,-9.95,-0.4644143195460342,-9.485585680453966,9.485585680453966,89.97633570123332,-1.0,-1,1,
2026-02-04 23:00:00+00:00,week_006,2026-02-02 05:00:00+00:00,-8.752500000000001,-1.3782331075128784,-7.374266892487123,7.374266892487123,54.37981220163169,-1.0,-1,1,
2026-02-05 00:00:00+00:00,week_006,2026-02-02 05:00:00+00:00,6.695,-1.3782331075128784,8.073233107512879,8.073233107512879,65.17709280824205,1.0,-1,1,
2026-02-05 01:00:00+00:00,week_006,2026-02-02 05:00:00+00:00,2.760000000000005,2.8028045727938875,-0.04280457279388239,0.04280457279388239,0.0018322314520667765,1.0,1,1,
2026-02-05 02:00:00+00:00,week_006,2026-02-02 05:00:00+00:00,-0.4199999999999946,5.348596927361428,-5.768596927361423,5.768596927361423,33.27671051036365,-1.0,1,1,
2026-02-05 03:00:00+00:00,week_006,2026-02-02 05:00:00+00:00,-4.352499999999999,4.382269060964755,-8.734769060964755,8.734769060964755,76.2961905483871,-1.0,1,1,
2026-02-05 04:00:00+00:00,week_006,2026-02-02 05:00:00+00:00,4.232500000000002,4.008650222694567,0.22384977730543465,0.22384977730543465,0.05010872279969269,1.0,1,1,
2026-02-05 05:00:00+00:00,week_006,2026-02-02 05:00:00+00:00,3.5900000000000034,5.076258473492033,-1.4862584734920299,1.4862584734920299,2.2089642500268587,1.0,1,1,
2026-02-05 06:00:00+00:00,week_006,2026-02-02 05:00:00+00:00,-11.11,-0.2878978121989538,-10.822102187801045,10.822102187801045,117.11789576320817,-1.0,-1,1,
2026-02-05 07:00:00+00:00,week_006,2026-02-02 05:00:00+00:00,-17.1325,1.6538610985648194,-18.786361098564818,18.786361098564818,352.9273633256695,-1.0,1,1,
2026-02-05 08:00:00+00:00,week_006,2026-02-02 05:00:00+00:00,-16.3125,0.6692111521690255,-16.981711152169026,16.981711152169026,288.3785136557019,-1.0,1,1,
2026-02-05 09:00:00+00:00,week_006,2026-02-02 05:00:00+00:00,-10.1525,-0.11478331499129335,-10.037716685008707,10.037716685008707,100.7557562485022,-1.0,-1,1,
2026-02-05 10:00:00+00:00,week_006,2026-02-02 05:00:00+00:00,-9.822500000000002,-0.45907509945318753,-9.363424900546814,9.363424900546814,87.67372586818011,-1.0,-1,1,
2026-02-05 11:00:00+00:00,week_006,2026-02-02 05:00:00+00:00,-10.325,-0.45907509945318753,-9.865924900546812,9.865924900546812,97.33647414322962,-1.0,-1,1,
2026-02-05 12:00:00+00:00,week_006,2026-02-02 05:00:00+00:00,-15.792500000000004,-0.5422937222023312,-15.250206277797673,15.250206277797673,232.56879151537956,-1.0,-1,1,
2026-02-05 13:00:00+00:00,week_006,2026-02-02 05:00:00+00:00,-10.632500000000004,-0.5422937222023312,-10.090206277797673,10.090206277797673,101.81226272850758,-1.0,-1,1,
2026-02-05 14:00:00+00:00,week_006,2026-02-02 05:00:00+00:00,-11.335,-0.5422937222023312,-10.79270627779767,10.79270627779767,116.48250879881324,-1.0,-1,1,
2026-02-05 15:00:00+00:00,week_006,2026-02-02 05:00:00+00:00,-7.6275,-1.2713717659301802,-6.35612823406982,6.35612823406982,40.400366127939535,-1.0,-1,1,
2026-02-05 16:00:00+00:00,week_006,2026-02-02 05:00:00+00:00,-2.005,-1.3782331075128784,-0.6267668924871215,0.6267668924871215,0.3928367375179629,-1.0,-1,1,
2026-02-05 17:00:00+00:00,week_006,2026-02-02 05:00:00+00:00,-1.765,-1.3782331075128784,-0.3867668924871215,0.3867668924871215,0.14958862912414458,-1.0,-1,1,
2026-02-05 18:00:00+00:00,week_006,2026-02-02 05:00:00+00:00,-1.7725,-1.3782331075128784,-0.39426689248712155,0.39426689248712155,0.15544638251145146,-1.0,-1,1,
2026-02-05 19:00:00+00:00,week_006,2026-02-02 05:00:00+00:00,-0.9825,-1.3782331075128784,0.3957331075128784,0.3957331075128784,0.15660469238179936,-1.0,-1,1,
2026-02-05 20:00:00+00:00,week_006,2026-02-02 05:00:00+00:00,-0.3175,-1.3782331075128784,1.0607331075128785,1.0607331075128785,1.125154725373928,-1.0,-1,1,
2026-02-05 21:00:00+00:00,week_006,2026-02-02 05:00:00+00:00,-0.6975,-1.3782331075128784,0.6807331075128784,0.6807331075128784,0.4633975636641401,-1.0,-1,1,
2026-02-05 22:00:00+00:00,week_006,2026-02-02 05:00:00+00:00,-3.5050000000000003,-1.3782331075128784,-2.126766892487122,2.126766892487122,4.523137414979329,-1.0,-1,1,
2026-02-05 23:00:00+00:00,week_006,2026-02-02 05:00:00+00:00,15.9325,-1.3782331075128784,17.310733107512878,17.310733107512878,299.66148071954245,1.0,-1,1,
2026-02-06 00:00:00+00:00,week_006,2026-02-02 05:00:00+00:00,10.442500000000004,-1.2643918048111635,11.706891804811168,11.706891804811168,137.0513157295549,1.0,-1,1,
2026-02-06 01:00:00+00:00,week_006,2026-02-02 05:00:00+00:00,-1.25,2.9098159997077917,-4.159815999707792,4.159815999707792,17.304069151424937,-1.0,1,1,
2026-02-06 02:00:00+00:00,week_006,2026-02-02 05:00:00+00:00,-6.675000000000001,3.8099212453586704,-10.48492124535867,10.48492124535867,109.9335735213736,-1.0,1,1,
2026-02-06 03:00:00+00:00,week_006,2026-02-02 05:00:00+00:00,-6.272500000000001,2.4628509055754835,-8.735350905575483,8.735350905575483,76.30635544353842,-1.0,1,1,
2026-02-06 04:00:00+00:00,week_006,2026-02-02 05:00:00+00:00,0.1750000000000007,2.308746727065246,-2.1337467270652453,2.1337467270652453,4.552875095261646,1.0,1,1,
2026-02-06 05:00:00+00:00,week_006,2026-02-02 05:00:00+00:00,-2.817499999999999,1.0265598257722286,-3.8440598257722276,3.8440598257722276,14.776795944116008,-1.0,1,1,
2026-02-06 06:00:00+00:00,week_006,2026-02-02 05:00:00+00:00,0.7875000000000014,1.0265598257722286,-0.23905982577222717,0.23905982577222717,0.05714960029824761,1.0,1,1,
2026-02-06 07:00:00+00:00,week_006,2026-02-02 05:00:00+00:00,1.5474999999999994,-1.3782331075128784,2.925733107512878,2.925733107512878,8.559914216396962,1.0,-1,1,
2026-02-06 08:00:00+00:00,week_006,2026-02-02 05:00:00+00:00,1.7575000000000005,-0.5988004285514549,2.3563004285514553,2.3563004285514553,5.552151709591771,1.0,-1,1,
2026-02-06 09:00:00+00:00,week_006,2026-02-02 05:00:00+00:00,2.0025000000000013,-1.3782331075128784,3.3807331075128797,3.3807331075128797,11.429356344233693,1.0,-1,1,
2026-02-06 10:00:00+00:00,week_006,2026-02-02 05:00:00+00:00,2.0650000000000013,-1.3782331075128784,3.4432331075128797,3.4432331075128797,11.855854232672803,1.0,-1,1,
2026-02-06 11:00:00+00:00,week_006,2026-02-02 05:00:00+00:00,0.9025,-1.3782331075128784,2.2807331075128783,2.2807331075128783,5.20174350770535,1.0,-1,1,
2026-02-06 12:00:00+00:00,week_006,2026-02-02 05:00:00+00:00,1.9974999999999987,-0.3727260223387873,2.370226022338786,2.370226022338786,5.617971396971944,1.0,-1,1,
2026-02-06 13:00:00+00:00,week_006,2026-02-02 05:00:00+00:00,9.462500000000002,-1.3782331075128784,10.84073310751288,10.84073310751288,117.52149430832587,1.0,-1,1,
2026-02-06 14:00:00+00:00,week_006,2026-02-02 05:00:00+00:00,-2.9175000000000004,-1.3782331075128784,-1.539266892487122,1.539266892487122,2.3693425663069614,-1.0,-1,1,
2026-02-06 15:00:00+00:00,week_006,2026-02-02 05:00:00+00:00,6.515000000000001,-1.3782331075128784,7.893233107512879,7.893233107512879,62.30312888953742,1.0,-1,1,
2026-02-06 16:00:00+00:00,week_006,2026-02-02 05:00:00+00:00,11.2525,-1.3782331075128784,12.630733107512878,12.630733107512878,159.5354188332219,1.0,-1,1,
2026-02-06 17:00:00+00:00,week_006,2026-02-02 05:00:00+00:00,9.53,-1.3782331075128784,10.908233107512878,10.908233107512878,118.98954952784005,1.0,-1,1,
2026-02-06 18:00:00+00:00,week_006,2026-02-02 05:00:00+00:00,5.0175,-1.3782331075128784,6.3957331075128785,6.3957331075128785,40.90540198253634,1.0,-1,1,
2026-02-06 19:00:00+00:00,week_006,2026-02-02 05:00:00+00:00,4.225000000000001,-1.3782331075128784,5.60323310751288,5.60323310751288,31.396221257128445,1.0,-1,1,
2026-02-06 20:00:00+00:00,week_006,2026-02-02 05:00:00+00:00,5.819999999999999,-1.3782331075128784,7.198233107512878,7.198233107512878,51.8145598700945,1.0,-1,1,
2026-02-06 21:00:00+00:00,week_006,2026-02-02 05:00:00+00:00,6.915000000000001,-1.3782331075128784,8.29323310751288,8.29323310751288,68.77771537554773,1.0,-1,1,
2026-02-06 22:00:00+00:00,week_006,2026-02-02 05:00:00+00:00,1.6424999999999983,-1.3782331075128784,3.0207331075128767,3.0207331075128767,9.1248285068244,1.0,-1,1,
2026-02-06 23:00:00+00:00,week_006,2026-02-02 05:00:00+00:00,13.625000000000009,-1.3782331075128784,15.003233107512887,15.003233107512887,225.0970036783708,1.0,-1,1,
2026-02-07 00:00:00+00:00,week_006,2026-02-02 05:00:00+00:00,11.5325,1.5603340808352368,9.972165919164764,9.972165919164764,99.44409311935122,1.0,1,1,
2026-02-07 01:00:00+00:00,week_006,2026-02-02 05:00:00+00:00,-8.415000000000006,1.6315203431903174,-10.046520343190323,10.046520343190323,100.93257100613701,-1.0,1,1,
2026-02-07 02:00:00+00:00,week_006,2026-02-02 05:00:00+00:00,-7.445,1.6315203431903174,-9.076520343190317,9.076520343190317,82.38322154034768,-1.0,1,1,
2026-02-07 03:00:00+00:00,week_006,2026-02-02 05:00:00+00:00,-3.067499999999999,1.6315203431903174,-4.699020343190316,4.699020343190316,22.080792185716437,-1.0,1,1,
2026-02-07 04:00:00+00:00,week_006,2026-02-02 05:00:00+00:00,1.322499999999998,0.889317426999812,0.43318257300018603,0.43318257300018603,0.1876471415510615,1.0,1,1,
2026-02-07 05:00:00+00:00,week_006,2026-02-02 05:00:00+00:00,-0.2174999999999975,-1.295014484763735,1.0775144847637375,1.0775144847637375,1.1610374648756625,-1.0,-1,1,
2026-02-07 06:00:00+00:00,week_006,2026-02-02 05:00:00+00:00,-0.5899999999999999,-1.3782331075128784,0.7882331075128786,0.7882331075128786,0.6213114317794092,-1.0,-1,1,
2026-02-07 07:00:00+00:00,week_006,2026-02-02 05:00:00+00:00,0.3099999999999987,-1.295014484763735,1.6050144847637338,1.6050144847637338,2.5760714963013935,1.0,-1,1,
2026-02-07 08:00:00+00:00,week_006,2026-02-02 05:00:00+00:00,1.7100000000000009,-1.295014484763735,3.005014484763736,3.005014484763736,9.030112053639861,1.0,-1,1,
2026-02-07 09:00:00+00:00,week_006,2026-02-02 05:00:00+00:00,2.8824999999999967,-1.295014484763735,4.177514484763732,4.177514484763732,17.45162727041079,1.0,-1,1,
2026-02-07 10:00:00+00:00,week_006,2026-02-02 05:00:00+00:00,3.202500000000001,1.0265598257722286,2.1759401742277724,2.1759401742277724,4.734715641818388,1.0,1,1,
2026-02-07 11:00:00+00:00,week_006,2026-02-02 05:00:00+00:00,0.697499999999998,4.890429662148079,-4.192929662148081,4.192929662148081,17.580659151721218,1.0,1,1,
2026-02-07 12:00:00+00:00,week_006,2026-02-02 05:00:00+00:00,1.1275000000000013,3.3376335688591383,-2.210133568859137,2.210133568859137,4.884690392198026,1.0,1,1,
2026-02-07 13:00:00+00:00,week_006,2026-02-02 05:00:00+00:00,6.225000000000001,7.845188848313264,-1.620188848313263,1.620188848313263,2.6250119041986575,1.0,1,1,
2026-02-07 14:00:00+00:00,week_006,2026-02-02 05:00:00+00:00,-5.745000000000001,6.779748483711026,-12.524748483711026,12.524748483711026,156.86932458022164,-1.0,1,1,
2026-02-07 15:00:00+00:00,week_006,2026-02-02 05:00:00+00:00,-3.095,1.7227738819845086,-4.817773881984509,4.817773881984509,23.21094517793209,-1.0,1,1,
2026-02-07 16:00:00+00:00,week_006,2026-02-02 05:00:00+00:00,-4.055000000000001,-1.3782331075128784,-2.676766892487122,2.676766892487122,7.165080996715164,-1.0,-1,1,
2026-02-07 17:00:00+00:00,week_006,2026-02-02 05:00:00+00:00,-2.7675,-1.3782331075128784,-1.3892668924871217,1.3892668924871217,1.9300624985608237,-1.0,-1,1,
2026-02-07 18:00:00+00:00,week_006,2026-02-02 05:00:00+00:00,-2.575,-1.3782331075128784,-1.1967668924871218,1.1967668924871218,1.432250994953282,-1.0,-1,1,
2026-02-07 19:00:00+00:00,week_006,2026-02-02 05:00:00+00:00,-1.51,-1.3782331075128784,-0.1317668924871216,0.1317668924871216,0.01736251395571266,-1.0,-1,1,
2026-02-07 20:00:00+00:00,week_006,2026-02-02 05:00:00+00:00,-1.2975,-1.3782331075128784,0.08073310751287832,0.08073310751287832,0.0065178346486859705,-1.0,-1,1,
2026-02-07 21:00:00+00:00,week_006,2026-02-02 05:00:00+00:00,-1.2675,-1.3782331075128784,0.11073310751287835,0.11073310751287835,0.012261821099458675,-1.0,-1,1,
2026-02-07 22:00:00+00:00,week_006,2026-02-02 05:00:00+00:00,-1.4825,-1.3782331075128784,-0.10426689248712151,0.10426689248712151,0.010871584868920956,-1.0,-1,1,
2026-02-07 23:00:00+00:00,week_006,2026-02-02 05:00:00+00:00,0.509999999999998,-1.3782331075128784,1.8882331075128764,1.8882331075128764,3.565424268307734,1.0,-1,1,
2026-02-08 00:00:00+00:00,week_006,2026-02-02 05:00:00+00:00,6.612500000000004,-1.3782331075128784,7.990733107512883,7.990733107512883,63.851815595502494,1.0,-1,1,
2026-02-08 01:00:00+00:00,week_006,2026-02-02 05:00:00+00:00,0.0650000000000012,-1.3782331075128784,1.4432331075128797,1.4432331075128797,2.0829218026212835,1.0,-1,1,
2026-02-08 02:00:00+00:00,week_006,2026-02-02 05:00:00+00:00,-1.224999999999998,-1.3782331075128784,0.15323310751288033,0.15323310751288033,0.02348038523805394,-1.0,-1,1,
2026-02-08 03:00:00+00:00,week_006,2026-02-02 05:00:00+00:00,-1.285,-1.3782331075128784,0.0932331075128785,0.0932331075128785,0.00869241233650796,-1.0,-1,1,
2026-02-08 04:00:00+00:00,week_006,2026-02-02 05:00:00+00:00,1.035,-1.3782331075128784,2.4132331075128786,2.4132331075128786,5.823694031196265,1.0,-1,1,
2026-02-08 05:00:00+00:00,week_006,2026-02-02 05:00:00+00:00,3.2950000000000017,-1.3782331075128784,4.67323310751288,4.67323310751288,21.83910767715449,1.0,-1,1,
2026-02-08 06:00:00+00:00,week_006,2026-02-02 05:00:00+00:00,4.604999999999999,-1.3782331075128784,5.983233107512877,5.983233107512877,35.7990784188382,1.0,-1,1,
2026-02-08 07:00:00+00:00,week_006,2026-02-02 05:00:00+00:00,4.137500000000001,-1.3782331075128784,5.5157331075128795,5.5157331075128795,30.423311713313687,1.0,-1,1,
2026-02-08 08:00:00+00:00,week_006,2026-02-02 05:00:00+00:00,4.147499999999999,-1.3782331075128784,5.5257331075128775,5.5257331075128775,30.53372637546392,1.0,-1,1,
2026-02-08 09:00:00+00:00,week_006,2026-02-02 05:00:00+00:00,4.487499999999999,-1.3782331075128784,5.865733107512877,5.865733107512877,34.40682488857268,1.0,-1,1,
2026-02-08 10:00:00+00:00,week_006,2026-02-02 05:00:00+00:00,5.050000000000001,-0.4644143195460342,5.5144143195460344,5.5144143195460344,30.408765287614354,1.0,-1,1,
2026-02-08 11:00:00+00:00,week_006,2026-02-02 05:00:00+00:00,7.41,-1.3782331075128784,8.788233107512879,8.788233107512879,77.23304115198546,1.0,-1,1,
2026-02-08 12:00:00+00:00,week_006,2026-02-02 05:00:00+00:00,8.8275,1.2151236050662684,7.612376394933732,7.612376394933732,57.94827437814428,1.0,1,1,
2026-02-08 13:00:00+00:00,week_006,2026-02-02 05:00:00+00:00,2.6300000000000026,-0.4644143195460342,3.0944143195460367,3.0944143195460367,9.57539998101156,1.0,-1,1,
2026-02-08 14:00:00+00:00,week_006,2026-02-02 05:00:00+00:00,0.807500000000001,-0.4644143195460342,1.2719143195460352,1.2719143195460352,1.6177660362662536,1.0,-1,1,
2026-02-08 15:00:00+00:00,week_006,2026-02-02 05:00:00+00:00,0.6724999999999994,2.8626670761640187,-2.1901670761640193,2.1901670761640193,4.796831821512849,1.0,1,1,
2026-02-08 16:00:00+00:00,week_006,2026-02-02 05:00:00+00:00,-0.7724999999999991,-0.1621750694830995,-0.6103249305168996,0.6103249305168996,0.37249652081045836,-1.0,-1,1,
2026-02-08 17:00:00+00:00,week_006,2026-02-02 05:00:00+00:00,-1.3625000000000007,-0.4644143195460342,-0.8980856804539665,0.8980856804539665,0.8065578894364641,-1.0,-1,1,
2026-02-08 18:00:00+00:00,week_006,2026-02-02 05:00:00+00:00,0.1899999999999995,-0.1621750694830995,0.352175069483099,0.352175069483099,0.12402727956542561,1.0,-1,1,
2026-02-08 19:00:00+00:00,week_006,2026-02-02 05:00:00+00:00,-2.075,-0.4644143195460342,-1.610585680453966,1.610585680453966,2.593986234083365,-1.0,-1,1,
2026-02-08 20:00:00+00:00,week_006,2026-02-02 05:00:00+00:00,-15.3475,-0.1621750694830995,-15.1853249305169,15.1853249305169,230.5940932453781,-1.0,-1,1,
2026-02-08 21:00:00+00:00,week_006,2026-02-02 05:00:00+00:00,-16.3,-0.1621750694830995,-16.137824930516903,16.137824930516903,260.42939348801286,-1.0,-1,1,
2026-02-08 22:00:00+00:00,week_006,2026-02-02 05:00:00+00:00,-16.2825,-1.3782331075128784,-14.90426689248712,14.90426689248712,222.13717160248768,-1.0,-1,1,
2026-02-08 23:00:00+00:00,week_006,2026-02-02 05:00:00+00:00,1.7850000000000037,-1.3782331075128784,3.163233107512882,3.163233107512882,10.006043692465605,1.0,-1,1,
2026-02-09 00:00:00+00:00,week_006,2026-02-02 05:00:00+00:00,6.797499999999999,-0.0004532234103758767,6.797953223410375,6.797953223410375,46.21216802767551,1.0,-1,1,
2026-02-09 01:00:00+00:00,week_006,2026-02-02 05:00:00+00:00,17.502499999999998,5.729339400747944,11.773160599252055,11.773160599252055,138.607310495781,1.0,1,1,
2026-02-09 02:00:00+00:00,week_006,2026-02-02 05:00:00+00:00,52.28,4.124710525502622,48.15528947449738,48.15528947449738,2318.931904372638,1.0,1,1,
2026-02-09 03:00:00+00:00,week_006,2026-02-02 05:00:00+00:00,32.17,-1.295014484763735,33.465014484763735,33.465014484763735,1119.9071944654465,1.0,-1,1,
2026-02-09 04:00:00+00:00,week_006,2026-02-02 05:00:00+00:00,8.185000000000002,2.6228791276353864,5.562120872364616,5.562120872364616,30.93718859879412,1.0,1,1,
2026-02-09 05:00:00+00:00,week_006,2026-02-02 05:00:00+00:00,8.7275,1.857159990989929,6.87034000901007,6.87034000901007,47.20157183940449,1.0,1,1,
2026-02-09 06:00:00+00:00,week_007,2026-02-09 05:00:00+00:00,0.254999999999999,1.1097748174491722,-0.8547748174491732,0.8547748174491732,0.7306399885452673,1.0,1,1,
2026-02-09 07:00:00+00:00,week_007,2026-02-09 05:00:00+00:00,0.7774999999999999,-1.0439293667853906,1.8214293667853905,1.8214293667853905,3.3176049381882287,1.0,-1,1,
2026-02-09 08:00:00+00:00,week_007,2026-02-09 05:00:00+00:00,-0.817499999999999,-1.0439293667853906,0.2264293667853916,0.2264293667853916,0.051270258142833404,-1.0,-1,1,
2026-02-09 09:00:00+00:00,week_007,2026-02-09 05:00:00+00:00,0.4725000000000001,4.652648991183494,-4.1801489911834935,4.1801489911834935,17.473645588492378,1.0,1,1,
2026-02-09 10:00:00+00:00,week_007,2026-02-09 05:00:00+00:00,2.4975000000000023,6.090263537691993,-3.592763537691991,3.592763537691991,12.90794983776907,1.0,1,1,
2026-02-09 11:00:00+00:00,week_007,2026-02-09 05:00:00+00:00,4.077500000000001,9.629225817988749,-5.551725817988748,5.551725817988748,30.821659558122835,1.0,1,1,
2026-02-09 12:00:00+00:00,week_007,2026-02-09 05:00:00+00:00,-1.374999999999993,9.21686949123699,-10.591869491236983,10.591869491236983,112.18769931939677,-1.0,1,1,
2026-02-09 13:00:00+00:00,week_007,2026-02-09 05:00:00+00:00,0.7800000000000011,10.672169623490742,-9.89216962349074,9.89216962349074,97.85501985991294,1.0,1,1,
2026-02-09 14:00:00+00:00,week_007,2026-02-09 05:00:00+00:00,10.532500000000002,9.21686949123699,1.3156305087630127,1.3156305087630127,1.7308836355880235,1.0,1,1,
2026-02-09 15:00:00+00:00,week_007,2026-02-09 05:00:00+00:00,11.939999999999998,3.6080187552049168,8.331981244795081,8.331981244795081,69.421911463617,1.0,1,1,
2026-02-09 16:00:00+00:00,week_007,2026-02-09 05:00:00+00:00,11.35,3.6567089183275794,7.69329108167242,7.69329108167242,59.1867276673404,1.0,1,1,
2026-02-09 17:00:00+00:00,week_007,2026-02-09 05:00:00+00:00,7.385000000000003,3.6080187552049168,3.7769812447950866,3.7769812447950866,14.265587323533842,1.0,1,1,
2026-02-09 18:00:00+00:00,week_007,2026-02-09 05:00:00+00:00,3.084999999999999,3.6567089183275794,-0.5717089183275803,0.5717089183275803,0.3268510872952919,1.0,1,1,
2026-02-09 19:00:00+00:00,week_007,2026-02-09 05:00:00+00:00,3.99,3.6567089183275794,0.33329108167242083,0.33329108167242083,0.1110829451223723,1.0,1,1,
2026-02-09 20:00:00+00:00,week_007,2026-02-09 05:00:00+00:00,6.887499999999999,2.2014087860738285,4.68609121392617,4.68609121392617,21.95945086523605,1.0,1,1,
2026-02-09 21:00:00+00:00,week_007,2026-02-09 05:00:00+00:00,9.83,2.2014087860738285,7.628591213926171,7.628591213926171,58.195403909191576,1.0,1,1,
2026-02-09 22:00:00+00:00,week_007,2026-02-09 05:00:00+00:00,13.515,-0.35443415673871437,13.869434156738714,13.869434156738714,192.36120382811055,1.0,-1,1,
2026-02-09 23:00:00+00:00,week_007,2026-02-09 05:00:00+00:00,10.475,-0.30574399361605153,10.780743993616051,10.780743993616051,116.22444105588856,1.0,-1,1,
2026-02-10 00:00:00+00:00,week_007,2026-02-09 05:00:00+00:00,19.8325,-0.35443415673871437,20.186934156738715,20.186934156738715,407.51231064850424,1.0,-1,1,
2026-02-10 01:00:00+00:00,week_007,2026-02-09 05:00:00+00:00,32.015,-0.35443415673871437,32.36943415673871,32.36943415673871,1047.7802676274428,1.0,-1,1,
2026-02-10 02:00:00+00:00,week_007,2026-02-09 05:00:00+00:00,11.362499999999995,-0.35443415673871437,11.71693415673871,11.71693415673871,137.28654603335025,1.0,-1,1,
2026-02-10 03:00:00+00:00,week_007,2026-02-09 05:00:00+00:00,0.7249999999999979,-0.30574399361605153,1.0307439936160494,1.0307439936160494,1.0624331803755624,1.0,-1,1,
2026-02-10 04:00:00+00:00,week_007,2026-02-09 05:00:00+00:00,2.66,-0.30574399361605153,2.9657439936160515,2.9657439936160515,8.795637435669686,1.0,-1,1,
2026-02-10 05:00:00+00:00,week_007,2026-02-09 05:00:00+00:00,5.532499999999999,-0.30574399361605153,5.83824399361605,5.83824399361605,34.08509292899389,1.0,-1,1,
2026-02-10 06:00:00+00:00,week_007,2026-02-09 05:00:00+00:00,8.969999999999999,-0.30574399361605153,9.27574399361605,9.27574399361605,86.03942663510423,1.0,-1,1,
2026-02-10 07:00:00+00:00,week_007,2026-02-09 05:00:00+00:00,9.677499999999998,-0.30574399361605153,9.98324399361605,9.98324399361605,99.66516063607094,1.0,-1,1,
2026-02-10 08:00:00+00:00,week_007,2026-02-09 05:00:00+00:00,11.995,-0.35443415673871437,12.349434156738713,12.349434156738713,152.5085239916248,1.0,-1,1,
2026-02-10 09:00:00+00:00,week_007,2026-02-09 05:00:00+00:00,14.135,-0.30574399361605153,14.440743993616051,14.440743993616051,208.53508708915805,1.0,-1,1,
2026-02-10 10:00:00+00:00,week_007,2026-02-09 05:00:00+00:00,8.0025,-0.35443415673871437,8.356934156738713,8.356934156738713,69.83834850006619,1.0,-1,1,
2026-02-10 11:00:00+00:00,week_007,2026-02-09 05:00:00+00:00,6.177499999999998,-0.30574399361605153,6.48324399361605,6.48324399361605,42.03245268075859,1.0,-1,1,
2026-02-10 12:00:00+00:00,week_007,2026-02-09 05:00:00+00:00,7.225000000000001,-0.30574399361605153,7.530743993616053,7.530743993616053,56.71210509738425,1.0,-1,1,
2026-02-10 13:00:00+00:00,week_007,2026-02-09 05:00:00+00:00,8.7925,-0.35443415673871437,9.146934156738714,9.146934156738714,83.66640446771338,1.0,-1,1,
2026-02-10 14:00:00+00:00,week_007,2026-02-09 05:00:00+00:00,3.6350000000000016,-0.35443415673871437,3.989434156738716,3.989434156738716,15.91558489095355,1.0,-1,1,
2026-02-10 15:00:00+00:00,week_007,2026-02-09 05:00:00+00:00,5.997499999999999,-0.30574399361605153,6.30324399361605,6.30324399361605,39.73088484305681,1.0,-1,1,
2026-02-10 16:00:00+00:00,week_007,2026-02-09 05:00:00+00:00,4.952500000000001,-0.30574399361605153,5.258243993616052,5.258243993616052,27.649129896399288,1.0,-1,1,
2026-02-10 17:00:00+00:00,week_007,2026-02-09 05:00:00+00:00,-2.4025,-0.30574399361605153,-2.0967560063839485,2.0967560063839485,4.396385750307165,-1.0,-1,1,
2026-02-10 18:00:00+00:00,week_007,2026-02-09 05:00:00+00:00,-3.52,-0.30574399361605153,-3.2142560063839483,3.2142560063839483,10.331441674575288,-1.0,-1,1,
2026-02-10 19:00:00+00:00,week_007,2026-02-09 05:00:00+00:00,-4.914999999999999,-0.30574399361605153,-4.609256006383948,4.609256006383948,21.2452409323865,-1.0,-1,1,
2026-02-10 20:00:00+00:00,week_007,2026-02-09 05:00:00+00:00,0.9525000000000006,-0.30574399361605153,1.258243993616052,1.258243993616052,1.5831779474708718,1.0,-1,1,
2026-02-10 21:00:00+00:00,week_007,2026-02-09 05:00:00+00:00,-9.265,-0.30574399361605153,-8.95925600638395,8.95925600638395,80.26826818792688,-1.0,-1,1,
2026-02-10 22:00:00+00:00,week_007,2026-02-09 05:00:00+00:00,-13.685,-0.30574399361605153,-13.37925600638395,13.37925600638395,179.004491284361,-1.0,-1,1,
2026-02-10 23:00:00+00:00,week_007,2026-02-09 05:00:00+00:00,-13.5975,-0.30574399361605153,-13.291756006383949,13.291756006383949,176.67077773324377,-1.0,-1,1,
2026-02-11 00:00:00+00:00,week_007,2026-02-09 05:00:00+00:00,-7.997500000000002,4.598995294901324,-12.596495294901327,12.596495294901327,158.67169371447127,-1.0,1,1,
2026-02-11 01:00:00+00:00,week_007,2026-02-09 05:00:00+00:00,-7.224999999999998,0.04770460183926551,-7.272704601839264,7.272704601839264,52.892232225614,-1.0,1,1,
2026-02-11 02:00:00+00:00,week_007,2026-02-09 05:00:00+00:00,-10.700000000000005,0.04770460183926551,-10.74770460183927,10.74770460183927,115.51315420839704,-1.0,1,1,
2026-02-11 03:00:00+00:00,week_007,2026-02-09 05:00:00+00:00,-8.0,0.04770460183926551,-8.047704601839266,8.047704601839266,64.7655493584649,-1.0,1,1,
2026-02-11 04:00:00+00:00,week_007,2026-02-09 05:00:00+00:00,-7.945,0.04770460183926551,-7.992704601839266,7.992704601839266,63.883326852262584,-1.0,1,1,
2026-02-11 05:00:00+00:00,week_007,2026-02-09 05:00:00+00:00,-8.462500000000002,2.978292261138052,-11.440792261138053,11.440792261138053,130.89172756251637,-1.0,1,1,
2026-02-11 06:00:00+00:00,week_007,2026-02-09 05:00:00+00:00,-2.7950000000000017,-0.24957350417430008,-2.545426495825702,2.545426495825702,6.479196045651512,-1.0,-1,1,
2026-02-11 07:00:00+00:00,week_007,2026-02-09 05:00:00+00:00,-3.4200000000000017,-1.310045431583146,-2.109954568416856,2.109954568416856,4.451908280783161,-1.0,-1,1,
2026-02-11 08:00:00+00:00,week_007,2026-02-09 05:00:00+00:00,-2.8924999999999983,-1.292517309676294,-1.5999826903237042,1.5999826903237042,2.5599446093354783,-1.0,-1,1,
2026-02-11 09:00:00+00:00,week_007,2026-02-09 05:00:00+00:00,-2.822499999999998,-1.292517309676294,-1.529982690323704,1.529982690323704,2.3408470326901587,-1.0,-1,1,
2026-02-11 10:00:00+00:00,week_007,2026-02-09 05:00:00+00:00,-1.1550000000000011,-1.0234770495499084,-0.13152295045009277,0.13152295045009277,0.017298286495097556,-1.0,-1,1,
2026-02-11 11:00:00+00:00,week_007,2026-02-09 05:00:00+00:00,0.2674999999999983,-1.1190709927997549,1.3865709927997532,1.3865709927997532,1.922579118073693,1.0,-1,1,
2026-02-11 12:00:00+00:00,week_007,2026-02-09 05:00:00+00:00,-5.457500000000003,-0.4572594678367911,-5.000240532163212,5.000240532163212,25.00240537948784,-1.0,-1,1,
2026-02-11 13:00:00+00:00,week_007,2026-02-09 05:00:00+00:00,-5.932499999999997,0.7579482026672395,-6.690448202667237,6.690448202667237,44.76209715257326,-1.0,1,1,
2026-02-11 14:00:00+00:00,week_007,2026-02-09 05:00:00+00:00,0.1975000000000015,0.7579482026672395,-0.5604482026672379,0.5604482026672379,0.3141021878729374,1.0,1,1,
2026-02-11 15:00:00+00:00,week_007,2026-02-09 05:00:00+00:00,-4.805,-0.35443415673871437,-4.450565843261286,4.450565843261286,19.80753632520404,-1.0,-1,1,
2026-02-11 16:00:00+00:00,week_007,2026-02-09 05:00:00+00:00,-6.182499999999999,-1.397377962240707,-4.785122037759292,4.785122037759292,22.89739291624964,-1.0,-1,1,
2026-02-11 17:00:00+00:00,week_007,2026-02-09 05:00:00+00:00,-7.8125,-1.397377962240707,-6.415122037759293,6.415122037759293,41.15379075934494,-1.0,-1,1,
2026-02-11 18:00:00+00:00,week_007,2026-02-09 05:00:00+00:00,-16.2125,-1.397377962240707,-14.815122037759291,14.815122037759291,219.487840993701,-1.0,-1,1,
2026-02-11 19:00:00+00:00,week_007,2026-02-09 05:00:00+00:00,-18.28,-1.397377962240707,-16.882622037759294,16.882622037759294,285.02292686983577,-1.0,-1,1,
2026-02-11 20:00:00+00:00,week_007,2026-02-09 05:00:00+00:00,-18.22,0.8343410476441577,-19.054341047644158,19.054341047644158,363.0679127599371,-1.0,1,1,
2026-02-11 21:00:00+00:00,week_007,2026-02-09 05:00:00+00:00,-15.565,0.8343410476441577,-16.399341047644157,16.399341047644157,268.93838679694653,-1.0,1,1,
2026-02-11 22:00:00+00:00,week_007,2026-02-09 05:00:00+00:00,-10.8125,0.8343410476441577,-11.646841047644157,11.646841047644157,135.64890638908886,-1.0,1,1,
2026-02-11 23:00:00+00:00,week_007,2026-02-09 05:00:00+00:00,-7.612500000000004,1.8491144606747092,-9.461614460674713,9.461614460674713,89.52214820244885,-1.0,1,1,
2026-02-12 00:00:00+00:00,week_007,2026-02-09 05:00:00+00:00,-8.034999999999997,4.074023722468184,-12.10902372246818,12.10902372246818,146.62845551129715,-1.0,1,1,
2026-02-12 01:00:00+00:00,week_007,2026-02-09 05:00:00+00:00,-10.264999999999995,4.731991627416011,-14.996991627416007,14.996991627416007,224.9097578727858,-1.0,1,1,
2026-02-12 02:00:00+00:00,week_007,2026-02-09 05:00:00+00:00,-5.994999999999997,1.7744595420480729,-7.76945954204807,7.76945954204807,60.36450157552181,-1.0,1,1,
2026-02-12 03:00:00+00:00,week_007,2026-02-09 05:00:00+00:00,-4.372499999999999,3.4348105374434605,-7.80731053744346,7.80731053744346,60.95409782807568,-1.0,1,1,
2026-02-12 04:00:00+00:00,week_007,2026-02-09 05:00:00+00:00,-0.5274999999999999,2.136881248805752,-2.6643812488057517,2.6643812488057517,7.098927438987697,-1.0,1,1,
2026-02-12 05:00:00+00:00,week_007,2026-02-09 05:00:00+00:00,-0.6724999999999994,0.853951601960246,-1.5264516019602454,1.5264516019602454,2.3300544931269997,-1.0,1,1,
2026-02-12 06:00:00+00:00,week_007,2026-02-09 05:00:00+00:00,1.2100000000000009,2.0691592724642787,-0.8591592724642778,0.8591592724642778,0.7381546554613472,1.0,1,1,
2026-02-12 07:00:00+00:00,week_007,2026-02-09 05:00:00+00:00,1.9375,2.0691592724642787,-0.13165927246427866,0.13165927246427866,0.017334164025823166,1.0,1,1,
2026-02-12 08:00:00+00:00,week_007,2026-02-09 05:00:00+00:00,-0.3125,2.0691592724642787,-2.3816592724642787,2.3816592724642787,5.6723008901150775,-1.0,1,1,
2026-02-12 09:00:00+00:00,week_007,2026-02-09 05:00:00+00:00,-1.4549999999999983,2.0691592724642787,-3.524159272464277,3.524159272464277,12.419698577695941,-1.0,1,1,
2026-02-12 10:00:00+00:00,week_007,2026-02-09 05:00:00+00:00,0.307500000000001,2.0691592724642787,-1.7616592724642777,1.7616592724642777,3.103443392259368,1.0,1,1,
2026-02-12 11:00:00+00:00,week_007,2026-02-09 05:00:00+00:00,1.6149999999999984,3.11210307796627,-1.4971030779662717,1.4971030779662717,2.2413176260560848,1.0,1,1,
2026-02-12 12:00:00+00:00,week_007,2026-02-09 05:00:00+00:00,1.3450000000000024,3.11210307796627,-1.7671030779662678,1.7671030779662678,3.1226532881578573,1.0,1,1,
2026-02-12 13:00:00+00:00,week_007,2026-02-09 05:00:00+00:00,-0.5775000000000006,3.11210307796627,-3.6896030779662707,3.6896030779662707,13.613170872938179,-1.0,1,1,
2026-02-12 14:00:00+00:00,week_007,2026-02-09 05:00:00+00:00,-7.784999999999998,3.092492523650182,-10.87749252365018,10.87749252365018,118.31984360206555,-1.0,1,1,
2026-02-12 15:00:00+00:00,week_007,2026-02-09 05:00:00+00:00,-13.8875,-0.08539389661232885,-13.80210610338767,13.80210610338767,190.4981328891712,-1.0,-1,1,
2026-02-12 16:00:00+00:00,week_007,2026-02-09 05:00:00+00:00,-12.6425,-1.397377962240707,-11.245122037759293,11.245122037759293,126.45276964409972,-1.0,-1,1,
2026-02-12 17:00:00+00:00,week_007,2026-02-09 05:00:00+00:00,-5.275,-1.0649308617597815,-4.210069138240219,4.210069138240219,17.724682148762742,-1.0,-1,1,
2026-02-12 18:00:00+00:00,week_007,2026-02-09 05:00:00+00:00,2.7575000000000003,-1.397377962240707,4.1548779622407075,4.1548779622407075,17.263010881113495,1.0,-1,1,
2026-02-12 19:00:00+00:00,week_007,2026-02-09 05:00:00+00:00,-2.1975,-1.397377962240707,-0.8001220377592928,0.8001220377592928,0.6401952753080832,-1.0,-1,1,
2026-02-12 20:00:00+00:00,week_007,2026-02-09 05:00:00+00:00,-3.69,-1.397377962240707,-2.292622037759293,2.292622037759293,5.256115808019574,-1.0,-1,1,
2026-02-12 21:00:00+00:00,week_007,2026-02-09 05:00:00+00:00,5.6425,-1.397377962240707,7.039877962240707,7.039877962240707,49.55988172324237,1.0,-1,1,
2026-02-12 22:00:00+00:00,week_007,2026-02-09 05:00:00+00:00,8.255000000000003,-1.397377962240707,9.65237796224071,9.65237796224071,93.16840032595012,1.0,-1,1,
2026-02-12 23:00:00+00:00,week_007,2026-02-09 05:00:00+00:00,-3.7324999999999946,-0.35443415673871437,-3.3780658432612802,3.3780658432612802,11.411328841408544,-1.0,-1,1,
2026-02-13 00:00:00+00:00,week_007,2026-02-09 05:00:00+00:00,5.6325,-0.30574399361605153,5.938243993616052,5.938243993616052,35.26274172771711,1.0,-1,1,
2026-02-13 01:00:00+00:00,week_007,2026-02-09 05:00:00+00:00,14.57,-0.3348236024226263,14.904823602422626,14.904823602422626,222.1537666193346,1.0,-1,1,
2026-02-13 02:00:00+00:00,week_007,2026-02-09 05:00:00+00:00,3.0524999999999984,-1.397377962240707,4.449877962240706,4.449877962240706,19.801413878835493,1.0,-1,1,
2026-02-13 03:00:00+00:00,week_007,2026-02-09 05:00:00+00:00,3.754999999999999,-1.397377962240707,5.152377962240706,5.152377962240706,26.546998665783693,1.0,-1,1,
2026-02-13 04:00:00+00:00,week_007,2026-02-09 05:00:00+00:00,2.452500000000001,-1.1283377021143215,3.5808377021143225,3.5808377021143225,12.822398648883382,1.0,-1,1,
2026-02-13 05:00:00+00:00,week_007,2026-02-09 05:00:00+00:00,-0.1950000000000002,-0.18217029173667676,-0.012829708263323442,0.012829708263323442,0.0001646014141219898,-1.0,-1,1,
2026-02-13 06:00:00+00:00,week_007,2026-02-09 05:00:00+00:00,-2.3024999999999984,-1.397377962240707,-0.9051220377592915,0.9051220377592915,0.8192459032375322,-1.0,-1,1,
2026-02-13 07:00:00+00:00,week_007,2026-02-09 05:00:00+00:00,-1.450000000000001,-1.1283377021143215,-0.32166229788567957,0.32166229788567957,0.10346663388109566,-1.0,-1,1,
2026-02-13 08:00:00+00:00,week_007,2026-02-09 05:00:00+00:00,-2.6875,-1.397377962240707,-1.290122037759293,1.290122037759293,1.6644148723121908,-1.0,-1,1,
2026-02-13 09:00:00+00:00,week_007,2026-02-09 05:00:00+00:00,-1.6674999999999969,-0.18217029173667676,-1.4853297082633201,1.4853297082633201,2.2062043422496,-1.0,-1,1,
2026-02-13 10:00:00+00:00,week_007,2026-02-09 05:00:00+00:00,3.245000000000001,2.0495487181481895,1.1954512818518115,1.1954512818518115,1.4291037672811393,1.0,1,1,
2026-02-13 11:00:00+00:00,week_007,2026-02-09 05:00:00+00:00,4.805,2.0495487181481895,2.75545128185181,2.75545128185181,7.592511766658784,1.0,1,1,
2026-02-13 12:00:00+00:00,week_007,2026-02-09 05:00:00+00:00,8.197500000000002,2.0495487181481895,6.147951281851812,6.147951281851812,37.79730496402334,1.0,1,1,
2026-02-13 13:00:00+00:00,week_007,2026-02-09 05:00:00+00:00,21.445,-1.397377962240707,22.842377962240707,22.842377962240707,521.7742309698599,1.0,-1,1,
2026-02-13 14:00:00+00:00,week_007,2026-02-09 05:00:00+00:00,8.392499999999998,-0.17109173887952675,8.563591738879525,8.563591738879525,73.33510347020565,1.0,-1,1,
2026-02-13 15:00:00+00:00,week_007,2026-02-09 05:00:00+00:00,4.017500000000002,-0.35443415673871437,4.371934156738716,4.371934156738716,19.113808270858666,1.0,-1,1,
2026-02-13 16:00:00+00:00,week_007,2026-02-09 05:00:00+00:00,1.7274999999999991,-0.35443415673871437,2.0819341567387135,2.0819341567387135,4.334449832995338,1.0,-1,1,
2026-02-13 17:00:00+00:00,week_007,2026-02-09 05:00:00+00:00,0.7774999999999999,-0.35443415673871437,1.1319341567387142,1.1319341567387142,1.281274935191784,1.0,-1,1,
2026-02-13 18:00:00+00:00,week_007,2026-02-09 05:00:00+00:00,2.240000000000002,-0.35443415673871437,2.5944341567387164,2.5944341567387164,6.731088593652534,1.0,-1,1,
2026-02-13 19:00:00+00:00,week_007,2026-02-09 05:00:00+00:00,-0.3474999999999983,-0.35443415673871437,0.006934156738716057,0.006934156738716057,4.808252967708131e-05,-1.0,-1,1,
2026-02-13 20:00:00+00:00,week_007,2026-02-09 05:00:00+00:00,-0.442499999999999,-0.30574399361605153,-0.13675600638394747,0.13675600638394747,0.01870220528208628,-1.0,-1,1,
2026-02-13 21:00:00+00:00,week_007,2026-02-09 05:00:00+00:00,0.0874999999999985,-0.35443415673871437,0.44193415673871284,0.44193415673871284,0.1953057988923572,1.0,-1,1,
2026-02-13 22:00:00+00:00,week_007,2026-02-09 05:00:00+00:00,-1.7100000000000009,-0.30574399361605153,-1.4042560063839493,1.4042560063839493,1.9719349314653982,-1.0,-1,1,
2026-02-13 23:00:00+00:00,week_007,2026-02-09 05:00:00+00:00,-1.0850000000000009,-0.30574399361605153,-0.7792560063839493,0.7792560063839493,0.6072399234854616,-1.0,-1,1,
2026-02-14 00:00:00+00:00,week_007,2026-02-09 05:00:00+00:00,-0.6574999999999989,-0.30574399361605153,-0.35175600638394733,0.35175600638394733,0.1237322880271836,-1.0,-1,1,
2026-02-14 01:00:00+00:00,week_007,2026-02-09 05:00:00+00:00,-7.1675,-0.30574399361605153,-6.861756006383949,6.861756006383949,47.0836954911462,-1.0,-1,1,
2026-02-14 02:00:00+00:00,week_007,2026-02-09 05:00:00+00:00,-7.555,-0.30574399361605153,-7.249256006383948,7.249256006383948,52.551712646093755,-1.0,-1,1,
2026-02-14 03:00:00+00:00,week_007,2026-02-09 05:00:00+00:00,-0.6224999999999987,-0.30574399361605153,-0.3167560063839472,0.3167560063839472,0.10033436758030718,-1.0,-1,1,
2026-02-14 04:00:00+00:00,week_007,2026-02-09 05:00:00+00:00,4.837499999999999,-0.30574399361605153,5.14324399361605,5.14324399361605,26.452958777867575,1.0,-1,1,
2026-02-14 05:00:00+00:00,week_007,2026-02-09 05:00:00+00:00,8.780000000000001,-0.35443415673871437,9.134434156738715,9.134434156738715,83.43788736379491,1.0,-1,1,
2026-02-14 06:00:00+00:00,week_007,2026-02-09 05:00:00+00:00,5.364999999999998,-0.35443415673871437,5.719434156738712,5.719434156738712,32.711927073269464,1.0,-1,1,
2026-02-14 07:00:00+00:00,week_007,2026-02-09 05:00:00+00:00,4.637499999999999,5.721616662069233,-1.084116662069234,1.084116662069234,1.1753089369761376,1.0,1,1,
2026-02-14 08:00:00+00:00,week_007,2026-02-09 05:00:00+00:00,2.305,4.459589478117735,-2.154589478117735,2.154589478117735,4.642255819215653,1.0,1,1,
2026-02-14 09:00:00+00:00,week_007,2026-02-09 05:00:00+00:00,2.4849999999999994,-0.30574399361605153,2.7907439936160507,2.7907439936160507,7.788252037904064,1.0,-1,1,
2026-02-14 10:00:00+00:00,week_007,2026-02-09 05:00:00+00:00,6.105,0.9094636768879785,5.195536323112022,5.195536323112022,26.99359768477639,1.0,1,1,
2026-02-14 11:00:00+00:00,week_007,2026-02-09 05:00:00+00:00,7.585000000000001,-0.036703733489666136,7.621703733489667,7.621703733489667,58.09036780109033,1.0,-1,1,
2026-02-14 12:00:00+00:00,week_007,2026-02-09 05:00:00+00:00,3.965,-0.036703733489666136,4.001703733489666,4.001703733489666,16.013632770625133,1.0,-1,1,
2026-02-14 13:00:00+00:00,week_007,2026-02-09 05:00:00+00:00,1.5150000000000006,-0.30574399361605153,1.820743993616052,1.820743993616052,3.3151086902889304,1.0,-1,1,
2026-02-14 14:00:00+00:00,week_007,2026-02-09 05:00:00+00:00,1.1550000000000011,2.195015276395199,-1.0400152763951978,1.0400152763951978,1.0816317751353797,1.0,1,1,
2026-02-14 15:00:00+00:00,week_007,2026-02-09 05:00:00+00:00,6.622500000000002,-0.30574399361605153,6.928243993616054,6.928243993616054,48.00056483507692,1.0,-1,1,
2026-02-14 16:00:00+00:00,week_007,2026-02-09 05:00:00+00:00,-4.452499999999999,-0.30574399361605153,-4.1467560063839475,4.1467560063839475,17.195585376481343,-1.0,-1,1,
2026-02-14 17:00:00+00:00,week_007,2026-02-09 05:00:00+00:00,0.6174999999999997,-0.30574399361605153,0.9232439936160513,0.9232439936160513,0.8523794717481152,1.0,-1,1,
2026-02-14 18:00:00+00:00,week_007,2026-02-09 05:00:00+00:00,10.34,-0.30574399361605153,10.645743993616051,10.645743993616051,113.33186517761223,1.0,-1,1,
2026-02-14 19:00:00+00:00,week_007,2026-02-09 05:00:00+00:00,9.26,-0.036703733489666136,9.296703733489666,9.296703733489666,86.4287003082807,1.0,-1,1,
2026-02-14 20:00:00+00:00,week_007,2026-02-09 05:00:00+00:00,7.067500000000001,-0.30574399361605153,7.373243993616052,7.373243993616052,54.36472698939519,1.0,-1,1,
2026-02-14 21:00:00+00:00,week_007,2026-02-09 05:00:00+00:00,5.552499999999998,0.7090294194145015,4.843470580585497,4.843470580585497,23.45920726499721,1.0,1,1,
2026-02-14 22:00:00+00:00,week_007,2026-02-09 05:00:00+00:00,11.41,-0.30574399361605153,11.715743993616051,11.715743993616051,137.2586573239506,1.0,-1,1,
2026-02-14 23:00:00+00:00,week_007,2026-02-09 05:00:00+00:00,-2.6474999999999973,2.0918425152114453,-4.739342515211442,4.739342515211442,22.461367476490718,-1.0,1,1,
2026-02-15 00:00:00+00:00,week_007,2026-02-09 05:00:00+00:00,-8.7975,4.323561525096309,-13.121061525096309,13.121061525096309,172.16225554536268,-1.0,1,1,
2026-02-15 01:00:00+00:00,week_007,2026-02-09 05:00:00+00:00,-8.257500000000002,4.323561525096309,-12.581061525096311,12.581061525096311,158.28310909825873,-1.0,1,1,
2026-02-15 02:00:00+00:00,week_007,2026-02-09 05:00:00+00:00,-7.545000000000002,-0.30574399361605153,-7.23925600638395,7.23925600638395,52.4068275259661,-1.0,-1,1,
2026-02-15 03:00:00+00:00,week_007,2026-02-09 05:00:00+00:00,-5.489999999999998,-0.30574399361605153,-5.184256006383947,5.184256006383947,26.876510339728032,-1.0,-1,1,
2026-02-15 04:00:00+00:00,week_007,2026-02-09 05:00:00+00:00,-6.639999999999999,-0.30574399361605153,-6.3342560063839475,6.3342560063839475,40.12279915441111,-1.0,-1,1,
2026-02-15 05:00:00+00:00,week_007,2026-02-09 05:00:00+00:00,-6.297499999999999,-0.30574399361605153,-5.991756006383948,5.991756006383948,35.90114004003812,-1.0,-1,1,
2026-02-15 06:00:00+00:00,week_007,2026-02-09 05:00:00+00:00,-3.91,-0.30574399361605153,-3.604256006383949,3.604256006383949,12.990661359554771,-1.0,-1,1,
2026-02-15 07:00:00+00:00,week_007,2026-02-09 05:00:00+00:00,-3.1125000000000007,-0.30574399361605153,-2.8067560063839494,2.8067560063839494,7.877879279372377,-1.0,-1,1,
2026-02-15 08:00:00+00:00,week_007,2026-02-09 05:00:00+00:00,-3.889999999999999,-0.30574399361605153,-3.5842560063839475,3.5842560063839475,12.846891119299404,-1.0,-1,1,
2026-02-15 09:00:00+00:00,week_007,2026-02-09 05:00:00+00:00,-3.4450000000000003,-0.35443415673871437,-3.090565843261286,3.090565843261286,9.551597231533343,-1.0,-1,1,
2026-02-15 10:00:00+00:00,week_007,2026-02-09 05:00:00+00:00,-0.8974999999999991,-0.30574399361605153,-0.5917560063839475,0.5917560063839475,0.35017517109147855,-1.0,-1,1,
2026-02-15 11:00:00+00:00,week_007,2026-02-09 05:00:00+00:00,-0.9675000000000012,-0.35443415673871437,-0.6130658432612869,0.6130658432612869,0.3758497281736728,-1.0,-1,1,
2026-02-15 12:00:00+00:00,week_007,2026-02-09 05:00:00+00:00,-4.637499999999999,-0.30574399361605153,-4.331756006383948,4.331756006383948,18.76411009884341,-1.0,-1,1,
2026-02-15 13:00:00+00:00,week_007,2026-02-09 05:00:00+00:00,-3.9025,-0.30574399361605153,-3.5967560063839485,3.5967560063839485,12.93665376945901,-1.0,-1,1,
2026-02-15 14:00:00+00:00,week_007,2026-02-09 05:00:00+00:00,-5.59,-0.30574399361605153,-5.2842560063839485,5.2842560063839485,27.923361541004837,-1.0,-1,1,
2026-02-15 15:00:00+00:00,week_007,2026-02-09 05:00:00+00:00,-0.2774999999999998,-0.30574399361605153,0.028243993616051732,0.028243993616051732,0.000797723175383571,-1.0,-1,1,
2026-02-15 16:00:00+00:00,week_007,2026-02-09 05:00:00+00:00,2.095,-0.30574399361605153,2.400743993616052,2.400743993616052,5.76357172288355,1.0,-1,1,
2026-02-15 17:00:00+00:00,week_007,2026-02-09 05:00:00+00:00,-4.7825,-0.30574399361605153,-4.476756006383948,4.476756006383948,20.04134434069476,-1.0,-1,1,
2026-02-15 18:00:00+00:00,week_007,2026-02-09 05:00:00+00:00,0.3824999999999994,-0.30574399361605153,0.6882439936160509,0.6882439936160509,0.47367979474857075,1.0,-1,1,
2026-02-15 19:00:00+00:00,week_007,2026-02-09 05:00:00+00:00,-4.58,-0.35443415673871437,-4.225565843261286,4.225565843261286,17.855406695736463,-1.0,-1,1,
2026-02-15 20:00:00+00:00,week_007,2026-02-09 05:00:00+00:00,-7.38,-0.35443415673871437,-7.025565843261285,7.025565843261285,49.35857541799965,-1.0,-1,1,
2026-02-15 21:00:00+00:00,week_007,2026-02-09 05:00:00+00:00,-7.0325,-1.397377962240707,-5.6351220377592925,5.6351220377592925,31.75460038044044,-1.0,-1,1,
2026-02-15 22:00:00+00:00,week_007,2026-02-09 05:00:00+00:00,-10.6025,0.8343410476441577,-11.436841047644156,11.436841047644156,130.8013331490783,-1.0,1,1,
2026-02-15 23:00:00+00:00,week_007,2026-02-09 05:00:00+00:00,4.462499999999999,0.8343410476441577,3.628158952355841,3.628158952355841,13.163537383559833,1.0,1,1,
2026-02-16 00:00:00+00:00,week_007,2026-02-09 05:00:00+00:00,-1.1174999999999995,3.3171776547199827,-4.434677654719982,4.434677654719982,19.66636590127272,-1.0,1,1,
2026-02-16 01:00:00+00:00,week_007,2026-02-09 05:00:00+00:00,-9.212499999999997,4.172046050875572,-13.384546050875569,13.384546050875569,179.1460729880088,-1.0,1,1,
2026-02-16 02:00:00+00:00,week_007,2026-02-09 05:00:00+00:00,-8.550000000000004,4.172046050875572,-12.722046050875576,12.722046050875576,161.85045572059886,-1.0,1,1,
2026-02-16 03:00:00+00:00,week_007,2026-02-09 05:00:00+00:00,0.8975000000000009,4.172046050875572,-3.2745460508755713,3.2745460508755713,10.722651839304799,1.0,1,1,
2026-02-16 04:00:00+00:00,week_007,2026-02-09 05:00:00+00:00,0.1475000000000008,1.2205664464751473,-1.0730664464751465,1.0730664464751465,1.1514715985507984,1.0,1,1,
2026-02-16 05:00:00+00:00,week_007,2026-02-09 05:00:00+00:00,-1.8050000000000035,1.8968954074622384,-3.701895407462242,3.701895407462242,13.704029607790039,-1.0,1,1,
2026-02-16 06:00:00+00:00,week_008,2026-02-16 05:00:00+00:00,-1.754999999999999,-1.2757996837112668,-0.47920031628873216,0.47920031628873216,0.22963294313122096,-1.0,-1,1,
2026-02-16 07:00:00+00:00,week_008,2026-02-16 05:00:00+00:00,-1.1774999999999984,1.8496312046572272,-3.0271312046572256,3.0271312046572256,9.163523330209506,-1.0,1,1,
2026-02-16 08:00:00+00:00,week_008,2026-02-16 05:00:00+00:00,2.1325000000000003,1.8496312046572272,0.2828687953427731,0.2828687953427731,0.08001475537867164,1.0,1,1,
2026-02-16 09:00:00+00:00,week_008,2026-02-16 05:00:00+00:00,2.535,2.7897830635578567,-0.2547830635578565,0.2547830635578565,0.06491440947592675,1.0,1,1,
2026-02-16 10:00:00+00:00,week_008,2026-02-16 05:00:00+00:00,0.5999999999999979,0.5479226593917433,0.05207734060825453,0.05207734060825453,0.0027120494048281565,1.0,1,1,
2026-02-16 11:00:00+00:00,week_008,2026-02-16 05:00:00+00:00,-2.3850000000000016,-0.33564782481063754,-2.049352175189364,2.049352175189364,4.199844337953379,-1.0,-1,1,
2026-02-16 12:00:00+00:00,week_008,2026-02-16 05:00:00+00:00,-1.599999999999998,-0.31099079176819683,-1.2890092082318012,1.2890092082318012,1.661544738906375,-1.0,-1,1,
2026-02-16 13:00:00+00:00,week_008,2026-02-16 05:00:00+00:00,1.4899999999999984,-0.33564782481063754,1.825647824810636,1.825647824810636,3.3329899802358067,1.0,-1,1,
2026-02-16 14:00:00+00:00,week_008,2026-02-16 05:00:00+00:00,-8.545,-0.33564782481063754,-8.209352175189363,8.209352175189363,67.39346313628631,-1.0,-1,1,
2026-02-16 15:00:00+00:00,week_008,2026-02-16 05:00:00+00:00,-4.6925,-0.33564782481063754,-4.3568521751893625,4.3568521751893625,18.98216087645228,-1.0,-1,1,
2026-02-16 16:00:00+00:00,week_008,2026-02-16 05:00:00+00:00,-3.725,-0.43826561182313856,-3.2867343881768614,3.2867343881768614,10.802622938424328,-1.0,-1,1,
2026-02-16 17:00:00+00:00,week_008,2026-02-16 05:00:00+00:00,-4.4225,-0.43826561182313856,-3.9842343881768616,3.9842343881768616,15.874123659931051,-1.0,-1,1,
2026-02-16 18:00:00+00:00,week_008,2026-02-16 05:00:00+00:00,-2.0200000000000005,-0.43826561182313856,-1.581734388176862,1.581734388176862,2.5018836747412316,-1.0,-1,1,
2026-02-16 19:00:00+00:00,week_008,2026-02-16 05:00:00+00:00,-1.95,-0.43826561182313856,-1.5117343881768615,1.5117343881768615,2.2853408603964698,-1.0,-1,1,
2026-02-16 20:00:00+00:00,week_008,2026-02-16 05:00:00+00:00,-1.96,-1.3784174707237673,-0.5815825292762327,0.5815825292762327,0.33823823835934,-1.0,-1,1,
2026-02-16 21:00:00+00:00,week_008,2026-02-16 05:00:00+00:00,-2.3875,-1.3784174707237673,-1.0090825292762329,1.0090825292762329,1.0182475508905193,-1.0,-1,1,
2026-02-16 22:00:00+00:00,week_008,2026-02-16 05:00:00+00:00,-2.1675,-1.3784174707237673,-0.7890825292762327,0.7890825292762327,0.6226512380089766,-1.0,-1,1,
2026-02-16 23:00:00+00:00,week_008,2026-02-16 05:00:00+00:00,-5.385000000000002,-1.3784174707237673,-4.006582529276234,4.006582529276234,16.052703563901545,-1.0,-1,1,
2026-02-17 00:00:00+00:00,week_008,2026-02-16 05:00:00+00:00,-1.3624999999999972,-1.3329933031073613,-0.029506696892635853,0.029506696892635853,0.0008706451615138863,-1.0,-1,1,
2026-02-17 01:00:00+00:00,week_008,2026-02-16 05:00:00+00:00,-1.2525000000000013,-1.3329933031073613,0.08049330310736003,0.08049330310736003,0.006479171845133335,-1.0,-1,1,
2026-02-17 02:00:00+00:00,week_008,2026-02-16 05:00:00+00:00,1.715,-1.3329933031073613,3.0479933031073614,3.0479933031073614,9.290263175787324,1.0,-1,1,
2026-02-17 03:00:00+00:00,week_008,2026-02-16 05:00:00+00:00,0.2300000000000004,-1.3784174707237673,1.6084174707237677,1.6084174707237677,2.587006760129442,1.0,-1,1,
2026-02-17 04:00:00+00:00,week_008,2026-02-16 05:00:00+00:00,-1.4224999999999994,-1.3784174707237673,-0.04408252927623213,0.04408252927623213,0.0019432693873898629,-1.0,-1,1,
2026-02-17 05:00:00+00:00,week_008,2026-02-16 05:00:00+00:00,-0.6875,-1.3784174707237673,0.6909174707237673,0.6909174707237673,0.47736695135132784,-1.0,-1,1,
2026-02-17 06:00:00+00:00,week_008,2026-02-16 05:00:00+00:00,2.0874999999999986,-1.3784174707237673,3.465917470723766,3.465917470723766,12.012583913868227,1.0,-1,1,
2026-02-17 07:00:00+00:00,week_008,2026-02-16 05:00:00+00:00,-0.2774999999999998,-0.43826561182313856,0.16076561182313875,0.16076561182313875,0.02584558194486813,-1.0,-1,1,
2026-02-17 08:00:00+00:00,week_008,2026-02-16 05:00:00+00:00,0.2400000000000002,-1.3784174707237673,1.6184174707237675,1.6184174707237675,2.619275109543917,1.0,-1,1,
2026-02-17 09:00:00+00:00,week_008,2026-02-16 05:00:00+00:00,1.58,-1.3784174707237673,2.9584174707237674,2.9584174707237674,8.752233931083612,1.0,-1,1,
2026-02-17 10:00:00+00:00,week_008,2026-02-16 05:00:00+00:00,-3.8625000000000007,-1.3329933031073613,-2.529506696892639,2.529506696892639,6.39840412962471,-1.0,-1,1,
2026-02-17 11:00:00+00:00,week_008,2026-02-16 05:00:00+00:00,-3.265000000000001,-0.3928414442067321,-2.872158555793269,2.872158555793269,8.249294769616476,-1.0,-1,1,
2026-02-17 12:00:00+00:00,week_008,2026-02-16 05:00:00+00:00,-1.4349999999999987,-0.3928414442067321,-1.0421585557932667,1.0421585557932667,1.0860944554131073,-1.0,-1,1,
2026-02-17 13:00:00+00:00,week_008,2026-02-16 05:00:00+00:00,-2.7425,-0.3681844111642914,-2.374315588835709,2.374315588835709,5.637374515388259,-1.0,-1,1,
2026-02-17 14:00:00+00:00,week_008,2026-02-16 05:00:00+00:00,5.055,-0.41360857878069784,5.468608578780698,5.468608578780698,29.905679787913844,1.0,-1,1,
2026-02-17 15:00:00+00:00,week_008,2026-02-16 05:00:00+00:00,15.38,-0.35641495938460327,15.736414959384604,15.736414959384604,247.63475577394354,1.0,-1,1,
2026-02-17 16:00:00+00:00,week_008,2026-02-16 05:00:00+00:00,-0.0650000000000002,-0.41360857878069784,0.3486085787806976,0.3486085787806976,0.12152794119949786,-1.0,-1,1,
2026-02-17 17:00:00+00:00,week_008,2026-02-16 05:00:00+00:00,-7.4975,-0.41360857878069784,-7.083891421219302,7.083891421219302,50.18151766762442,-1.0,-1,1,
2026-02-17 18:00:00+00:00,week_008,2026-02-16 05:00:00+00:00,-10.357500000000002,-0.43826561182313856,-9.919234388176863,9.919234388176863,98.39121084759041,-1.0,-1,1,
2026-02-17 19:00:00+00:00,week_008,2026-02-16 05:00:00+00:00,-15.027500000000002,-0.43826561182313856,-14.589234388176862,14.589234388176862,212.84576003316232,-1.0,-1,1,
2026-02-17 20:00:00+00:00,week_008,2026-02-16 05:00:00+00:00,-18.335,-0.43826561182313856,-17.896734388176863,17.896734388176863,320.2931017609523,-1.0,-1,1,
2026-02-17 21:00:00+00:00,week_008,2026-02-16 05:00:00+00:00,-11.84,-1.3784174707237673,-10.461582529276232,10.461582529276232,109.44470901685767,-1.0,-1,1,
2026-02-17 22:00:00+00:00,week_008,2026-02-16 05:00:00+00:00,-0.7875,-0.43826561182313856,-0.3492343881768614,0.3492343881768614,0.12196465788526673,-1.0,-1,1,
2026-02-17 23:00:00+00:00,week_008,2026-02-16 05:00:00+00:00,-1.3250000000000028,-1.3784174707237673,0.05341747072376446,0.05341747072376446,0.002853426178524233,-1.0,-1,1,
2026-02-18 00:00:00+00:00,week_008,2026-02-16 05:00:00+00:00,-1.882500000000004,-1.3329933031073613,-0.5495066968926428,0.5495066968926428,0.30195760992986276,-1.0,-1,1,
2026-02-18 01:00:00+00:00,week_008,2026-02-16 05:00:00+00:00,-4.962500000000002,-1.3329933031073613,-3.6295066968926406,3.6295066968926406,13.173318862788527,-1.0,-1,1,
2026-02-18 02:00:00+00:00,week_008,2026-02-16 05:00:00+00:00,-2.3475,-1.3329933031073613,-1.0145066968926388,1.0145066968926388,1.0292238380400125,-1.0,-1,1,
2026-02-18 03:00:00+00:00,week_008,2026-02-16 05:00:00+00:00,-2.3649999999999984,-0.3928414442067321,-1.9721585557932664,1.9721585557932664,3.889409369188582,-1.0,-1,1,
2026-02-18 04:00:00+00:00,week_008,2026-02-16 05:00:00+00:00,-1.5599999999999987,-0.3928414442067321,-1.1671585557932667,1.1671585557932667,1.362259094361424,-1.0,-1,1,
2026-02-18 05:00:00+00:00,week_008,2026-02-16 05:00:00+00:00,1.2999999999999972,-0.3681844111642914,1.6681844111642885,1.6681844111642885,2.782839229651544,1.0,-1,1,
2026-02-18 06:00:00+00:00,week_008,2026-02-16 05:00:00+00:00,-0.5,-0.3928414442067321,-0.10715855579326788,0.10715855579326788,0.011482956079698906,-1.0,-1,1,
2026-02-18 07:00:00+00:00,week_008,2026-02-16 05:00:00+00:00,-1.950000000000001,-1.3329933031073613,-0.6170066968926398,0.6170066968926398,0.38069726401036585,-1.0,-1,1,
2026-02-18 08:00:00+00:00,week_008,2026-02-16 05:00:00+00:00,-3.322499999999998,-1.3329933031073613,-1.9895066968926367,1.9895066968926367,3.95813689698065,-1.0,-1,1,
2026-02-18 09:00:00+00:00,week_008,2026-02-16 05:00:00+00:00,-3.3825000000000003,-1.3329933031073613,-2.0495066968926388,2.0495066968926388,4.200477700607775,-1.0,-1,1,
2026-02-18 10:00:00+00:00,week_008,2026-02-16 05:00:00+00:00,-5.552499999999998,-1.3329933031073613,-4.219506696892637,4.219506696892637,17.80423676512181,-1.0,-1,1,
2026-02-18 11:00:00+00:00,week_008,2026-02-16 05:00:00+00:00,-4.719999999999999,-1.3329933031073613,-3.3870066968926373,3.3870066968926373,11.471814364795573,-1.0,-1,1,
2026-02-18 12:00:00+00:00,week_008,2026-02-16 05:00:00+00:00,-6.640000000000001,-1.3329933031073613,-5.307006696892639,5.307006696892639,28.16432008086332,-1.0,-1,1,
2026-02-18 13:00:00+00:00,week_008,2026-02-16 05:00:00+00:00,-7.692499999999999,-0.3928414442067321,-7.2996585557932665,7.2996585557932665,53.285015031165834,-1.0,-1,1,
2026-02-18 14:00:00+00:00,week_008,2026-02-16 05:00:00+00:00,2.3924999999999983,-0.3928414442067321,2.7853414442067304,2.7853414442067304,7.758126960815634,1.0,-1,1,
2026-02-18 15:00:00+00:00,week_008,2026-02-16 05:00:00+00:00,-0.0025000000000012,-0.3681844111642914,0.3656844111642902,0.3656844111642902,0.13372508856857362,-1.0,-1,1,
2026-02-18 16:00:00+00:00,week_008,2026-02-16 05:00:00+00:00,1.740000000000002,-0.3681844111642914,2.1081844111642933,2.1081844111642933,4.444441511476138,1.0,-1,1,
2026-02-18 17:00:00+00:00,week_008,2026-02-16 05:00:00+00:00,6.0525,-0.3681844111642914,6.420684411164292,6.420684411164292,41.22518830776814,1.0,-1,1,
2026-02-18 18:00:00+00:00,week_008,2026-02-16 05:00:00+00:00,4.874999999999999,-0.3657852673442472,5.240785267344246,5.240785267344246,27.465830218412503,1.0,-1,1,
2026-02-18 19:00:00+00:00,week_008,2026-02-16 05:00:00+00:00,-2.6425000000000005,-0.3928414442067321,-2.2496585557932685,2.2496585557932685,5.060963617653854,-1.0,-1,1,
2026-02-18 20:00:00+00:00,week_008,2026-02-16 05:00:00+00:00,6.475,-0.41120943496065365,6.886209434960653,6.886209434960653,47.41988038214112,1.0,-1,1,
2026-02-18 21:00:00+00:00,week_008,2026-02-16 05:00:00+00:00,5.907499999999999,-0.41120943496065365,6.3187094349606525,6.3187094349606525,39.92608892346077,1.0,-1,1,
2026-02-18 22:00:00+00:00,week_008,2026-02-16 05:00:00+00:00,3.6875,-1.3784174707237673,5.065917470723767,5.065917470723767,25.66351982018429,1.0,-1,1,
2026-02-18 23:00:00+00:00,week_008,2026-02-16 05:00:00+00:00,-3.822499999999998,-0.43826561182313856,-3.3842343881768593,3.3842343881768593,11.453042394118802,-1.0,-1,1,
2026-02-19 00:00:00+00:00,week_008,2026-02-16 05:00:00+00:00,-1.4075000000000024,-1.3784174707237673,-0.029082529276235114,0.029082529276235114,0.0008457935091030725,-1.0,-1,1,
2026-02-19 01:00:00+00:00,week_008,2026-02-16 05:00:00+00:00,-2.044999999999998,-0.3928414442067321,-1.652158555793266,1.652158555793266,2.729627893480891,-1.0,-1,1,
2026-02-19 02:00:00+00:00,week_008,2026-02-16 05:00:00+00:00,-0.9475000000000016,-0.3928414442067321,-0.5546585557932695,0.5546585557932695,0.30764611351467547,-1.0,-1,1,
2026-02-19 03:00:00+00:00,week_008,2026-02-16 05:00:00+00:00,1.2825000000000024,-0.3681844111642914,1.6506844111642938,1.6506844111642938,2.7247590252608114,1.0,-1,1,
2026-02-19 04:00:00+00:00,week_008,2026-02-16 05:00:00+00:00,-2.7399999999999984,-0.3928414442067321,-2.3471585557932664,2.3471585557932664,5.509153286033532,-1.0,-1,1,
2026-02-19 05:00:00+00:00,week_008,2026-02-16 05:00:00+00:00,-4.005000000000001,-0.3681844111642914,-3.6368155888357094,3.6368155888357094,13.226427627198428,-1.0,-1,1,
2026-02-19 06:00:00+00:00,week_008,2026-02-16 05:00:00+00:00,-1.2399999999999984,-0.3681844111642914,-0.8718155888357071,0.8718155888357071,0.7600624209369506,-1.0,-1,1,
2026-02-19 07:00:00+00:00,week_008,2026-02-16 05:00:00+00:00,-1.379999999999999,-1.3784174707237673,-0.0015825292762317034,0.0015825292762317034,2.504398910130439e-06,-1.0,-1,1,
2026-02-19 08:00:00+00:00,week_008,2026-02-16 05:00:00+00:00,-0.3899999999999988,-1.3784174707237673,0.9884174707237685,0.9884174707237685,0.9769690964319718,-1.0,-1,1,
2026-02-19 09:00:00+00:00,week_008,2026-02-16 05:00:00+00:00,-0.8200000000000003,-1.3784174707237673,0.558417470723767,0.558417470723767,0.3118300716095292,-1.0,-1,1,
2026-02-19 10:00:00+00:00,week_008,2026-02-16 05:00:00+00:00,-1.3299999999999983,-1.3329933031073613,0.00299330310736301,0.00299330310736301,8.959863492549052e-06,-1.0,-1,1,
2026-02-19 11:00:00+00:00,week_008,2026-02-16 05:00:00+00:00,1.307500000000001,-1.3329933031073613,2.6404933031073625,2.6404933031073625,6.97220488375483,1.0,-1,1,
2026-02-19 12:00:00+00:00,week_008,2026-02-16 05:00:00+00:00,-0.5799999999999983,-0.3928414442067321,-0.18715855579326618,0.18715855579326618,0.035028325006621126,-1.0,-1,1,
2026-02-19 13:00:00+00:00,week_008,2026-02-16 05:00:00+00:00,-1.1275000000000013,-0.3928414442067321,-0.7346585557932692,0.7346585557932692,0.5397231936002521,-1.0,-1,1,
2026-02-19 14:00:00+00:00,week_008,2026-02-16 05:00:00+00:00,-1.0749999999999993,-0.3928414442067321,-0.6821585557932672,0.6821585557932672,0.4653402952419561,-1.0,-1,1,
2026-02-19 15:00:00+00:00,week_008,2026-02-16 05:00:00+00:00,-1.7075,-0.43826561182313856,-1.2692343881768615,1.2692343881768615,1.6109559321306919,-1.0,-1,1,
2026-02-19 16:00:00+00:00,week_008,2026-02-16 05:00:00+00:00,-3.655,-0.41120943496065365,-3.243790565039346,3.243790565039346,10.522177229838281,-1.0,-1,1,
2026-02-19 17:00:00+00:00,week_008,2026-02-16 05:00:00+00:00,-3.4925,-0.43826561182313856,-3.0542343881768614,3.0542343881768614,9.328347697922087,-1.0,-1,1,
2026-02-19 18:00:00+00:00,week_008,2026-02-16 05:00:00+00:00,-4.03,-0.43826561182313856,-3.5917343881768615,3.5917343881768615,12.900555915212214,-1.0,-1,1,
2026-02-19 19:00:00+00:00,week_008,2026-02-16 05:00:00+00:00,-3.4925,-0.43826561182313856,-3.0542343881768614,3.0542343881768614,9.328347697922087,-1.0,-1,1,
2026-02-19 20:00:00+00:00,week_008,2026-02-16 05:00:00+00:00,-3.9425,-0.43826561182313856,-3.504234388176861,3.504234388176861,12.279658647281261,-1.0,-1,1,
2026-02-19 21:00:00+00:00,week_008,2026-02-16 05:00:00+00:00,-5.275,-1.3784174707237673,-3.896582529276233,3.896582529276233,15.183355407460766,-1.0,-1,1,
2026-02-19 22:00:00+00:00,week_008,2026-02-16 05:00:00+00:00,-1.0525000000000002,-0.43826561182313856,-0.6142343881768617,0.6142343881768617,0.3772838836190036,-1.0,-1,1,
2026-02-19 23:00:00+00:00,week_008,2026-02-16 05:00:00+00:00,10.522499999999996,-1.3784174707237673,11.900917470723762,11.900917470723762,141.63183664497805,1.0,-1,1,
2026-02-20 00:00:00+00:00,week_008,2026-02-16 05:00:00+00:00,8.037500000000001,-1.3329933031073613,9.370493303107363,9.370493303107363,87.80614474357994,1.0,-1,1,
2026-02-20 01:00:00+00:00,week_008,2026-02-16 05:00:00+00:00,26.805,-1.3329933031073613,28.13799330310736,28.13799330310736,791.7466671257147,1.0,-1,1,
2026-02-20 02:00:00+00:00,week_008,2026-02-16 05:00:00+00:00,36.0475,-1.3784174707237673,37.42591747072377,37.42591747072377,1400.6992985254265,1.0,-1,1,
2026-02-20 03:00:00+00:00,week_008,2026-02-16 05:00:00+00:00,28.167500000000004,-1.3329933031073613,29.500493303107366,29.500493303107366,870.2791051266826,1.0,-1,1,
2026-02-20 04:00:00+00:00,week_008,2026-02-16 05:00:00+00:00,2.9725,-1.3329933031073613,4.305493303107362,4.305493303107362,18.53727258310234,1.0,-1,1,
2026-02-20 05:00:00+00:00,week_008,2026-02-16 05:00:00+00:00,3.325,-1.3329933031073613,4.657993303107362,4.657993303107362,21.69690161179303,1.0,-1,1,
2026-02-20 06:00:00+00:00,week_008,2026-02-16 05:00:00+00:00,0.2899999999999991,-1.3329933031073613,1.6229933031073605,1.6229933031073605,2.6341072619313404,1.0,-1,1,
2026-02-20 07:00:00+00:00,week_008,2026-02-16 05:00:00+00:00,0.0199999999999995,-1.3329933031073613,1.3529933031073609,1.3529933031073609,1.8305908782533669,1.0,-1,1,
2026-02-20 08:00:00+00:00,week_008,2026-02-16 05:00:00+00:00,-2.120000000000001,-1.3784174707237673,-0.7415825292762337,0.7415825292762337,0.549944647727736,-1.0,-1,1,
2026-02-20 09:00:00+00:00,week_008,2026-02-16 05:00:00+00:00,-2.2474999999999987,-1.3784174707237673,-0.8690825292762314,0.8690825292762314,0.7553044426931717,-1.0,-1,1,
2026-02-20 10:00:00+00:00,week_008,2026-02-16 05:00:00+00:00,-0.6499999999999986,-1.3329933031073613,0.6829933031073627,0.6829933031073627,0.4664798520895059,-1.0,-1,1,
2026-02-20 11:00:00+00:00,week_008,2026-02-16 05:00:00+00:00,0.9599999999999972,-1.3784174707237673,2.3384174707237646,2.3384174707237646,5.468196267386128,1.0,-1,1,
2026-02-20 12:00:00+00:00,week_008,2026-02-16 05:00:00+00:00,-0.7249999999999979,-1.3329933031073613,0.6079933031073634,0.6079933031073634,0.36965585662340233,-1.0,-1,1,
2026-02-20 13:00:00+00:00,week_008,2026-02-16 05:00:00+00:00,-1.6425000000000018,-1.3329933031073613,-0.30950669689264054,0.30950669689264054,0.09579439542139287,-1.0,-1,1,
2026-02-20 14:00:00+00:00,week_008,2026-02-16 05:00:00+00:00,-1.5125000000000028,-0.3928414442067321,-1.1196585557932708,1.1196585557932708,1.253635281561073,-1.0,-1,1,
2026-02-20 15:00:00+00:00,week_008,2026-02-16 05:00:00+00:00,-3.112499999999999,-0.43826561182313856,-2.67423438817686,2.67423438817686,7.151529562907666,-1.0,-1,1,
2026-02-20 16:00:00+00:00,week_008,2026-02-16 05:00:00+00:00,-0.4599999999999991,-0.3681844111642914,-0.09181558883570767,0.09181558883570767,0.008430102353247728,-1.0,-1,1,
2026-02-20 17:00:00+00:00,week_008,2026-02-16 05:00:00+00:00,-0.5825000000000014,-0.3681844111642914,-0.21431558883570995,0.21431558883570995,0.045931171617997084,-1.0,-1,1,
2026-02-20 18:00:00+00:00,week_008,2026-02-16 05:00:00+00:00,-3.227499999999999,-0.3928414442067321,-2.834658555793267,2.834658555793267,8.035289127931971,-1.0,-1,1,
2026-02-20 19:00:00+00:00,week_008,2026-02-16 05:00:00+00:00,-0.4124999999999996,-0.3928414442067321,-0.019658555793267474,0.019658555793267474,0.00038645881587701016,-1.0,-1,1,
2026-02-20 20:00:00+00:00,week_008,2026-02-16 05:00:00+00:00,7.0725,-0.3928414442067321,7.465341444206732,7.465341444206732,55.73132287859066,1.0,-1,1,
2026-02-20 21:00:00+00:00,week_008,2026-02-16 05:00:00+00:00,10.590000000000003,-0.3928414442067321,10.982841444206736,10.982841444206736,120.6228061885851,1.0,-1,1,
2026-02-20 22:00:00+00:00,week_008,2026-02-16 05:00:00+00:00,11.9475,-0.3928414442067321,12.340341444206732,12.340341444206732,152.2840269596063,1.0,-1,1,
2026-02-20 23:00:00+00:00,week_008,2026-02-16 05:00:00+00:00,12.959999999999996,1.1628109260637332,11.797189073936263,11.797189073936263,139.17367004620112,1.0,1,1,
2026-02-21 00:00:00+00:00,week_008,2026-02-16 05:00:00+00:00,15.4025,9.666127703832997,5.736372296167003,5.736372296167003,32.9059671202323,1.0,1,1,
2026-02-21 01:00:00+00:00,week_008,2026-02-16 05:00:00+00:00,24.32,-0.3681844111642914,24.688184411164293,24.688184411164293,609.5064495196556,1.0,-1,1,
2026-02-21 02:00:00+00:00,week_008,2026-02-16 05:00:00+00:00,38.0,-0.3681844111642914,38.36818441116429,38.36818441116429,1472.1175750091106,1.0,-1,1,
2026-02-21 03:00:00+00:00,week_008,2026-02-16 05:00:00+00:00,35.9575,3.4597851985113683,32.497714801488634,32.497714801488634,1056.1014673188934,1.0,1,1,
2026-02-21 04:00:00+00:00,week_008,2026-02-16 05:00:00+00:00,12.982500000000002,-0.3681844111642914,13.350684411164293,13.350684411164293,178.24077424650525,1.0,-1,1,
2026-02-21 05:00:00+00:00,week_008,2026-02-16 05:00:00+00:00,11.7725,-0.3681844111642914,12.140684411164292,12.140684411164292,147.39621797148766,1.0,-1,1,
2026-02-21 06:00:00+00:00,week_008,2026-02-16 05:00:00+00:00,2.5024999999999977,-0.3681844111642914,2.870684411164289,2.870684411164289,8.240828988501661,1.0,-1,1,
2026-02-21 07:00:00+00:00,week_008,2026-02-16 05:00:00+00:00,2.2499999999999964,-0.3681844111642914,2.618184411164288,2.618184411164288,6.8548896108636885,1.0,-1,1,
2026-02-21 08:00:00+00:00,week_008,2026-02-16 05:00:00+00:00,1.1849999999999987,2.0759165403197666,-0.8909165403197679,0.8909165403197679,0.7937322818153445,1.0,1,1,
2026-02-21 09:00:00+00:00,week_008,2026-02-16 05:00:00+00:00,3.1325000000000003,-0.3681844111642914,3.5006844111642916,3.5006844111642916,12.254791346568684,1.0,-1,1,
2026-02-21 10:00:00+00:00,week_008,2026-02-16 05:00:00+00:00,3.1474999999999973,-0.3681844111642914,3.5156844111642886,3.5156844111642886,12.36003687890359,1.0,-1,1,
2026-02-21 11:00:00+00:00,week_008,2026-02-16 05:00:00+00:00,-2.012500000000001,-0.3681844111642914,-1.6443155888357097,1.6443155888357097,2.7037737556881267,-1.0,-1,1,
2026-02-21 12:00:00+00:00,week_008,2026-02-16 05:00:00+00:00,-3.4674999999999976,-1.3329933031073613,-2.134506696892636,2.134506696892636,4.556118839079511,-1.0,-1,1,
2026-02-21 13:00:00+00:00,week_008,2026-02-16 05:00:00+00:00,-3.077500000000001,-0.43826561182313856,-2.6392343881768623,2.6392343881768623,6.965558155735296,-1.0,-1,1,
2026-02-21 14:00:00+00:00,week_008,2026-02-16 05:00:00+00:00,-14.760000000000002,-1.3784174707237673,-13.381582529276233,13.381582529276233,179.06675098783091,-1.0,-1,1,
2026-02-21 15:00:00+00:00,week_008,2026-02-16 05:00:00+00:00,-6.875,-1.3784174707237673,-5.496582529276233,5.496582529276233,30.21241950114471,-1.0,-1,1,
2026-02-21 16:00:00+00:00,week_008,2026-02-16 05:00:00+00:00,-6.16,-1.3784174707237673,-4.781582529276233,4.781582529276233,22.863531484279697,-1.0,-1,1,
2026-02-21 17:00:00+00:00,week_008,2026-02-16 05:00:00+00:00,-4.315,-1.3784174707237673,-2.936582529276233,2.936582529276233,8.623516951250398,-1.0,-1,1,
2026-02-21 18:00:00+00:00,week_008,2026-02-16 05:00:00+00:00,-3.8325,-1.3784174707237673,-2.4540825292762327,2.4540825292762327,6.022521060498832,-1.0,-1,1,
2026-02-21 19:00:00+00:00,week_008,2026-02-16 05:00:00+00:00,-2.465,-1.3784174707237673,-1.0865825292762326,1.0865825292762326,1.1806615929283348,-1.0,-1,1,
2026-02-21 20:00:00+00:00,week_008,2026-02-16 05:00:00+00:00,-3.47,-1.3784174707237673,-2.091582529276233,2.091582529276233,4.374717476773563,-1.0,-1,1,
2026-02-21 21:00:00+00:00,week_008,2026-02-16 05:00:00+00:00,-9.0075,-1.3784174707237673,-7.629082529276233,7.629082529276233,58.202900238507844,-1.0,-1,1,
2026-02-21 22:00:00+00:00,week_008,2026-02-16 05:00:00+00:00,-13.1925,-1.3784174707237673,-11.814082529276234,11.814082529276234,139.57254600854995,-1.0,-1,1,
2026-02-21 23:00:00+00:00,week_008,2026-02-16 05:00:00+00:00,-5.1425,-1.3784174707237673,-3.7640825292762328,3.7640825292762328,14.168317287202562,-1.0,-1,1,
2026-02-22 00:00:00+00:00,week_008,2026-02-16 05:00:00+00:00,13.117500000000003,-1.3784174707237673,14.495917470723771,14.495917470723771,210.13162331803466,1.0,-1,1,
2026-02-22 01:00:00+00:00,week_008,2026-02-16 05:00:00+00:00,12.0225,0.9088671010587517,11.11363289894125,11.11363289894125,123.51283621242928,1.0,1,1,
2026-02-22 02:00:00+00:00,week_008,2026-02-16 05:00:00+00:00,7.607499999999998,-1.3329933031073613,8.94049330310736,8.94049330310736,79.93242050290755,1.0,-1,1,
2026-02-22 03:00:00+00:00,week_008,2026-02-16 05:00:00+00:00,0.4774999999999991,-0.20195808086445896,0.679458080864458,0.679458080864458,0.46166328365201237,1.0,-1,1,
2026-02-22 04:00:00+00:00,week_008,2026-02-16 05:00:00+00:00,1.072499999999998,4.423720141035785,-3.351220141035787,3.351220141035787,11.230676433683922,1.0,1,1,
2026-02-22 05:00:00+00:00,week_008,2026-02-16 05:00:00+00:00,0.8500000000000014,4.423720141035785,-3.5737201410357837,3.5737201410357837,12.771475646444822,1.0,1,1,
2026-02-22 06:00:00+00:00,week_008,2026-02-16 05:00:00+00:00,2.202500000000001,2.2759879701650974,-0.07348797016509634,0.07348797016509634,0.00540048175898609,1.0,1,1,
2026-02-22 07:00:00+00:00,week_008,2026-02-16 05:00:00+00:00,7.127499999999998,0.9088671010587517,6.218632898941246,6.218632898941246,38.671395131794405,1.0,1,1,
2026-02-22 08:00:00+00:00,week_008,2026-02-16 05:00:00+00:00,4.717500000000001,4.315723237148921,0.40177676285108,0.40177676285108,0.16142456716709297,1.0,1,1,
2026-02-22 09:00:00+00:00,week_008,2026-02-16 05:00:00+00:00,3.61,2.1818597368696735,1.4281402631303264,1.4281402631303264,2.0395846111739577,1.0,1,1,
2026-02-22 10:00:00+00:00,week_008,2026-02-16 05:00:00+00:00,-0.2250000000000014,4.8548377570357815,-5.079837757035783,5.079837757035783,25.804751637806334,-1.0,1,1,
2026-02-22 11:00:00+00:00,week_008,2026-02-16 05:00:00+00:00,-6.445,4.074011282105674,-10.519011282105675,10.519011282105675,110.64959835306647,-1.0,1,1,
2026-02-22 12:00:00+00:00,week_008,2026-02-16 05:00:00+00:00,-5.2499999999999964,2.502240843712118,-7.752240843712114,7.752240843712114,60.09723809891831,-1.0,1,1,
2026-02-22 13:00:00+00:00,week_008,2026-02-16 05:00:00+00:00,10.78,3.6296898317895137,7.150310168210486,7.150310168210486,51.12693550161426,1.0,1,1,
2026-02-22 14:00:00+00:00,week_008,2026-02-16 05:00:00+00:00,-5.392500000000002,1.8496312046572272,-7.242131204657229,7.242131204657229,52.44846438546996,-1.0,1,1,
2026-02-22 15:00:00+00:00,week_008,2026-02-16 05:00:00+00:00,-3.7125,-0.44942281890498004,-3.26307718109502,3.26307718109502,10.647672689783022,-1.0,-1,1,
2026-02-22 16:00:00+00:00,week_008,2026-02-16 05:00:00+00:00,-4.1225000000000005,-1.3329933031073613,-2.789506696892639,2.789506696892639,7.781347612008881,-1.0,-1,1,
2026-02-22 17:00:00+00:00,week_008,2026-02-16 05:00:00+00:00,-3.28,-1.3329933031073613,-1.9470066968926385,1.9470066968926385,3.7908350777447826,-1.0,-1,1,
2026-02-22 18:00:00+00:00,week_008,2026-02-16 05:00:00+00:00,-0.6525000000000001,-1.3784174707237673,0.7259174707237672,0.7259174707237672,0.5269561743019915,-1.0,-1,1,
2026-02-22 19:00:00+00:00,week_008,2026-02-16 05:00:00+00:00,2.0125,-1.3329933031073613,3.3454933031073617,3.3454933031073617,11.192325441136205,1.0,-1,1,
2026-02-22 20:00:00+00:00,week_008,2026-02-16 05:00:00+00:00,2.055,-1.3329933031073613,3.3879933031073612,3.3879933031073612,11.478498621900329,1.0,-1,1,
2026-02-22 21:00:00+00:00,week_008,2026-02-16 05:00:00+00:00,0.76,0.9088671010587517,-0.14886710105875167,0.14886710105875167,0.02216141377763658,1.0,1,1,
2026-02-22 22:00:00+00:00,week_008,2026-02-16 05:00:00+00:00,-6.074999999999999,0.9088671010587517,-6.983867101058751,6.983867101058751,48.774399685250756,-1.0,1,1,
2026-02-22 23:00:00+00:00,week_008,2026-02-16 05:00:00+00:00,0.7099999999999973,0.9088671010587517,-0.19886710105875438,0.19886710105875438,0.03954812388351283,1.0,1,1,
2026-02-23 00:00:00+00:00,week_008,2026-02-16 05:00:00+00:00,4.182499999999997,0.9088671010587517,3.273632898941246,3.273632898941246,10.716672357030467,1.0,1,1,
2026-02-23 01:00:00+00:00,week_008,2026-02-16 05:00:00+00:00,-2.805,1.8834089599721422,-4.688408959972143,4.688408959972143,21.981178575947066,-1.0,1,1,
2026-02-23 02:00:00+00:00,week_008,2026-02-16 05:00:00+00:00,-6.965000000000003,2.553164438003572,-9.518164438003575,9.518164438003575,90.59545426887591,-1.0,1,1,
2026-02-23 03:00:00+00:00,week_008,2026-02-16 05:00:00+00:00,-0.6400000000000006,3.2253409995077105,-3.865340999507711,3.865340999507711,14.940861042475271,-1.0,1,1,
2026-02-23 04:00:00+00:00,week_008,2026-02-16 05:00:00+00:00,-1.9874999999999967,1.7924375852611327,-3.7799375852611297,3.7799375852611297,14.28792814846974,-1.0,1,1,
2026-02-23 05:00:00+00:00,week_008,2026-02-16 05:00:00+00:00,-1.4899999999999984,0.9088671010587517,-2.39886710105875,2.39886710105875,5.75456336854201,-1.0,1,1,
2026-02-23 06:00:00+00:00,week_009,2026-02-23 05:00:00+00:00,-5.699999999999999,2.032818134097772,-7.732818134097771,7.732818134097771,59.79647629503133,-1.0,1,1,
2026-02-23 07:00:00+00:00,week_009,2026-02-23 05:00:00+00:00,-0.817499999999999,2.032818134097772,-2.850318134097771,2.850318134097771,8.124313465566598,-1.0,1,1,
2026-02-23 08:00:00+00:00,week_009,2026-02-23 05:00:00+00:00,-3.842500000000001,-1.0452573864085366,-2.7972426135914645,2.7972426135914645,7.8245662392920075,-1.0,-1,1,
2026-02-23 09:00:00+00:00,week_009,2026-02-23 05:00:00+00:00,-7.607500000000002,0.07693781586217009,-7.684437815862172,7.684437815862172,59.05058454585258,-1.0,1,1,
2026-02-23 10:00:00+00:00,week_009,2026-02-23 05:00:00+00:00,-9.9175,2.326479775446744,-12.243979775446745,12.243979775446745,149.91504074154892,-1.0,1,1,
2026-02-23 11:00:00+00:00,week_009,2026-02-23 05:00:00+00:00,-19.145,1.2327617621946663,-20.377761762194666,20.377761762194666,415.25317443676306,-1.0,1,1,
2026-02-23 12:00:00+00:00,week_009,2026-02-23 05:00:00+00:00,-15.07,2.326479775446744,-17.396479775446743,17.396479775446743,302.63750857752757,-1.0,1,1,
2026-02-23 13:00:00+00:00,week_009,2026-02-23 05:00:00+00:00,-8.235,2.326479775446744,-10.561479775446744,10.561479775446744,111.5448550471706,-1.0,1,1,
2026-02-23 14:00:00+00:00,week_009,2026-02-23 05:00:00+00:00,-13.275,2.326479775446744,-15.601479775446744,15.601479775446744,243.4061711836738,-1.0,1,1,
2026-02-23 15:00:00+00:00,week_009,2026-02-23 05:00:00+00:00,-3.4475,-1.064675769355084,-2.382824230644916,2.382824230644916,5.677851314148535,-1.0,-1,1,
2026-02-23 16:00:00+00:00,week_009,2026-02-23 05:00:00+00:00,-1.0525,-1.3389190277575094,0.2864190277575094,0.2864190277575094,0.08203585946155693,-1.0,-1,1,
2026-02-23 17:00:00+00:00,week_009,2026-02-23 05:00:00+00:00,-0.46,0.8199735194105305,-1.2799735194105306,1.2799735194105306,1.63833221039218,-1.0,1,1,
2026-02-23 18:00:00+00:00,week_009,2026-02-23 05:00:00+00:00,-1.4875,0.8199735194105305,-2.3074735194105305,2.3074735194105305,5.32443404278082,-1.0,1,1,
2026-02-23 19:00:00+00:00,week_009,2026-02-23 05:00:00+00:00,-1.4375,0.8199735194105305,-2.2574735194105306,2.2574735194105306,5.096186690839768,-1.0,1,1,
2026-02-23 20:00:00+00:00,week_009,2026-02-23 05:00:00+00:00,-1.4425,0.8199735194105305,-2.2624735194105305,2.2624735194105305,5.118786426033872,-1.0,1,1,
2026-02-23 21:00:00+00:00,week_009,2026-02-23 05:00:00+00:00,-0.2575,0.8199735194105305,-1.0774735194105305,1.0774735194105305,1.1609491850309148,-1.0,1,1,
2026-02-23 22:00:00+00:00,week_009,2026-02-23 05:00:00+00:00,-1.62,-1.3389190277575094,-0.28108097224249073,0.28108097224249073,0.07900651295678385,-1.0,-1,1,
2026-02-23 23:00:00+00:00,week_009,2026-02-23 05:00:00+00:00,0.5124999999999993,-1.3389190277575094,1.8514190277575087,1.8514190277575087,3.4277524163425586,1.0,-1,1,
2026-02-24 00:00:00+00:00,week_009,2026-02-23 05:00:00+00:00,-3.265000000000001,-1.3389190277575094,-1.9260809722424916,1.9260809722424916,3.709787911634582,-1.0,-1,1,
2026-02-24 01:00:00+00:00,week_009,2026-02-23 05:00:00+00:00,-6.16,-1.3389190277575094,-4.821080972242491,4.821080972242491,23.242821740918604,-1.0,-1,1,
2026-02-24 02:00:00+00:00,week_009,2026-02-23 05:00:00+00:00,0.2150000000000034,-1.3389190277575094,1.5539190277575128,1.5539190277575128,2.414664344826854,1.0,-1,1,
2026-02-24 03:00:00+00:00,week_009,2026-02-23 05:00:00+00:00,-1.0474999999999994,-1.3389190277575094,0.29141902775750994,0.29141902775750994,0.08492504973913235,-1.0,-1,1,
2026-02-24 04:00:00+00:00,week_009,2026-02-23 05:00:00+00:00,-2.900000000000002,-1.3389190277575094,-1.5610809722424928,1.5610809722424928,2.4369738018975666,-1.0,-1,1,
2026-02-24 05:00:00+00:00,week_009,2026-02-23 05:00:00+00:00,-1.6624999999999996,-1.3389190277575094,-0.3235809722424903,0.3235809722424903,0.10470464559739526,-1.0,-1,1,
2026-02-24 06:00:00+00:00,week_009,2026-02-23 05:00:00+00:00,-1.1649999999999991,-1.3389190277575094,0.17391902775751023,0.17391902775751023,0.03024782821611761,-1.0,-1,1,
2026-02-24 07:00:00+00:00,week_009,2026-02-23 05:00:00+00:00,-0.7974999999999994,-1.3389190277575094,0.5414190277575099,0.5414190277575099,0.2931345636178873,-1.0,-1,1,
2026-02-24 08:00:00+00:00,week_009,2026-02-23 05:00:00+00:00,-0.2950000000000017,-1.3389190277575094,1.0439190277575077,1.0439190277575077,1.08976693651418,-1.0,-1,1,
2026-02-24 09:00:00+00:00,week_009,2026-02-23 05:00:00+00:00,0.307500000000001,-1.3389190277575094,1.6464190277575104,1.6464190277575104,2.7106956149619856,1.0,-1,1,
2026-02-24 10:00:00+00:00,week_009,2026-02-23 05:00:00+00:00,1.8275000000000008,-1.3389190277575094,3.1664190277575104,3.1664190277575104,10.026209459344818,1.0,-1,1,
2026-02-24 11:00:00+00:00,week_009,2026-02-23 05:00:00+00:00,-1.3924999999999983,-1.3389190277575094,-0.05358097224248892,0.05358097224248892,0.002870920586450368,-1.0,-1,1,
2026-02-24 12:00:00+00:00,week_009,2026-02-23 05:00:00+00:00,-2.5625,-1.3389190277575094,-1.2235809722424906,1.2235809722424906,1.4971503956338785,-1.0,-1,1,
2026-02-24 13:00:00+00:00,week_009,2026-02-23 05:00:00+00:00,40.2725,-1.3389190277575094,41.61141902775751,41.61141902775751,1731.51019350362,1.0,-1,1,
2026-02-24 14:00:00+00:00,week_009,2026-02-23 05:00:00+00:00,-6.8575,0.2480773789048256,-7.105577378904825,7.105577378904825,50.48922988760396,-1.0,1,1,
2026-02-24 15:00:00+00:00,week_009,2026-02-23 05:00:00+00:00,-1.8275,-0.39587481154393067,-1.4316251884560693,1.4316251884560693,2.049550680221876,-1.0,-1,1,
2026-02-24 16:00:00+00:00,week_009,2026-02-23 05:00:00+00:00,-1.3899999999999997,-1.3389190277575094,-0.05108097224249031,0.05108097224249031,0.0026092657252380653,-1.0,-1,1,
2026-02-24 17:00:00+00:00,week_009,2026-02-23 05:00:00+00:00,-6.73,-1.3389190277575094,-5.3910809722424915,5.3910809722424915,29.063754049275047,-1.0,-1,1,
2026-02-24 18:00:00+00:00,week_009,2026-02-23 05:00:00+00:00,-19.39,-1.3389190277575094,-18.05108097224249,18.05108097224249,325.84152426645494,-1.0,-1,1,
2026-02-24 19:00:00+00:00,week_009,2026-02-23 05:00:00+00:00,-24.2875,-0.39587481154393067,-23.89162518845607,23.89162518845607,570.8097541456686,-1.0,-1,1,
2026-02-24 20:00:00+00:00,week_009,2026-02-23 05:00:00+00:00,-26.9825,-1.3389190277575094,-25.643580972242493,25.643580972242493,657.5932450799572,-1.0,-1,1,
2026-02-24 21:00:00+00:00,week_009,2026-02-23 05:00:00+00:00,-28.67,-1.3389190277575094,-27.331080972242493,27.331080972242493,746.9879871112756,-1.0,-1,1,
2026-02-24 22:00:00+00:00,week_009,2026-02-23 05:00:00+00:00,-25.2225,-1.3389190277575094,-23.88358097224249,23.88358097224249,570.4254400576635,-1.0,-1,1,
2026-02-24 23:00:00+00:00,week_009,2026-02-23 05:00:00+00:00,4.432500000000001,-1.3389190277575094,5.77141902775751,5.77141902775751,33.30927759396144,1.0,-1,1,
2026-02-25 00:00:00+00:00,week_009,2026-02-23 05:00:00+00:00,-0.7699999999999996,-1.3389190277575094,0.5689190277575098,0.5689190277575098,0.3236688601445502,-1.0,-1,1,
2026-02-25 01:00:00+00:00,week_009,2026-02-23 05:00:00+00:00,1.375,-1.3389190277575094,2.7139190277575094,2.7139190277575094,7.365356489224265,1.0,-1,1,
2026-02-25 02:00:00+00:00,week_009,2026-02-23 05:00:00+00:00,4.734999999999999,-1.3389190277575094,6.073919027757508,6.073919027757508,36.89249235575472,1.0,-1,1,
2026-02-25 03:00:00+00:00,week_009,2026-02-23 05:00:00+00:00,8.34,-1.3389190277575094,9.678919027757509,9.678919027757509,93.68147354588636,1.0,-1,1,
2026-02-25 04:00:00+00:00,week_009,2026-02-23 05:00:00+00:00,1.9300000000000035,-1.3389190277575094,3.268919027757513,3.268919027757513,10.685831610035125,1.0,-1,1,
2026-02-25 05:00:00+00:00,week_009,2026-02-23 05:00:00+00:00,0.7025000000000006,-1.3389190277575094,2.04141902775751,2.04141902775751,4.167391646890417,1.0,-1,1,
2026-02-25 06:00:00+00:00,week_009,2026-02-23 05:00:00+00:00,-2.405000000000001,-1.3389190277575094,-1.0660809722424918,1.0660809722424918,1.1365286393774965,-1.0,-1,1,
2026-02-25 07:00:00+00:00,week_009,2026-02-23 05:00:00+00:00,-1.4575000000000014,-1.3389190277575094,-0.11858097224249198,0.11858097224249198,0.014061446977974653,-1.0,-1,1,
2026-02-25 08:00:00+00:00,week_009,2026-02-23 05:00:00+00:00,-0.4249999999999989,-1.3389190277575094,0.9139190277575104,0.9139190277575104,0.8352479892972331,-1.0,-1,1,
2026-02-25 09:00:00+00:00,week_009,2026-02-23 05:00:00+00:00,-2.370000000000001,-1.3389190277575094,-1.0310809722424916,1.0310809722424916,1.0631279713205217,-1.0,-1,1,
2026-02-25 10:00:00+00:00,week_009,2026-02-23 05:00:00+00:00,-2.2575000000000003,-0.39587481154393067,-1.8616251884560695,1.8616251884560695,3.4656483422940965,-1.0,-1,1,
2026-02-25 11:00:00+00:00,week_009,2026-02-23 05:00:00+00:00,2.515000000000001,-1.064675769355084,3.579675769355085,3.579675769355085,12.814078613707919,1.0,-1,1,
2026-02-25 12:00:00+00:00,week_009,2026-02-23 05:00:00+00:00,0.1050000000000004,-0.39587481154393067,0.5008748115439311,0.5008748115439311,0.2508755768391685,1.0,-1,1,
2026-02-25 13:00:00+00:00,week_009,2026-02-23 05:00:00+00:00,3.690000000000001,-0.39587481154393067,4.085874811543931,4.085874811543931,16.694372975609156,1.0,-1,1,
2026-02-25 14:00:00+00:00,week_009,2026-02-23 05:00:00+00:00,4.995,-0.3466253457906145,5.341625345790614,5.341625345790614,28.532961334792702,1.0,-1,1,
2026-02-25 15:00:00+00:00,week_009,2026-02-23 05:00:00+00:00,9.62,-0.39587481154393067,10.01587481154393,10.01587481154393,100.31774824052013,1.0,-1,1,
2026-02-25 16:00:00+00:00,week_009,2026-02-23 05:00:00+00:00,2.8025,-0.39587481154393067,3.198374811543931,3.198374811543931,10.229601435118676,1.0,-1,1,
2026-02-25 17:00:00+00:00,week_009,2026-02-23 05:00:00+00:00,1.3374999999999997,-0.39587481154393067,1.7333748115439302,1.7333748115439302,3.0045882372949557,1.0,-1,1,
2026-02-25 18:00:00+00:00,week_009,2026-02-23 05:00:00+00:00,-0.2550000000000001,-1.3389190277575094,1.0839190277575093,1.0839190277575093,1.174880458734784,-1.0,-1,1,
2026-02-25 19:00:00+00:00,week_009,2026-02-23 05:00:00+00:00,-1.42,-1.3389190277575094,-0.08108097224249056,0.08108097224249056,0.0065741240597875245,-1.0,-1,1,
2026-02-25 20:00:00+00:00,week_009,2026-02-23 05:00:00+00:00,-3.53,-1.3389190277575094,-2.1910809722424904,2.1910809722424904,4.800835826923097,-1.0,-1,1,
2026-02-25 21:00:00+00:00,week_009,2026-02-23 05:00:00+00:00,2.294999999999999,0.8199735194105305,1.4750264805894684,1.4750264805894684,2.175703118440153,1.0,1,1,
2026-02-25 22:00:00+00:00,week_009,2026-02-23 05:00:00+00:00,4.162500000000001,0.8199735194105305,3.3425264805894708,3.3425264805894708,11.172483273441834,1.0,1,1,
2026-02-25 23:00:00+00:00,week_009,2026-02-23 05:00:00+00:00,-1.9949999999999968,1.3710384697261653,-3.366038469726162,3.366038469726162,11.330214979676443,-1.0,1,1,
2026-02-26 00:00:00+00:00,week_009,2026-02-23 05:00:00+00:00,-5.137500000000003,0.8199735194105305,-5.9574735194105335,5.9574735194105335,35.49149073447773,-1.0,1,1,
2026-02-26 01:00:00+00:00,week_009,2026-02-23 05:00:00+00:00,0.0075000000000002,3.407800699191821,-3.4003006991918205,3.4003006991918205,11.562044844924383,1.0,1,1,
2026-02-26 02:00:00+00:00,week_009,2026-02-23 05:00:00+00:00,44.56999999999999,3.407800699191821,41.16219930080817,41.16219930080817,1694.3266512794526,1.0,1,1,
2026-02-26 03:00:00+00:00,week_009,2026-02-23 05:00:00+00:00,73.225,3.407800699191821,69.81719930080817,69.81719930080817,4874.441318208769,1.0,1,1,
2026-02-26 04:00:00+00:00,week_009,2026-02-23 05:00:00+00:00,12.0625,2.032818134097772,10.029681865902228,10.029681865902228,100.59451833120801,1.0,1,1,
2026-02-26 05:00:00+00:00,week_009,2026-02-23 05:00:00+00:00,3.782499999999999,2.9758623503113495,0.8066376496886494,0.8066376496886494,0.6506642978952282,1.0,1,1,
2026-02-26 06:00:00+00:00,week_009,2026-02-23 05:00:00+00:00,0.0,1.1492646281050192,-1.1492646281050192,1.1492646281050192,1.3208091854133681,0.0,1,1,
2026-02-26 07:00:00+00:00,week_009,2026-02-23 05:00:00+00:00,-1.254999999999999,2.032818134097772,-3.287818134097771,3.287818134097771,10.809748082902146,-1.0,1,1,
2026-02-26 08:00:00+00:00,week_009,2026-02-23 05:00:00+00:00,-2.457500000000003,0.8199735194105305,-3.2774735194105338,3.2774735194105338,10.74183267043727,-1.0,1,1,
2026-02-26 09:00:00+00:00,week_009,2026-02-23 05:00:00+00:00,-2.5325000000000006,1.9421687216812389,-4.4746687216812395,4.4746687216812395,20.022660168792417,-1.0,1,1,
2026-02-26 10:00:00+00:00,week_009,2026-02-23 05:00:00+00:00,-1.474999999999998,-1.3389190277575094,-0.13608097224248872,0.13608097224248872,0.018518031006460985,-1.0,-1,1,
2026-02-26 11:00:00+00:00,week_009,2026-02-23 05:00:00+00:00,-2.8100000000000023,1.1492646281050192,-3.9592646281050214,3.9592646281050214,15.675776395363593,-1.0,1,1,
2026-02-26 12:00:00+00:00,week_009,2026-02-23 05:00:00+00:00,-2.585000000000001,-0.39587481154393067,-2.18912518845607,2.18912518845607,4.792269090732824,-1.0,-1,1,
2026-02-26 13:00:00+00:00,week_009,2026-02-23 05:00:00+00:00,-1.6025000000000027,2.9758623503113495,-4.578362350311352,4.578362350311352,20.961401810748484,-1.0,1,1,
2026-02-26 14:00:00+00:00,week_009,2026-02-23 05:00:00+00:00,4.282500000000001,1.8122672013774241,2.4702327986225763,2.4702327986225763,6.102050079390725,1.0,1,1,
2026-02-26 15:00:00+00:00,week_009,2026-02-23 05:00:00+00:00,4.1325,-0.3466253457906145,4.479125345790615,4.479125345790615,20.062563863303893,1.0,-1,1,
2026-02-26 16:00:00+00:00,week_009,2026-02-23 05:00:00+00:00,4.255,-0.3466253457906145,4.601625345790614,4.601625345790614,21.17495582302259,1.0,-1,1,
2026-02-26 17:00:00+00:00,week_009,2026-02-23 05:00:00+00:00,3.475,-0.39587481154393067,3.870874811543931,3.870874811543931,14.983671806645262,1.0,-1,1,
2026-02-26 18:00:00+00:00,week_009,2026-02-23 05:00:00+00:00,-3.7925,-0.39587481154393067,-3.396625188456069,3.396625188456069,11.537062670854228,-1.0,-1,1,
2026-02-26 19:00:00+00:00,week_009,2026-02-23 05:00:00+00:00,-3.584999999999999,-1.3389190277575094,-2.2460809722424897,2.2460809722424897,5.0448797338697675,-1.0,-1,1,
2026-02-26 20:00:00+00:00,week_009,2026-02-23 05:00:00+00:00,2.5900000000000016,-1.3389190277575094,3.928919027757511,3.928919027757511,15.436404726675026,1.0,-1,1,
2026-02-26 21:00:00+00:00,week_009,2026-02-23 05:00:00+00:00,-0.5274999999999999,-1.3389190277575094,0.8114190277575095,0.8114190277575095,0.658400838606942,-1.0,-1,1,
2026-02-26 22:00:00+00:00,week_009,2026-02-23 05:00:00+00:00,-2.1575000000000006,-0.7938041591487895,-1.3636958408512112,1.3636958408512112,1.859666346354892,-1.0,-1,1,
2026-02-26 23:00:00+00:00,week_009,2026-02-23 05:00:00+00:00,8.615000000000002,-1.3389190277575094,9.953919027757511,9.953919027757511,99.08050401115302,1.0,-1,1,
2026-02-27 00:00:00+00:00,week_009,2026-02-23 05:00:00+00:00,6.152499999999996,-1.3389190277575094,7.491419027757505,7.491419027757505,56.12135904944721,1.0,-1,1,
2026-02-27 01:00:00+00:00,week_009,2026-02-23 05:00:00+00:00,5.590000000000003,-1.1809933254752574,6.770993325475261,6.770993325475261,45.846350613630534,1.0,-1,1,
2026-02-27 02:00:00+00:00,week_009,2026-02-23 05:00:00+00:00,2.0500000000000007,-1.3389190277575094,3.38891902775751,3.38891902775751,11.484772176696907,1.0,-1,1,
2026-02-27 03:00:00+00:00,week_009,2026-02-23 05:00:00+00:00,1.370000000000001,-1.3389190277575094,2.7089190277575104,2.7089190277575104,7.338242298946695,1.0,-1,1,
2026-02-27 04:00:00+00:00,week_009,2026-02-23 05:00:00+00:00,0.7850000000000001,-1.064675769355084,1.849675769355084,1.849675769355084,3.421300451739322,1.0,-1,1,
2026-02-27 05:00:00+00:00,week_009,2026-02-23 05:00:00+00:00,-1.5649999999999975,1.9421687216812389,-3.5071687216812366,3.5071687216812366,12.3002324423392,-1.0,1,1,
2026-02-27 06:00:00+00:00,week_009,2026-02-23 05:00:00+00:00,-2.5025000000000013,0.9391001208456932,-3.4416001208456946,3.4416001208456946,11.844611391805099,-1.0,1,1,
2026-02-27 07:00:00+00:00,week_009,2026-02-23 05:00:00+00:00,-2.625,2.032818134097772,-4.657818134097772,4.657818134097772,21.69526977033005,-1.0,1,1,
2026-02-27 08:00:00+00:00,week_009,2026-02-23 05:00:00+00:00,-3.2300000000000004,1.0942167778129555,-4.324216777812956,4.324216777812956,18.698850741519063,-1.0,1,1,
2026-02-27 09:00:00+00:00,week_009,2026-02-23 05:00:00+00:00,-4.184999999999999,2.032818134097772,-6.2178181340977705,6.2178181340977705,38.66126234871508,-1.0,1,1,
2026-02-27 10:00:00+00:00,week_009,2026-02-23 05:00:00+00:00,-4.017500000000002,2.032818134097772,-6.050318134097774,6.050318134097774,36.60634952379237,-1.0,1,1,
2026-02-27 11:00:00+00:00,week_009,2026-02-23 05:00:00+00:00,-5.772500000000001,2.2893226123959343,-8.061822612395936,8.061822612395936,64.99298383373844,-1.0,1,1,
2026-02-27 12:00:00+00:00,week_009,2026-02-23 05:00:00+00:00,-9.81,3.278295549279664,-13.088295549279664,13.088295549279664,171.30348038529385,-1.0,1,1,
2026-02-27 13:00:00+00:00,week_009,2026-02-23 05:00:00+00:00,-10.0325,3.278295549279664,-13.310795549279664,13.310795549279664,177.17727815472333,-1.0,1,1,
2026-02-27 14:00:00+00:00,week_009,2026-02-23 05:00:00+00:00,-11.7575,2.2893226123959343,-14.046822612395935,14.046822612395935,197.31322550411778,-1.0,1,1,
2026-02-27 15:00:00+00:00,week_009,2026-02-23 05:00:00+00:00,-7.479999999999999,2.032818134097772,-9.51281813409777,9.51281813409777,90.49370885241939,-1.0,1,1,
2026-02-27 16:00:00+00:00,week_009,2026-02-23 05:00:00+00:00,-5.3100000000000005,2.032818134097772,-7.342818134097772,7.342818134097772,53.91697815043509,-1.0,1,1,
2026-02-27 17:00:00+00:00,week_009,2026-02-23 05:00:00+00:00,-5.18,-1.3389190277575094,-3.8410809722424903,3.8410809722424903,14.753903035323315,-1.0,-1,1,
2026-02-27 18:00:00+00:00,week_009,2026-02-23 05:00:00+00:00,-6.295,-1.3389190277575094,-4.956080972242491,4.956080972242491,24.562738603424076,-1.0,-1,1,
2026-02-27 19:00:00+00:00,week_009,2026-02-23 05:00:00+00:00,-5.9775,0.8199735194105305,-6.797473519410531,6.797473519410531,46.20564624708739,-1.0,1,1,
2026-02-27 20:00:00+00:00,week_009,2026-02-23 05:00:00+00:00,-9.095,-0.13203513198763578,-8.962964868012365,8.962964868012365,80.33473922522391,-1.0,-1,1,
2026-02-27 21:00:00+00:00,week_009,2026-02-23 05:00:00+00:00,-11.1275,-0.13203513198763578,-10.995464868012364,10.995464868012364,120.90024766369416,-1.0,-1,1,
2026-02-27 22:00:00+00:00,week_009,2026-02-23 05:00:00+00:00,-12.96,-1.3389190277575094,-11.621080972242492,11.621080972242492,135.0495229634165,-1.0,-1,1,
2026-02-27 23:00:00+00:00,week_009,2026-02-23 05:00:00+00:00,-2.3000000000000043,-1.3389190277575094,-0.9610809722424949,0.9610809722424949,0.9236766352065793,-1.0,-1,1,
2026-02-28 00:00:00+00:00,week_009,2026-02-23 05:00:00+00:00,-9.3975,-1.3389190277575094,-8.058580972242492,8.058580972242492,64.94072728618875,-1.0,-1,1,
2026-02-28 01:00:00+00:00,week_009,2026-02-23 05:00:00+00:00,-11.875000000000004,-1.1809933254752574,-10.694006674524747,10.694006674524747,114.36177875477983,-1.0,-1,1,
2026-02-28 02:00:00+00:00,week_009,2026-02-23 05:00:00+00:00,-7.100000000000001,-1.3389190277575094,-5.7610809722424925,5.7610809722424925,33.1900539687345,-1.0,-1,1,
2026-02-28 03:00:00+00:00,week_009,2026-02-23 05:00:00+00:00,-5.762499999999999,-1.3389190277575094,-4.42358097224249,4.42358097224249,19.568068617985816,-1.0,-1,1,
2026-02-28 04:00:00+00:00,week_009,2026-02-23 05:00:00+00:00,-5.480000000000002,-1.3389190277575094,-4.141080972242493,4.141080972242493,17.148551618668833,-1.0,-1,1,
2026-02-28 05:00:00+00:00,week_009,2026-02-23 05:00:00+00:00,-6.1525,-1.3389190277575094,-4.813580972242491,4.813580972242491,23.170561776334964,-1.0,-1,1,
2026-02-28 06:00:00+00:00,week_009,2026-02-23 05:00:00+00:00,2.7124999999999986,-1.3389190277575094,4.0514190277575075,4.0514190277575075,16.413996138475586,1.0,-1,1,
2026-02-28 07:00:00+00:00,week_009,2026-02-23 05:00:00+00:00,2.507500000000002,-0.39587481154393067,2.903374811543933,2.903374811543933,8.429585296307767,1.0,-1,1,
2026-02-28 08:00:00+00:00,week_009,2026-02-23 05:00:00+00:00,1.3975000000000009,-0.39587481154393067,1.7933748115439316,1.7933748115439316,3.2161932146802323,1.0,-1,1,
2026-02-28 09:00:00+00:00,week_009,2026-02-23 05:00:00+00:00,0.200000000000001,-0.39587481154393067,0.5958748115439316,0.5958748115439316,0.35506679103251604,1.0,-1,1,
2026-02-28 10:00:00+00:00,week_009,2026-02-23 05:00:00+00:00,2.084999999999999,-0.39587481154393067,2.48087481154393,2.48087481154393,6.15473983055313,1.0,-1,1,
2026-02-28 11:00:00+00:00,week_009,2026-02-23 05:00:00+00:00,2.7775,-0.39587481154393067,3.1733748115439306,3.1733748115439306,10.070307694541476,1.0,-1,1,
2026-02-28 12:00:00+00:00,week_009,2026-02-23 05:00:00+00:00,5.355,-0.39587481154393067,5.750874811543931,5.750874811543931,33.07256109805044,1.0,-1,1,
2026-02-28 13:00:00+00:00,week_009,2026-02-23 05:00:00+00:00,6.790000000000001,-0.3466253457906145,7.136625345790615,7.136625345790615,50.93142132618102,1.0,-1,1,
2026-02-28 14:00:00+00:00,week_009,2026-02-23 05:00:00+00:00,-2.695,-0.39587481154393067,-2.299125188456069,2.299125188456069,5.285976632193155,-1.0,-1,1,
2026-02-28 15:00:00+00:00,week_009,2026-02-23 05:00:00+00:00,0.1750000000000002,-0.39587481154393067,0.5708748115439308,0.5708748115439308,0.32589805045531856,1.0,-1,1,
2026-02-28 16:00:00+00:00,week_009,2026-02-23 05:00:00+00:00,0.27,-0.39587481154393067,0.6658748115439307,0.6658748115439307,0.44338926464866524,1.0,-1,1,
2026-02-28 17:00:00+00:00,week_009,2026-02-23 05:00:00+00:00,0.895,0.2480773789048256,0.6469226210951744,0.6469226210951744,0.41850887768465056,1.0,1,1,
2026-02-28 18:00:00+00:00,week_009,2026-02-23 05:00:00+00:00,0.2025000000000001,-1.3389190277575094,1.5414190277575095,1.5414190277575095,2.375972619132906,1.0,-1,1,
2026-02-28 19:00:00+00:00,week_009,2026-02-23 05:00:00+00:00,-1.3475,-1.3389190277575094,-0.008580972242490548,0.008580972242490548,7.363308462639326e-05,-1.0,-1,1,
2026-02-28 20:00:00+00:00,week_009,2026-02-23 05:00:00+00:00,-0.425,-1.3389190277575094,0.9139190277575093,0.9139190277575093,0.8352479892972311,-1.0,-1,1,
2026-02-28 21:00:00+00:00,week_009,2026-02-23 05:00:00+00:00,0.6725000000000001,-1.3389190277575094,2.0114190277575092,2.0114190277575092,4.045806505224964,1.0,-1,1,
2026-02-28 22:00:00+00:00,week_009,2026-02-23 05:00:00+00:00,4.3425,-1.3389190277575094,5.68141902775751,5.68141902775751,32.27852216896509,1.0,-1,1,
2026-02-28 23:00:00+00:00,week_009,2026-02-23 05:00:00+00:00,3.789999999999999,-1.3389190277575094,5.128919027757508,5.128919027757508,26.305810393293022,1.0,-1,1,
2026-03-01 00:00:00+00:00,week_009,2026-02-23 05:00:00+00:00,0.9199999999999946,-1.3389190277575094,2.258919027757504,2.258919027757504,5.102715173964907,1.0,-1,1,
2026-03-01 01:00:00+00:00,week_009,2026-02-23 05:00:00+00:00,-0.1475000000000008,-1.3389190277575094,1.1914190277575085,1.1914190277575085,1.4194792997026469,-1.0,-1,1,
2026-03-01 02:00:00+00:00,week_009,2026-02-23 05:00:00+00:00,0.8724999999999987,-1.3389190277575094,2.211419027757508,2.211419027757508,4.890374116327962,1.0,-1,1,
2026-03-01 03:00:00+00:00,week_009,2026-02-23 05:00:00+00:00,-1.805,-1.3389190277575094,-0.46608097224249057,0.46608097224249057,0.21723147268650525,-1.0,-1,1,
2026-03-01 04:00:00+00:00,week_009,2026-02-23 05:00:00+00:00,-1.9399999999999995,-1.3389190277575094,-0.6010809722424901,0.6010809722424901,0.3612983351919772,-1.0,-1,1,
2026-03-01 05:00:00+00:00,week_009,2026-02-23 05:00:00+00:00,-3.0700000000000003,-1.3389190277575094,-1.731080972242491,1.731080972242491,2.9966413324600074,-1.0,-1,1,
2026-03-01 06:00:00+00:00,week_009,2026-02-23 05:00:00+00:00,-0.1174999999999997,-1.3389190277575094,1.2214190277575097,1.2214190277575097,1.4918644413681001,-1.0,-1,1,
2026-03-01 07:00:00+00:00,week_009,2026-02-23 05:00:00+00:00,-3.3299999999999983,-1.3389190277575094,-1.991080972242489,1.991080972242489,3.964403438026095,-1.0,-1,1,
2026-03-01 08:00:00+00:00,week_009,2026-02-23 05:00:00+00:00,-3.9725,-1.3389190277575094,-2.6335809722424908,2.6335809722424908,6.935748737357703,-1.0,-1,1,
2026-03-01 09:00:00+00:00,week_009,2026-02-23 05:00:00+00:00,-1.3674999999999995,-1.3389190277575094,-0.02858097224249012,0.02858097224249012,0.0008168719743259908,-1.0,-1,1,
2026-03-01 10:00:00+00:00,week_009,2026-02-23 05:00:00+00:00,2.712500000000002,-0.39587481154393067,3.108374811543933,3.108374811543933,9.66199396904078,1.0,-1,1,
2026-03-01 11:00:00+00:00,week_009,2026-02-23 05:00:00+00:00,1.4574999999999996,-1.3389190277575094,2.796419027757509,2.796419027757509,7.819959378804252,1.0,-1,1,
2026-03-01 12:00:00+00:00,week_009,2026-02-23 05:00:00+00:00,4.34,-0.39587481154393067,4.735874811543931,4.735874811543931,22.42851023061626,1.0,-1,1,
2026-03-01 13:00:00+00:00,week_009,2026-02-23 05:00:00+00:00,-0.2575000000000003,-0.3466253457906145,0.08912534579061421,0.08912534579061421,0.007943327262296554,-1.0,-1,1,
2026-03-01 14:00:00+00:00,week_009,2026-02-23 05:00:00+00:00,1.2424999999999995,-0.3466253457906145,1.589125345790614,1.589125345790614,2.5253193646341385,1.0,-1,1,
2026-03-01 15:00:00+00:00,week_009,2026-02-23 05:00:00+00:00,-0.9875,-0.3466253457906145,-0.6408746542093855,0.6408746542093855,0.41072032240799944,-1.0,-1,1,
2026-03-01 16:00:00+00:00,week_009,2026-02-23 05:00:00+00:00,-1.6575,-0.3466253457906145,-1.3108746542093854,1.3108746542093854,1.718392359048576,-1.0,-1,1,
2026-03-01 17:00:00+00:00,week_009,2026-02-23 05:00:00+00:00,-1.4025,-0.3466253457906145,-1.0558746542093855,1.0558746542093855,1.1148712854017895,-1.0,-1,1,
2026-03-01 18:00:00+00:00,week_009,2026-02-23 05:00:00+00:00,-1.1574999999999998,-0.3466253457906145,-0.8108746542093852,0.8108746542093852,0.65751770483919,-1.0,-1,1,
2026-03-01 19:00:00+00:00,week_009,2026-02-23 05:00:00+00:00,-0.9975,-0.3466253457906145,-0.6508746542093855,0.6508746542093855,0.42363781549218715,-1.0,-1,1,
2026-03-01 20:00:00+00:00,week_009,2026-02-23 05:00:00+00:00,-1.4375,-0.39587481154393067,-1.0416251884560692,1.0416251884560692,1.0849830332261416,-1.0,-1,1,
2026-03-01 21:00:00+00:00,week_009,2026-02-23 05:00:00+00:00,-1.155,-0.39587481154393067,-0.7591251884560694,0.7591251884560694,0.5762710517484628,-1.0,-1,1,
2026-03-01 22:00:00+00:00,week_009,2026-02-23 05:00:00+00:00,-0.6925,-0.39587481154393067,-0.29662518845606933,0.29662518845606933,0.08798650242659865,-1.0,-1,1,
2026-03-01 23:00:00+00:00,week_009,2026-02-23 05:00:00+00:00,1.7875000000000014,-1.3389190277575094,3.126419027757511,3.126419027757511,9.774495937124218,1.0,-1,1,
2026-03-02 00:00:00+00:00,week_009,2026-02-23 05:00:00+00:00,9.0675,-1.3389190277575094,10.40641902775751,10.40641902775751,108.29355698127355,1.0,-1,1,
2026-03-02 01:00:00+00:00,week_009,2026-02-23 05:00:00+00:00,15.920000000000002,-0.39587481154393067,16.31587481154393,16.31587481154393,266.2077708659737,1.0,-1,1,
2026-03-02 02:00:00+00:00,week_009,2026-02-23 05:00:00+00:00,10.8825,-0.39587481154393067,11.27837481154393,11.27837481154393,127.20173838966858,1.0,-1,1,
2026-03-02 03:00:00+00:00,week_009,2026-02-23 05:00:00+00:00,8.202499999999997,-1.3389190277575094,9.541419027757506,9.541419027757506,91.03867706325299,1.0,-1,1,
2026-03-02 04:00:00+00:00,week_009,2026-02-23 05:00:00+00:00,6.767500000000002,-1.3389190277575094,8.10641902775751,8.10641902775751,65.71402945358902,1.0,-1,1,
2026-03-02 05:00:00+00:00,week_009,2026-02-23 05:00:00+00:00,6.602499999999999,-0.39587481154393067,6.99837481154393,6.99837481154393,48.977250002852536,1.0,-1,1,
2026-03-02 06:00:00+00:00,week_010,2026-03-02 05:00:00+00:00,6.210000000000001,-1.3757336540648377,7.585733654064839,7.585733654064839,57.54335507041189,1.0,-1,1,
2026-03-02 07:00:00+00:00,week_010,2026-03-02 05:00:00+00:00,4.359999999999999,-0.4324951077058871,4.792495107705887,4.792495107705887,22.968009357384858,1.0,-1,1,
2026-03-02 08:00:00+00:00,week_010,2026-03-02 05:00:00+00:00,2.5600000000000023,-1.3757336540648377,3.93573365406484,3.93573365406484,15.489999395738577,1.0,-1,1,
2026-03-02 09:00:00+00:00,week_010,2026-03-02 05:00:00+00:00,2.619999999999997,-1.3757336540648377,3.9957336540648347,3.9957336540648347,15.965887434226316,1.0,-1,1,
2026-03-02 10:00:00+00:00,week_010,2026-03-02 05:00:00+00:00,3.5924999999999976,-1.3757336540648377,4.968233654064836,4.968233654064836,24.68334564138243,1.0,-1,1,
2026-03-02 11:00:00+00:00,week_010,2026-03-02 05:00:00+00:00,4.875,-0.4324951077058871,5.307495107705887,5.307495107705887,28.169504318321927,1.0,-1,1,
2026-03-02 12:00:00+00:00,week_010,2026-03-02 05:00:00+00:00,5.41,-0.33598082512947963,5.74598082512948,5.74598082512948,33.01629564275566,1.0,-1,1,
2026-03-02 13:00:00+00:00,week_010,2026-03-02 05:00:00+00:00,7.5625,-0.33598082512947963,7.89848082512948,7.89848082512948,62.385999344938064,1.0,-1,1,
2026-03-02 14:00:00+00:00,week_010,2026-03-02 05:00:00+00:00,-2.7225,-0.33598082512947963,-2.3865191748705206,2.3865191748705206,5.695473772024671,-1.0,-1,1,
2026-03-02 15:00:00+00:00,week_010,2026-03-02 05:00:00+00:00,16.307499999999997,-0.33598082512947963,16.643480825129476,16.643480825129476,277.00545397645254,1.0,-1,1,
2026-03-02 16:00:00+00:00,week_010,2026-03-02 05:00:00+00:00,23.0825,-0.33598082512947963,23.41848082512948,23.41848082512948,548.4252441569571,1.0,-1,1,
2026-03-02 17:00:00+00:00,week_010,2026-03-02 05:00:00+00:00,28.817500000000003,1.7490598809629774,27.068440119037025,27.068440119037025,732.7004504778931,1.0,1,1,
2026-03-02 18:00:00+00:00,week_010,2026-03-02 05:00:00+00:00,22.915,1.7490598809629774,21.16594011903702,21.16594011903702,447.9970211226609,1.0,1,1,
2026-03-02 19:00:00+00:00,week_010,2026-03-02 05:00:00+00:00,16.955,2.9360403180484203,14.018959681951578,14.018959681951578,196.53123056418391,1.0,1,1,
2026-03-02 20:00:00+00:00,week_010,2026-03-02 05:00:00+00:00,17.97,2.9360403180484203,15.033959681951579,15.033959681951579,226.01994371854562,1.0,1,1,
2026-03-02 21:00:00+00:00,week_010,2026-03-02 05:00:00+00:00,18.465000000000003,3.3724051626830187,15.092594837316984,15.092594837316984,227.78641892340727,1.0,1,1,
2026-03-02 22:00:00+00:00,week_010,2026-03-02 05:00:00+00:00,8.685000000000002,2.5633906171478276,6.121609382852174,6.121609382852174,37.474101436223776,1.0,1,1,
2026-03-02 23:00:00+00:00,week_010,2026-03-02 05:00:00+00:00,4.819999999999997,1.3948630056604796,3.425136994339517,3.425136994339517,11.731563429993141,1.0,1,1,
2026-03-03 00:00:00+00:00,week_010,2026-03-02 05:00:00+00:00,1.4274999999999949,0.8435310528513789,0.583968947148616,0.583968947148616,0.3410197312338631,1.0,1,1,
2026-03-03 01:00:00+00:00,week_010,2026-03-02 05:00:00+00:00,1.6125000000000007,2.5633906171478276,-0.9508906171478269,0.9508906171478269,0.904192965779775,1.0,1,1,
2026-03-03 02:00:00+00:00,week_010,2026-03-02 05:00:00+00:00,4.335000000000001,0.8435310528513789,3.491468947148622,3.491468947148622,12.190355408903107,1.0,1,1,
2026-03-03 03:00:00+00:00,week_010,2026-03-02 05:00:00+00:00,2.942499999999999,-1.3757336540648377,4.318233654064837,4.318233654064837,18.647141891098155,1.0,-1,1,
2026-03-03 04:00:00+00:00,week_010,2026-03-02 05:00:00+00:00,-0.5375000000000014,-1.3757336540648377,0.8382336540648363,0.8382336540648363,0.7026356588068876,-1.0,-1,1,
2026-03-03 05:00:00+00:00,week_010,2026-03-02 05:00:00+00:00,-0.1899999999999977,-1.2607665458903337,1.070766545890336,1.070766545890336,1.146540995797921,-1.0,-1,1,
2026-03-03 06:00:00+00:00,week_010,2026-03-02 05:00:00+00:00,-2.602499999999999,-1.0910417121264853,-1.5114582878735139,1.5114582878735139,2.284506155981534,-1.0,-1,1,
2026-03-03 07:00:00+00:00,week_010,2026-03-02 05:00:00+00:00,-3.2325,-0.18414893704261634,-3.0483510629573836,3.0483510629573836,9.29244420303341,-1.0,-1,1,
2026-03-03 08:00:00+00:00,week_010,2026-03-02 05:00:00+00:00,-4.737500000000001,-1.3757336540648377,-3.361766345935163,3.361766345935163,11.301472964662258,-1.0,-1,1,
2026-03-03 09:00:00+00:00,week_010,2026-03-02 05:00:00+00:00,-4.905000000000001,-1.3757336540648377,-3.5292663459351634,3.5292663459351634,12.45572094055054,-1.0,-1,1,
2026-03-03 10:00:00+00:00,week_010,2026-03-02 05:00:00+00:00,-4.0275,-1.3757336540648377,-2.651766345935162,2.651766345935162,7.031864753434322,-1.0,-1,1,
2026-03-03 11:00:00+00:00,week_010,2026-03-02 05:00:00+00:00,-3.5425000000000004,-0.4324951077058871,-3.1100048922941133,3.1100048922941133,9.672130430093318,-1.0,-1,1,
2026-03-03 12:00:00+00:00,week_010,2026-03-02 05:00:00+00:00,-1.985,-0.33598082512947963,-1.6490191748705205,1.6490191748705205,2.7192642390906525,-1.0,-1,1,
2026-03-03 13:00:00+00:00,week_010,2026-03-02 05:00:00+00:00,-4.322500000000002,-0.33598082512947963,-3.986519174870522,3.986519174870522,15.892335131610347,-1.0,-1,1,
2026-03-03 14:00:00+00:00,week_010,2026-03-02 05:00:00+00:00,3.5700000000000003,-0.33598082512947963,3.90598082512948,3.90598082512948,15.256686206279172,1.0,-1,1,
2026-03-03 15:00:00+00:00,week_010,2026-03-02 05:00:00+00:00,5.744999999999999,-0.33598082512947963,6.080980825129479,6.080980825129479,36.9783277955924,1.0,-1,1,
2026-03-03 16:00:00+00:00,week_010,2026-03-02 05:00:00+00:00,13.3275,-0.33598082512947963,13.663480825129481,13.663480825129481,186.690708258681,1.0,-1,1,
2026-03-03 17:00:00+00:00,week_010,2026-03-02 05:00:00+00:00,14.707499999999998,-0.33598082512947963,15.043480825129478,15.043480825129478,226.3063153360383,1.0,-1,1,
2026-03-03 18:00:00+00:00,week_010,2026-03-02 05:00:00+00:00,16.127499999999998,-0.33598082512947963,16.463480825129476,16.463480825129476,271.04620087940594,1.0,-1,1,
2026-03-03 19:00:00+00:00,week_010,2026-03-02 05:00:00+00:00,13.384999999999998,-0.4324951077058871,13.817495107705884,13.817495107705884,190.92317105147606,1.0,-1,1,
2026-03-03 20:00:00+00:00,week_010,2026-03-02 05:00:00+00:00,7.450000000000001,-1.3757336540648377,8.82573365406484,8.82573365406484,77.89357453249269,1.0,-1,1,
2026-03-03 21:00:00+00:00,week_010,2026-03-02 05:00:00+00:00,1.174999999999999,-0.4324951077058871,1.607495107705886,1.607495107705886,2.584040521298358,1.0,-1,1,
2026-03-03 22:00:00+00:00,week_010,2026-03-02 05:00:00+00:00,3.407499999999999,-0.4324951077058871,3.839995107705886,3.839995107705886,14.745562427205138,1.0,-1,1,
2026-03-03 23:00:00+00:00,week_010,2026-03-02 05:00:00+00:00,-0.8149999999999977,-1.3757336540648377,0.56073365406484,0.56073365406484,0.31442223080090764,-1.0,-1,1,
2026-03-04 00:00:00+00:00,week_010,2026-03-02 05:00:00+00:00,22.965,-1.3757336540648377,24.340733654064838,24.340733654064838,592.4713148181246,1.0,-1,1,
2026-03-04 01:00:00+00:00,week_010,2026-03-02 05:00:00+00:00,8.497500000000002,-1.0952353194420335,9.592735319442035,9.592735319442035,92.02057090887068,1.0,-1,1,
2026-03-04 02:00:00+00:00,week_010,2026-03-02 05:00:00+00:00,-2.094999999999999,-1.3757336540648377,-0.7192663459351611,0.7192663459351611,0.5173440763949189,-1.0,-1,1,
2026-03-04 03:00:00+00:00,week_010,2026-03-02 05:00:00+00:00,-4.934999999999999,-1.3757336540648377,-3.559266345935161,3.559266345935161,12.668376921306633,-1.0,-1,1,
2026-03-04 04:00:00+00:00,week_010,2026-03-02 05:00:00+00:00,-4.649999999999999,-0.4324951077058871,-4.217504892294111,4.217504892294111,17.787347516524765,-1.0,-1,1,
2026-03-04 05:00:00+00:00,week_010,2026-03-02 05:00:00+00:00,-4.287500000000001,1.3671292559331223,-5.6546292559331235,5.6546292559331235,31.97483202205479,-1.0,1,1,
2026-03-04 06:00:00+00:00,week_010,2026-03-02 05:00:00+00:00,-1.2899999999999991,-1.3757336540648377,0.08573365406483857,0.08573365406483857,0.007350259439309411,-1.0,-1,1,
2026-03-04 07:00:00+00:00,week_010,2026-03-02 05:00:00+00:00,2.1975000000000016,-0.4324951077058871,2.6299951077058887,2.6299951077058887,6.916874266556909,1.0,-1,1,
2026-03-04 08:00:00+00:00,week_010,2026-03-02 05:00:00+00:00,3.68,-0.3855246526904284,4.065524652690429,4.065524652690429,16.528490701633633,1.0,-1,1,
2026-03-04 09:00:00+00:00,week_010,2026-03-02 05:00:00+00:00,0.4175000000000004,-0.33598082512947963,0.75348082512948,0.75348082512948,0.567733353837802,1.0,-1,1,
2026-03-04 10:00:00+00:00,week_010,2026-03-02 05:00:00+00:00,-4.210000000000001,-0.33598082512947963,-3.8740191748705213,3.8740191748705213,15.008024567264474,-1.0,-1,1,
2026-03-04 11:00:00+00:00,week_010,2026-03-02 05:00:00+00:00,-3.91,-0.33598082512947963,-3.5740191748705206,3.5740191748705206,12.773613062342157,-1.0,-1,1,
2026-03-04 12:00:00+00:00,week_010,2026-03-02 05:00:00+00:00,-4.835000000000001,-0.33598082512947963,-4.499019174870521,4.499019174870521,20.241173535852624,-1.0,-1,1,
2026-03-04 13:00:00+00:00,week_010,2026-03-02 05:00:00+00:00,-4.2925,-0.33598082512947963,-3.956519174870521,3.956519174870521,15.654043981118107,-1.0,-1,1,
2026-03-04 14:00:00+00:00,week_010,2026-03-02 05:00:00+00:00,-3.9750000000000014,-0.33598082512947963,-3.639019174870522,3.639019174870522,13.242460555075334,-1.0,-1,1,
2026-03-04 15:00:00+00:00,week_010,2026-03-02 05:00:00+00:00,-1.6474999999999973,-0.33598082512947963,-1.3115191748705177,1.3115191748705177,1.7200825460530436,-1.0,-1,1,
2026-03-04 16:00:00+00:00,week_010,2026-03-02 05:00:00+00:00,-0.4175000000000004,-0.33598082512947963,-0.0815191748705208,0.0815191748705208,0.006645375871570549,-1.0,-1,1,
2026-03-04 17:00:00+00:00,week_010,2026-03-02 05:00:00+00:00,-3.879999999999999,-0.33598082512947963,-3.5440191748705194,3.5440191748705194,12.560071911849917,-1.0,-1,1,
2026-03-04 18:00:00+00:00,week_010,2026-03-02 05:00:00+00:00,-5.059999999999999,-0.33598082512947963,-4.724019174870519,4.724019174870519,22.31635716454434,-1.0,-1,1,
2026-03-04 19:00:00+00:00,week_010,2026-03-02 05:00:00+00:00,-6.420000000000002,1.7490598809629774,-8.16905988096298,8.16905988096298,66.73353933875889,-1.0,1,1,
2026-03-04 20:00:00+00:00,week_010,2026-03-02 05:00:00+00:00,-5.914999999999999,1.7490598809629774,-7.664059880962976,7.664059880962976,58.73781385898623,-1.0,1,1,
2026-03-04 21:00:00+00:00,week_010,2026-03-02 05:00:00+00:00,-9.7375,1.7490598809629774,-11.486559880962979,11.486559880962979,131.94105789894823,-1.0,1,1,
2026-03-04 22:00:00+00:00,week_010,2026-03-02 05:00:00+00:00,2.5900000000000034,1.8832838817867372,0.7067161182132662,0.7067161182132662,0.4994476717424272,1.0,1,1,
2026-03-04 23:00:00+00:00,week_010,2026-03-02 05:00:00+00:00,5.399999999999999,1.8832838817867372,3.516716118213261,3.516716118213261,12.367292256100948,1.0,1,1,
2026-03-05 00:00:00+00:00,week_010,2026-03-02 05:00:00+00:00,-6.844999999999999,1.8832838817867372,-8.728283881786735,8.728283881786735,76.18293952105812,-1.0,1,1,
2026-03-05 01:00:00+00:00,week_010,2026-03-02 05:00:00+00:00,-20.79,-0.33598082512947963,-20.45401917487052,20.45401917487052,418.3669004059709,-1.0,-1,1,
2026-03-05 02:00:00+00:00,week_010,2026-03-02 05:00:00+00:00,-16.555,1.8832838817867372,-18.438283881786738,18.438283881786738,339.9703125053566,-1.0,1,1,
2026-03-05 03:00:00+00:00,week_010,2026-03-02 05:00:00+00:00,-4.737499999999997,2.4346158345958355,-7.172115834595832,7.172115834595832,51.43924554486027,-1.0,1,1,
2026-03-05 04:00:00+00:00,week_010,2026-03-02 05:00:00+00:00,-1.967499999999994,-0.33598082512947963,-1.6315191748705145,1.6315191748705145,2.6618548179701644,-1.0,-1,1,
2026-03-05 05:00:00+00:00,week_010,2026-03-02 05:00:00+00:00,-3.490000000000002,-0.33598082512947963,-3.1540191748705224,3.1540191748705224,9.947836955450931,-1.0,-1,1,
2026-03-05 06:00:00+00:00,week_010,2026-03-02 05:00:00+00:00,-4.702500000000001,2.9406445979851963,-7.643144597985197,7.643144597985197,58.4176593457103,-1.0,1,1,
2026-03-05 07:00:00+00:00,week_010,2026-03-02 05:00:00+00:00,-4.93,2.03375182290133,-6.9637518229013295,6.9637518229013295,48.49383945096159,-1.0,1,1,
2026-03-05 08:00:00+00:00,week_010,2026-03-02 05:00:00+00:00,-6.515000000000001,2.03375182290133,-8.54875182290133,8.54875182290133,73.08115772955883,-1.0,1,1,
2026-03-05 09:00:00+00:00,week_010,2026-03-02 05:00:00+00:00,-6.235000000000001,-0.33598082512947963,-5.899019174870522,5.899019174870522,34.79842722549009,-1.0,-1,1,
2026-03-05 10:00:00+00:00,week_010,2026-03-02 05:00:00+00:00,-4.73,1.65254559838657,-6.382545598386571,6.382545598386571,40.73688831548379,-1.0,1,1,
2026-03-05 11:00:00+00:00,week_010,2026-03-02 05:00:00+00:00,-3.6899999999999977,-0.4324951077058871,-3.2575048922941106,3.2575048922941106,10.611338123320065,-1.0,-1,1,
2026-03-05 12:00:00+00:00,week_010,2026-03-02 05:00:00+00:00,0.1950000000000002,2.9360403180484203,-2.74104031804842,2.74104031804842,7.5133020251669835,1.0,1,1,
2026-03-05 13:00:00+00:00,week_010,2026-03-02 05:00:00+00:00,-2.865000000000002,1.9928017716894704,-4.857801771689473,4.857801771689473,23.59823805302938,-1.0,1,1,
2026-03-05 14:00:00+00:00,week_010,2026-03-02 05:00:00+00:00,-4.969999999999999,1.65254559838657,-6.622545598386569,6.622545598386569,43.85811020270933,-1.0,1,1,
2026-03-05 15:00:00+00:00,week_010,2026-03-02 05:00:00+00:00,-2.5174999999999983,-0.33598082512947963,-2.1815191748705187,2.1815191748705187,4.759025910327749,-1.0,-1,1,
2026-03-05 16:00:00+00:00,week_010,2026-03-02 05:00:00+00:00,-7.69,-0.33598082512947963,-7.354019174870521,7.354019174870521,54.081598024363295,-1.0,-1,1,
2026-03-05 17:00:00+00:00,week_010,2026-03-02 05:00:00+00:00,-7.93,-0.33598082512947963,-7.59401917487052,7.59401917487052,57.669127228301136,-1.0,-1,1,
2026-03-05 18:00:00+00:00,week_010,2026-03-02 05:00:00+00:00,-3.9275,-0.33598082512947963,-3.5915191748705206,3.5915191748705206,12.899009983462625,-1.0,-1,1,
2026-03-05 19:00:00+00:00,week_010,2026-03-02 05:00:00+00:00,-10.7575,-0.33598082512947963,-10.42151917487052,10.42151917487052,108.60806191219392,-1.0,-1,1,
2026-03-05 20:00:00+00:00,week_010,2026-03-02 05:00:00+00:00,-16.185000000000002,-0.33598082512947963,-15.849019174870522,15.849019174870522,251.1914088054135,-1.0,-1,1,
2026-03-05 21:00:00+00:00,week_010,2026-03-02 05:00:00+00:00,0.4299999999999997,-0.33598082512947963,0.7659808251294793,0.7659808251294793,0.586726624466038,1.0,-1,1,
2026-03-05 22:00:00+00:00,week_010,2026-03-02 05:00:00+00:00,-8.989999999999998,-0.33598082512947963,-8.654019174870518,8.654019174870518,74.8920478790266,-1.0,-1,1,
2026-03-05 23:00:00+00:00,week_010,2026-03-02 05:00:00+00:00,-13.2425,-0.4324951077058871,-12.810004892294113,12.810004892294113,164.09622534059912,-1.0,-1,1,
2026-03-06 00:00:00+00:00,week_010,2026-03-02 05:00:00+00:00,-13.235,-1.3757336540648377,-11.859266345935161,11.859266345935161,140.64219826383032,-1.0,-1,1,
2026-03-06 01:00:00+00:00,week_010,2026-03-02 05:00:00+00:00,-10.852500000000004,-0.4324951077058871,-10.420004892294118,10.420004892294118,108.57650195543336,-1.0,-1,1,
2026-03-06 02:00:00+00:00,week_010,2026-03-02 05:00:00+00:00,-5.974999999999998,-0.4324951077058871,-5.542504892294111,5.542504892294111,30.71936048110415,-1.0,-1,1,
2026-03-06 03:00:00+00:00,week_010,2026-03-02 05:00:00+00:00,-16.565,-0.33598082512947963,-16.229019174870523,16.229019174870523,263.3810633783151,-1.0,-1,1,
2026-03-06 04:00:00+00:00,week_010,2026-03-02 05:00:00+00:00,-8.279999999999998,-0.33598082512947963,-7.944019174870518,7.944019174870518,63.107440650710465,-1.0,-1,1,
2026-03-06 05:00:00+00:00,week_010,2026-03-02 05:00:00+00:00,-7.809999999999999,-0.33598082512947963,-7.474019174870519,7.474019174870519,55.860962626332196,-1.0,-1,1,
2026-03-06 06:00:00+00:00,week_010,2026-03-02 05:00:00+00:00,-5.7425,-0.33598082512947963,-5.40651917487052,5.40651917487052,29.23044958824261,-1.0,-1,1,
2026-03-06 07:00:00+00:00,week_010,2026-03-02 05:00:00+00:00,-6.025,-0.33598082512947963,-5.689019174870521,5.689019174870521,32.36493917204446,-1.0,-1,1,
2026-03-06 08:00:00+00:00,week_010,2026-03-02 05:00:00+00:00,-5.800000000000001,-0.33598082512947963,-5.464019174870521,5.464019174870521,29.85550554335273,-1.0,-1,1,
2026-03-06 09:00:00+00:00,week_010,2026-03-02 05:00:00+00:00,-5.315000000000001,-0.33598082512947963,-4.979019174870522,4.979019174870522,24.790631943728332,-1.0,-1,1,
2026-03-06 10:00:00+00:00,week_010,2026-03-02 05:00:00+00:00,-6.347500000000002,-0.4324951077058871,-5.915004892294115,5.915004892294115,34.987282875863315,-1.0,-1,1,
2026-03-06 11:00:00+00:00,week_010,2026-03-02 05:00:00+00:00,-8.1525,-0.33598082512947963,-7.81651917487052,7.81651917487052,61.09797201111852,-1.0,-1,1,
2026-03-06 12:00:00+00:00,week_010,2026-03-02 05:00:00+00:00,-5.627500000000001,-0.33598082512947963,-5.291519174870522,5.291519174870522,28.000175178022406,-1.0,-1,1,
2026-03-06 13:00:00+00:00,week_010,2026-03-02 05:00:00+00:00,-6.9025,-0.33598082512947963,-6.56651917487052,6.56651917487052,43.11917407394222,-1.0,-1,1,
2026-03-06 14:00:00+00:00,week_010,2026-03-02 05:00:00+00:00,-8.072499999999998,-0.33598082512947963,-7.736519174870518,7.736519174870518,59.85372894313921,-1.0,-1,1,
2026-03-06 15:00:00+00:00,week_010,2026-03-02 05:00:00+00:00,-4.1675,-0.33598082512947963,-3.831519174870521,3.831519174870521,14.680539187400477,-1.0,-1,1,
2026-03-06 16:00:00+00:00,week_010,2026-03-02 05:00:00+00:00,-6.3575,-0.33598082512947963,-6.02151917487052,6.02151917487052,36.258693173333356,-1.0,-1,1,
2026-03-06 17:00:00+00:00,week_010,2026-03-02 05:00:00+00:00,-5.725,-0.33598082512947963,-5.38901917487052,5.38901917487052,29.04152766712214,-1.0,-1,1,
2026-03-06 18:00:00+00:00,week_010,2026-03-02 05:00:00+00:00,-7.612499999999999,-0.33598082512947963,-7.276519174870519,7.276519174870519,52.94773130225835,-1.0,-1,1,
2026-03-06 19:00:00+00:00,week_010,2026-03-02 05:00:00+00:00,0.4199999999999999,-0.33598082512947963,0.7559808251294795,0.7559808251294795,0.5715070079634487,1.0,-1,1,
2026-03-06 20:00:00+00:00,week_010,2026-03-02 05:00:00+00:00,-2.352499999999999,-0.4324951077058871,-1.920004892294112,1.920004892294112,3.6864187864333244,-1.0,-1,1,
2026-03-06 21:00:00+00:00,week_010,2026-03-02 05:00:00+00:00,1.860000000000003,-0.33598082512947963,2.1959808251294826,2.1959808251294826,4.822331784336363,1.0,-1,1,
2026-03-06 22:00:00+00:00,week_010,2026-03-02 05:00:00+00:00,-3.164999999999999,-0.33598082512947963,-2.8290191748705196,2.8290191748705196,8.003349491785075,-1.0,-1,1,
2026-03-06 23:00:00+00:00,week_010,2026-03-02 05:00:00+00:00,-7.727500000000003,-0.33598082512947963,-7.391519174870523,7.391519174870523,54.63455571247862,-1.0,-1,1,
2026-03-07 00:00:00+00:00,week_010,2026-03-02 05:00:00+00:00,-7.600000000000001,-0.33598082512947963,-7.264019174870522,7.264019174870522,52.76597457288662,-1.0,-1,1,
2026-03-07 01:00:00+00:00,week_010,2026-03-02 05:00:00+00:00,-8.5275,-0.33598082512947963,-8.19151917487052,8.19151917487052,67.1009863922714,-1.0,-1,1,
2026-03-07 02:00:00+00:00,week_010,2026-03-02 05:00:00+00:00,-9.139999999999995,-0.33598082512947963,-8.804019174870515,8.804019174870515,77.5107536314877,-1.0,-1,1,
2026-03-07 03:00:00+00:00,week_010,2026-03-02 05:00:00+00:00,-9.077499999999995,-0.4324951077058871,-8.645004892294109,8.645004892294109,74.73610958778907,-1.0,-1,1,
2026-03-07 04:00:00+00:00,week_010,2026-03-02 05:00:00+00:00,-12.284999999999997,-0.33598082512947963,-11.949019174870516,11.949019174870516,142.77905924142328,-1.0,-1,1,
2026-03-07 05:00:00+00:00,week_010,2026-03-02 05:00:00+00:00,-9.389999999999995,-0.33598082512947963,-9.054019174870515,9.054019174870515,81.97526321892296,-1.0,-1,1,
2026-03-07 06:00:00+00:00,week_010,2026-03-02 05:00:00+00:00,-8.447500000000002,-0.3855246526904284,-8.061975347309573,8.061975347309573,64.99544650062732,-1.0,-1,1,
2026-03-07 07:00:00+00:00,week_010,2026-03-02 05:00:00+00:00,-8.599999999999998,4.3544584571726705,-12.954458457172668,12.954458457172668,167.81799391861247,-1.0,1,1,
2026-03-07 08:00:00+00:00,week_010,2026-03-02 05:00:00+00:00,-10.864999999999998,-0.4324951077058871,-10.432504892294112,10.432504892294112,108.83715832774058,-1.0,-1,1,
2026-03-07 09:00:00+00:00,week_010,2026-03-02 05:00:00+00:00,-6.892499999999998,-0.33598082512947963,-6.556519174870519,6.556519174870519,42.98794369044479,-1.0,-1,1,
2026-03-07 10:00:00+00:00,week_010,2026-03-02 05:00:00+00:00,-2.547500000000001,-0.33598082512947963,-2.2115191748705216,2.2115191748705216,4.890817060819993,-1.0,-1,1,
2026-03-07 11:00:00+00:00,week_010,2026-03-02 05:00:00+00:00,-0.9574999999999996,-0.33598082512947963,-0.62151917487052,0.62151917487052,0.38628608473173204,-1.0,-1,1,
2026-03-07 12:00:00+00:00,week_010,2026-03-02 05:00:00+00:00,2.099999999999998,-0.33598082512947963,2.4359808251294774,2.4359808251294774,5.93400258039849,1.0,-1,1,
2026-03-07 13:00:00+00:00,week_010,2026-03-02 05:00:00+00:00,0.922500000000003,-0.33598082512947963,1.2584808251294826,1.2584808251294826,1.5837739872185832,1.0,-1,1,
2026-03-07 14:00:00+00:00,week_010,2026-03-02 05:00:00+00:00,8.9875,-0.33598082512947963,9.323480825129481,9.323480825129481,86.92729469655711,1.0,-1,1,
2026-03-07 15:00:00+00:00,week_010,2026-03-02 05:00:00+00:00,12.34,-0.33598082512947963,12.67598082512948,12.67598082512948,160.68048987905027,1.0,-1,1,
2026-03-07 16:00:00+00:00,week_010,2026-03-02 05:00:00+00:00,10.535,-0.33598082512947963,10.87098082512948,10.87098082512948,118.17822410033284,1.0,-1,1,
2026-03-07 17:00:00+00:00,week_010,2026-03-02 05:00:00+00:00,13.395000000000003,-0.33598082512947963,13.730980825129484,13.730980825129484,188.53983442007356,1.0,-1,1,
2026-03-07 18:00:00+00:00,week_010,2026-03-02 05:00:00+00:00,9.864999999999998,-0.33598082512947963,10.200980825129479,10.200980825129479,104.06000979465931,1.0,-1,1,
2026-03-07 19:00:00+00:00,week_010,2026-03-02 05:00:00+00:00,10.8525,-0.33598082512947963,11.18848082512948,11.18848082512948,125.18210317429003,1.0,-1,1,
2026-03-07 20:00:00+00:00,week_010,2026-03-02 05:00:00+00:00,19.047500000000003,-0.33598082512947963,19.38348082512948,19.38348082512948,375.7193288981623,1.0,-1,1,
2026-03-07 21:00:00+00:00,week_010,2026-03-02 05:00:00+00:00,19.495,-0.33598082512947963,19.83098082512948,19.83098082512948,393.2678004866531,1.0,-1,1,
2026-03-07 22:00:00+00:00,week_010,2026-03-02 05:00:00+00:00,16.54,-0.33598082512947963,16.875980825129478,16.875980825129478,284.7987288101378,1.0,-1,1,
2026-03-07 23:00:00+00:00,week_010,2026-03-02 05:00:00+00:00,6.904999999999998,-0.33598082512947963,7.240980825129477,7.240980825129477,52.431803309892764,1.0,-1,1,
2026-03-08 00:00:00+00:00,week_010,2026-03-02 05:00:00+00:00,8.310000000000002,-0.33598082512947963,8.645980825129483,8.645980825129483,74.75298442850669,1.0,-1,1,
2026-03-08 01:00:00+00:00,week_010,2026-03-02 05:00:00+00:00,22.77,2.4346158345958355,20.335384165404164,20.335384165404164,413.52784915457045,1.0,1,1,
2026-03-08 02:00:00+00:00,week_010,2026-03-02 05:00:00+00:00,23.69,3.603143446083186,20.086856553916814,20.086856553916814,403.48180621763083,1.0,1,1,
2026-03-08 03:00:00+00:00,week_010,2026-03-02 05:00:00+00:00,56.8675,3.603143446083186,53.26435655391681,53.26435655391681,2837.0916791027807,1.0,1,1,
2026-03-08 04:00:00+00:00,week_010,2026-03-02 05:00:00+00:00,67.89750000000001,3.265929262268076,64.63157073773193,64.63157073773193,4177.239936026447,1.0,1,1,
2026-03-08 05:00:00+00:00,week_010,2026-03-02 05:00:00+00:00,24.605,3.265929262268076,21.339070737731923,21.339070737731923,455.35593994992684,1.0,1,1,
2026-03-08 06:00:00+00:00,week_010,2026-03-02 05:00:00+00:00,19.39,2.0807276781708195,17.30927232182918,17.30927232182918,299.61090831124176,1.0,1,1,
2026-03-08 07:00:00+00:00,week_010,2026-03-02 05:00:00+00:00,8.344999999999999,4.180823819199543,4.164176180800456,4.164176180800456,17.34036326474587,1.0,1,1,
2026-03-08 08:00:00+00:00,week_010,2026-03-02 05:00:00+00:00,18.1475,4.133853364184084,14.013646635815917,14.013646635815917,196.38229203351477,1.0,1,1,
2026-03-08 09:00:00+00:00,week_010,2026-03-02 05:00:00+00:00,1.1299999999999957,3.190614817825133,-2.0606148178251376,2.0606148178251376,4.246133427440525,1.0,1,1,
2026-03-08 10:00:00+00:00,week_010,2026-03-02 05:00:00+00:00,-0.8750000000000071,3.190614817825133,-4.06561481782514,4.06561481782514,16.529223846919347,-1.0,1,1,
2026-03-08 11:00:00+00:00,week_010,2026-03-02 05:00:00+00:00,-2.662499999999998,4.133853364184084,-6.796353364184082,6.796353364184082,46.190419050856285,-1.0,1,1,
2026-03-08 12:00:00+00:00,week_010,2026-03-02 05:00:00+00:00,-6.569999999999997,4.133853364184084,-10.70385336418408,10.70385336418408,114.57247684195487,-1.0,1,1,
2026-03-08 13:00:00+00:00,week_010,2026-03-02 05:00:00+00:00,-0.307500000000001,4.133853364184084,-4.441353364184085,4.441353364184085,19.72561970554929,-1.0,1,1,
2026-03-08 14:00:00+00:00,week_010,2026-03-02 05:00:00+00:00,-3.9899999999999984,4.046665177728243,-8.036665177728242,8.036665177728242,64.58798717890971,-1.0,1,1,
2026-03-08 15:00:00+00:00,week_010,2026-03-02 05:00:00+00:00,-0.1475000000000008,1.65254559838657,-1.8000455983865709,1.8000455983865709,3.240164156270868,-1.0,1,1,
2026-03-08 16:00:00+00:00,week_010,2026-03-02 05:00:00+00:00,-2.5325000000000006,1.434064123479958,-3.9665641234799587,3.9665641234799587,15.733630945678334,-1.0,1,1,
2026-03-08 17:00:00+00:00,week_010,2026-03-02 05:00:00+00:00,-3.2425,1.434064123479958,-4.676564123479958,4.676564123479958,21.870252001019864,-1.0,1,1,
2026-03-08 18:00:00+00:00,week_010,2026-03-02 05:00:00+00:00,-0.6225000000000005,1.65254559838657,-2.2750455983865705,2.2750455983865705,5.175832474738109,-1.0,1,1,
2026-03-08 19:00:00+00:00,week_010,2026-03-02 05:00:00+00:00,2.054999999999998,1.0909885415278209,0.9640114584721771,0.9640114584721771,0.929318092065654,1.0,1,1,
2026-03-08 20:00:00+00:00,week_010,2026-03-02 05:00:00+00:00,1.1149999999999984,-0.1581404305682771,1.2731404305682754,1.2731404305682754,1.6208865559475738,1.0,-1,1,
2026-03-08 21:00:00+00:00,week_010,2026-03-02 05:00:00+00:00,-10.017500000000002,-1.3757336540648377,-8.641766345935164,8.641766345935164,74.68012557773758,-1.0,-1,1,
2026-03-08 22:00:00+00:00,week_010,2026-03-02 05:00:00+00:00,-13.7075,-1.3757336540648377,-12.331766345935161,12.331766345935161,152.07246121073905,-1.0,-1,1,
2026-03-08 23:00:00+00:00,week_010,2026-03-02 05:00:00+00:00,-13.7475,-1.3757336540648377,-12.371766345935162,12.371766345935162,153.06060251841387,-1.0,-1,1,
2026-03-09 00:00:00+00:00,week_010,2026-03-02 05:00:00+00:00,-25.39,-0.9940521645646355,-24.395947835435365,24.395947835435365,595.1622707892834,-1.0,-1,1,
2026-03-09 01:00:00+00:00,week_010,2026-03-02 05:00:00+00:00,-16.475000000000005,-1.3757336540648377,-15.099266345935167,15.099266345935167,227.98784418549033,-1.0,-1,1,
2026-03-09 02:00:00+00:00,week_010,2026-03-02 05:00:00+00:00,-4.574999999999999,-0.4324951077058871,-4.142504892294112,4.142504892294112,17.160346782680655,-1.0,-1,1,
2026-03-09 03:00:00+00:00,week_010,2026-03-02 05:00:00+00:00,-7.5625,-0.33598082512947963,-7.22651917487052,7.22651917487052,52.22257938477131,-1.0,-1,1,
2026-03-09 04:00:00+00:00,week_010,2026-03-02 05:00:00+00:00,-6.477499999999999,-0.33598082512947963,-6.14151917487052,6.14151917487052,37.71825777530227,-1.0,-1,1,
2026-03-09 05:00:00+00:00,week_011,2026-03-09 04:00:00+00:00,-6.132499999999999,-0.4246657090355396,-5.70783429096446,5.70783429096446,32.579372293109756,-1.0,-1,1,
2026-03-09 06:00:00+00:00,week_011,2026-03-09 04:00:00+00:00,-6.422499999999999,-0.4246657090355396,-5.99783429096446,5.99783429096446,35.974016181869146,-1.0,-1,1,
2026-03-09 07:00:00+00:00,week_011,2026-03-09 04:00:00+00:00,-5.529999999999999,-1.3189001086783083,-4.211099891321691,4.211099891321691,17.73336229468956,-1.0,-1,1,
2026-03-09 08:00:00+00:00,week_011,2026-03-09 04:00:00+00:00,-5.799999999999997,-1.3189001086783083,-4.481099891321689,4.481099891321689,20.08025623600325,-1.0,-1,1,
2026-03-09 09:00:00+00:00,week_011,2026-03-09 04:00:00+00:00,-6.584999999999999,-0.36061333699358233,-6.224386663006417,6.224386663006417,38.742989330612154,-1.0,-1,1,
2026-03-09 10:00:00+00:00,week_011,2026-03-09 04:00:00+00:00,-5.954999999999998,-1.3189001086783083,-4.63609989132169,4.63609989132169,21.493422202312985,-1.0,-1,1,
2026-03-09 11:00:00+00:00,week_011,2026-03-09 04:00:00+00:00,1.4199999999999982,-0.3137606597651284,1.7337606597651265,1.7337606597651265,3.005926025349207,1.0,-1,1,
2026-03-09 12:00:00+00:00,week_011,2026-03-09 04:00:00+00:00,4.085000000000001,-0.3137606597651284,4.398760659765129,4.398760659765129,19.349095341897353,1.0,-1,1,
2026-03-09 13:00:00+00:00,week_011,2026-03-09 04:00:00+00:00,2.1125000000000007,-0.3137606597651284,2.4262606597651293,2.4262606597651293,5.8867407891239205,1.0,-1,1,
2026-03-09 14:00:00+00:00,week_011,2026-03-09 04:00:00+00:00,13.3075,-0.3137606597651284,13.621260659765127,13.621260659765127,185.53874196126512,1.0,-1,1,
2026-03-09 15:00:00+00:00,week_011,2026-03-09 04:00:00+00:00,2.7775,-0.3137606597651284,3.0912606597651284,3.0912606597651284,9.555892466611537,1.0,-1,1,
2026-03-09 16:00:00+00:00,week_011,2026-03-09 04:00:00+00:00,3.2875000000000014,-0.3137606597651284,3.60126065976513,3.60126065976513,12.969078339571979,1.0,-1,1,
2026-03-09 17:00:00+00:00,week_011,2026-03-09 04:00:00+00:00,1.8775000000000013,-0.37781303180708564,2.255313031807087,2.255313031807087,5.086436871438874,1.0,-1,1,
2026-03-09 18:00:00+00:00,week_011,2026-03-09 04:00:00+00:00,3.509999999999998,-0.37781303180708564,3.8878130318070836,3.8878130318070836,15.115090170288987,1.0,-1,1,
2026-03-09 19:00:00+00:00,week_011,2026-03-09 04:00:00+00:00,4.594999999999999,-0.37781303180708564,4.9728130318070844,4.9728130318070844,24.728869449310366,1.0,-1,1,
2026-03-09 20:00:00+00:00,week_011,2026-03-09 04:00:00+00:00,2.9274999999999984,-0.37781303180708564,3.305313031807084,3.305313031807084,10.925094238233738,1.0,-1,1,
2026-03-09 21:00:00+00:00,week_011,2026-03-09 04:00:00+00:00,-1.724999999999998,-0.4246657090355396,-1.3003342909644586,1.3003342909644586,1.6908692682580413,-1.0,-1,1,
2026-03-09 22:00:00+00:00,week_011,2026-03-09 04:00:00+00:00,-3.342500000000001,-0.4246657090355396,-2.9178342909644615,2.9178342909644615,8.513756949528082,-1.0,-1,1,
2026-03-09 23:00:00+00:00,week_011,2026-03-09 04:00:00+00:00,-1.7574999999999932,-0.4246657090355396,-1.3328342909644535,1.3328342909644535,1.7764472471707176,-1.0,-1,1,
2026-03-10 00:00:00+00:00,week_011,2026-03-09 04:00:00+00:00,-0.832499999999996,-0.4246657090355396,-0.40783429096445645,0.40783429096445645,0.1663288088864809,-1.0,-1,1,
2026-03-10 01:00:00+00:00,week_011,2026-03-09 04:00:00+00:00,-1.2899999999999991,-1.3829524807202653,0.09295248072026618,0.09295248072026618,0.008640163672051457,-1.0,-1,1,
2026-03-10 02:00:00+00:00,week_011,2026-03-09 04:00:00+00:00,1.34,-1.3829524807202653,2.7229524807202656,2.7229524807202656,7.414470212260649,1.0,-1,1,
2026-03-10 03:00:00+00:00,week_011,2026-03-09 04:00:00+00:00,-7.737500000000001,-1.3829524807202653,-6.354547519279736,6.354547519279736,40.38027417478425,-1.0,-1,1,
2026-03-10 04:00:00+00:00,week_011,2026-03-09 04:00:00+00:00,-5.609999999999999,-0.4246657090355396,-5.18533429096446,5.18533429096446,26.887691709051897,-1.0,-1,1,
2026-03-10 05:00:00+00:00,week_011,2026-03-09 04:00:00+00:00,-0.1125000000000007,-1.3829524807202653,1.2704524807202646,1.2704524807202646,1.6140495057682744,-1.0,-1,1,
2026-03-10 06:00:00+00:00,week_011,2026-03-09 04:00:00+00:00,3.0799999999999983,-0.4246657090355396,3.504665709035538,3.504665709035538,12.28268173208957,1.0,-1,1,
2026-03-10 07:00:00+00:00,week_011,2026-03-09 04:00:00+00:00,4.955000000000002,-0.4246657090355396,5.3796657090355415,5.3796657090355415,28.940803140972875,1.0,-1,1,
2026-03-10 08:00:00+00:00,week_011,2026-03-09 04:00:00+00:00,5.274999999999999,-0.37781303180708564,5.652813031807084,5.652813031807084,31.954295172568,1.0,-1,1,
2026-03-10 09:00:00+00:00,week_011,2026-03-09 04:00:00+00:00,5.5425,-0.3137606597651284,5.8562606597651286,5.8562606597651286,34.2957889151127,1.0,-1,1,
2026-03-10 10:00:00+00:00,week_011,2026-03-09 04:00:00+00:00,2.625,-0.3137606597651284,2.9387606597651286,2.9387606597651286,8.636314215383173,1.0,-1,1,
2026-03-10 11:00:00+00:00,week_011,2026-03-09 04:00:00+00:00,4.119999999999997,-0.3137606597651284,4.433760659765126,4.433760659765126,19.658233588080883,1.0,-1,1,
2026-03-10 12:00:00+00:00,week_011,2026-03-09 04:00:00+00:00,13.322500000000003,-0.3137606597651284,13.636260659765131,13.636260659765131,185.94760478105817,1.0,-1,1,
2026-03-10 13:00:00+00:00,week_011,2026-03-09 04:00:00+00:00,12.462500000000002,-0.3137606597651284,12.77626065976513,12.77626065976513,163.23283644626213,1.0,-1,1,
2026-03-10 14:00:00+00:00,week_011,2026-03-09 04:00:00+00:00,2.0975,-0.3137606597651284,2.4112606597651287,2.4112606597651287,5.814177969330964,1.0,-1,1,
2026-03-10 15:00:00+00:00,week_011,2026-03-09 04:00:00+00:00,3.41,-0.3137606597651284,3.7237606597651287,3.7237606597651287,13.866393451214426,1.0,-1,1,
2026-03-10 16:00:00+00:00,week_011,2026-03-09 04:00:00+00:00,2.7875000000000014,-0.3137606597651284,3.10126065976513,3.10126065976513,9.61781767980685,1.0,-1,1,
2026-03-10 17:00:00+00:00,week_011,2026-03-09 04:00:00+00:00,1.1475000000000009,-0.3137606597651284,1.4612606597651292,1.4612606597651292,2.1352827157772207,1.0,-1,1,
2026-03-10 18:00:00+00:00,week_011,2026-03-09 04:00:00+00:00,0.9025,-0.3137606597651284,1.2162606597651284,1.2162606597651284,1.4792899924923055,1.0,-1,1,
2026-03-10 19:00:00+00:00,week_011,2026-03-09 04:00:00+00:00,0.7675000000000018,-0.37781303180708564,1.1453130318070874,1.1453130318070874,1.3117419408271425,1.0,-1,1,
2026-03-10 20:00:00+00:00,week_011,2026-03-09 04:00:00+00:00,-3.907499999999999,-0.37781303180708564,-3.5296869681929133,3.5296869681929133,12.45869009343088,-1.0,-1,1,
2026-03-10 21:00:00+00:00,week_011,2026-03-09 04:00:00+00:00,4.855,-0.37781303180708564,5.232813031807086,5.232813031807086,27.382332225850067,1.0,-1,1,
2026-03-10 22:00:00+00:00,week_011,2026-03-09 04:00:00+00:00,-2.4150000000000027,-0.37781303180708564,-2.037186968192917,2.037186968192917,4.150130743375049,-1.0,-1,1,
2026-03-10 23:00:00+00:00,week_011,2026-03-09 04:00:00+00:00,-7.765000000000001,-0.4246657090355396,-7.340334290964461,7.340334290964461,53.88050750310873,-1.0,-1,1,
2026-03-11 00:00:00+00:00,week_011,2026-03-09 04:00:00+00:00,-13.052500000000002,-0.4246657090355396,-12.627834290964463,12.627834290964463,159.46219888005797,-1.0,-1,1,
2026-03-11 01:00:00+00:00,week_011,2026-03-09 04:00:00+00:00,-10.617499999999996,-0.37781303180708564,-10.23968696819291,10.23968696819291,104.8511892065797,-1.0,-1,1,
2026-03-11 02:00:00+00:00,week_011,2026-03-09 04:00:00+00:00,-9.32,-0.37781303180708564,-8.942186968192914,8.942186968192914,79.96270777411918,-1.0,-1,1,
2026-03-11 03:00:00+00:00,week_011,2026-03-09 04:00:00+00:00,-14.174999999999995,-0.37781303180708564,-13.797186968192909,13.797186968192909,190.36236823527224,-1.0,-1,1,
2026-03-11 04:00:00+00:00,week_011,2026-03-09 04:00:00+00:00,-4.357499999999998,-0.3137606597651284,-4.04373934023487,4.04373934023487,16.351827851763144,-1.0,-1,1,
2026-03-11 05:00:00+00:00,week_011,2026-03-09 04:00:00+00:00,-1.5500000000000007,-0.3137606597651284,-1.2362393402348724,1.2362393402348724,1.5282877063443525,-1.0,-1,1,
2026-03-11 06:00:00+00:00,week_011,2026-03-09 04:00:00+00:00,-4.02,-0.3137606597651284,-3.706239340234871,3.706239340234871,13.736210047104612,-1.0,-1,1,
2026-03-11 07:00:00+00:00,week_011,2026-03-09 04:00:00+00:00,-4.6325,-0.3137606597651284,-4.318739340234872,4.318739340234872,18.651509488892337,-1.0,-1,1,
2026-03-11 08:00:00+00:00,week_011,2026-03-09 04:00:00+00:00,-6.692500000000001,-0.3137606597651284,-6.378739340234873,6.378739340234873,40.688315570660016,-1.0,-1,1,
2026-03-11 09:00:00+00:00,week_011,2026-03-09 04:00:00+00:00,-7.247499999999999,-0.3137606597651284,-6.933739340234871,6.933739340234871,48.0767412383207,-1.0,-1,1,
2026-03-11 10:00:00+00:00,week_011,2026-03-09 04:00:00+00:00,-5.177500000000002,-0.3137606597651284,-4.863739340234874,4.863739340234874,23.655960369748367,-1.0,-1,1,
2026-03-11 11:00:00+00:00,week_011,2026-03-09 04:00:00+00:00,-6.975000000000001,-0.3137606597651284,-6.661239340234873,6.661239340234873,44.37210954789273,-1.0,-1,1,
2026-03-11 12:00:00+00:00,week_011,2026-03-09 04:00:00+00:00,-6.447500000000002,-0.3137606597651284,-6.133739340234873,6.133739340234873,37.62275829394494,-1.0,-1,1,
2026-03-11 13:00:00+00:00,week_011,2026-03-09 04:00:00+00:00,-4.605,0.6164669496222017,-5.221466949622203,5.221466949622203,27.26371710599699,-1.0,1,1,
2026-03-11 14:00:00+00:00,week_011,2026-03-09 04:00:00+00:00,3.91,-0.3137606597651284,4.223760659765128,4.223760659765128,17.84015411097955,1.0,-1,1,
2026-03-11 15:00:00+00:00,week_011,2026-03-09 04:00:00+00:00,10.6875,-0.3137606597651284,11.001260659765128,11.001260659765128,121.02773610409587,1.0,-1,1,
2026-03-11 16:00:00+00:00,week_011,2026-03-09 04:00:00+00:00,8.099999999999998,-0.37781303180708564,8.477813031807084,8.477813031807084,71.87331380227803,1.0,-1,1,
2026-03-11 17:00:00+00:00,week_011,2026-03-09 04:00:00+00:00,12.6625,-0.4246657090355396,13.087165709035538,13.087165709035538,171.27390629575567,1.0,-1,1,
2026-03-11 18:00:00+00:00,week_011,2026-03-09 04:00:00+00:00,4.552499999999998,-0.4246657090355396,4.977165709035538,4.977165709035538,24.77217849519923,1.0,-1,1,
2026-03-11 19:00:00+00:00,week_011,2026-03-09 04:00:00+00:00,5.479999999999999,-0.4246657090355396,5.904665709035538,5.904665709035538,34.865077135460155,1.0,-1,1,
2026-03-11 20:00:00+00:00,week_011,2026-03-09 04:00:00+00:00,7.162500000000001,-0.37781303180708564,7.540313031807087,7.540313031807087,56.85632061763978,1.0,-1,1,
2026-03-11 21:00:00+00:00,week_011,2026-03-09 04:00:00+00:00,1.7074999999999996,-0.4246657090355396,2.1321657090355393,2.1321657090355393,4.546130610787024,1.0,-1,1,
2026-03-11 22:00:00+00:00,week_011,2026-03-09 04:00:00+00:00,-20.8225,-0.4246657090355396,-20.39783429096446,20.39783429096446,416.07164376164565,-1.0,-1,1,
2026-03-11 23:00:00+00:00,week_011,2026-03-09 04:00:00+00:00,-19.05,-1.3829524807202653,-17.667047519279734,17.667047519279734,312.1245680484882,-1.0,-1,1,
2026-03-12 00:00:00+00:00,week_011,2026-03-09 04:00:00+00:00,-9.187500000000004,-1.3829524807202653,-7.804547519279739,7.804547519279739,60.910961980695525,-1.0,-1,1,
2026-03-12 01:00:00+00:00,week_011,2026-03-09 04:00:00+00:00,-7.359999999999999,-1.3829524807202653,-5.9770475192797345,5.9770475192797345,35.72509704772803,-1.0,-1,1,
2026-03-12 02:00:00+00:00,week_011,2026-03-09 04:00:00+00:00,-3.45,-1.3829524807202653,-2.067047519279735,2.067047519279735,4.272685446960506,-1.0,-1,1,
2026-03-12 03:00:00+00:00,week_011,2026-03-09 04:00:00+00:00,-0.1549999999999975,-1.3829524807202653,1.2279524807202677,1.2279524807202677,1.5078672949070595,-1.0,-1,1,
2026-03-12 04:00:00+00:00,week_011,2026-03-09 04:00:00+00:00,1.7174999999999976,-1.3829524807202653,3.100452480720263,3.100452480720263,9.612805585204432,1.0,-1,1,
2026-03-12 05:00:00+00:00,week_011,2026-03-09 04:00:00+00:00,2.8625000000000007,-1.3829524807202653,4.245452480720266,4.245452480720266,18.023866766053857,1.0,-1,1,
2026-03-12 06:00:00+00:00,week_011,2026-03-09 04:00:00+00:00,3.469999999999999,-1.3829524807202653,4.852952480720264,4.852952480720264,23.55114778012896,1.0,-1,1,
2026-03-12 07:00:00+00:00,week_011,2026-03-09 04:00:00+00:00,-0.3049999999999997,-1.3829524807202653,1.0779524807202656,1.0779524807202656,1.1619815506909745,-1.0,-1,1,
2026-03-12 08:00:00+00:00,week_011,2026-03-09 04:00:00+00:00,-3.6075000000000017,-1.3829524807202653,-2.2245475192797364,2.2245475192797364,4.948611665533629,-1.0,-1,1,
2026-03-12 09:00:00+00:00,week_011,2026-03-09 04:00:00+00:00,-7.715000000000003,1.4920289776636033,-9.207028977663606,9.207028977663606,84.76938259553735,-1.0,1,1,
2026-03-12 10:00:00+00:00,week_011,2026-03-09 04:00:00+00:00,-18.8225,2.596086012438381,-21.418586012438382,21.418586012438382,458.7558267722211,-1.0,1,1,
2026-03-12 11:00:00+00:00,week_011,2026-03-09 04:00:00+00:00,-23.4125,1.9089244371237526,-25.321424437123753,25.321424437123753,641.174535524968,-1.0,1,1,
2026-03-12 12:00:00+00:00,week_011,2026-03-09 04:00:00+00:00,-25.53,1.979596603377831,-27.509596603377833,27.509596603377833,756.7779052805772,-1.0,1,1,
2026-03-12 13:00:00+00:00,week_011,2026-03-09 04:00:00+00:00,-16.840000000000003,1.979596603377831,-18.819596603377835,18.819596603377835,354.1772163138706,-1.0,1,1,
2026-03-12 14:00:00+00:00,week_011,2026-03-09 04:00:00+00:00,-17.717499999999998,1.9089244371237526,-19.62642443712375,19.62642443712375,385.19653618612824,-1.0,1,1,
2026-03-12 15:00:00+00:00,week_011,2026-03-09 04:00:00+00:00,-7.28,1.9089244371237526,-9.188924437123752,9.188924437123752,84.43633231117008,-1.0,1,1,
2026-03-12 16:00:00+00:00,week_011,2026-03-09 04:00:00+00:00,-5.165,1.8159774117775889,-6.980977411777589,6.980977411777589,48.734045623748926,-1.0,1,1,
2026-03-12 17:00:00+00:00,week_011,2026-03-09 04:00:00+00:00,-5.1075,1.9089244371237526,-7.016424437123753,7.016424437123753,49.230211881867376,-1.0,1,1,
2026-03-12 18:00:00+00:00,week_011,2026-03-09 04:00:00+00:00,-2.715,0.7606071583267592,-3.475607158326759,3.475607158326759,12.079845119012209,-1.0,1,1,
2026-03-12 19:00:00+00:00,week_011,2026-03-09 04:00:00+00:00,-2.2225,-1.3829524807202653,-0.8395475192797348,0.8395475192797348,0.7048400371287566,-1.0,-1,1,
2026-03-12 20:00:00+00:00,week_011,2026-03-09 04:00:00+00:00,-2.9575,-1.3829524807202653,-1.5745475192797347,1.5745475192797347,2.4791998904699666,-1.0,-1,1,
2026-03-12 21:00:00+00:00,week_011,2026-03-09 04:00:00+00:00,-3.8575,-1.3829524807202653,-2.4745475192797346,2.4745475192797346,6.123385425173488,-1.0,-1,1,
2026-03-12 22:00:00+00:00,week_011,2026-03-09 04:00:00+00:00,-8.99,-1.3829524807202653,-7.607047519279735,7.607047519279735,57.867171960579974,-1.0,-1,1,
2026-03-12 23:00:00+00:00,week_011,2026-03-09 04:00:00+00:00,-12.655,-1.3829524807202653,-11.272047519279734,11.272047519279734,127.05905527690041,-1.0,-1,1,
2026-03-13 00:00:00+00:00,week_011,2026-03-09 04:00:00+00:00,-12.860000000000005,-1.3829524807202653,-11.47704751927974,11.47704751927974,131.72261975980524,-1.0,-1,1,
2026-03-13 01:00:00+00:00,week_011,2026-03-09 04:00:00+00:00,-9.39,-1.3829524807202653,-8.007047519279736,8.007047519279736,64.11280997600377,-1.0,-1,1,
2026-03-13 02:00:00+00:00,week_011,2026-03-09 04:00:00+00:00,-4.467500000000001,-1.3829524807202653,-3.084547519279736,3.084547519279736,9.514433398694772,-1.0,-1,1,
2026-03-13 03:00:00+00:00,week_011,2026-03-09 04:00:00+00:00,-4.342500000000001,-1.3829524807202653,-2.959547519279736,2.959547519279736,8.758921518874839,-1.0,-1,1,
2026-03-13 04:00:00+00:00,week_011,2026-03-09 04:00:00+00:00,-7.564999999999999,-1.3829524807202653,-6.182047519279733,6.182047519279733,38.2177115306327,-1.0,-1,1,
2026-03-13 05:00:00+00:00,week_011,2026-03-09 04:00:00+00:00,-7.932499999999999,-1.3829524807202653,-6.549547519279734,6.549547519279734,42.89657270730332,-1.0,-1,1,
2026-03-13 06:00:00+00:00,week_011,2026-03-09 04:00:00+00:00,-6.449999999999999,-1.3829524807202653,-5.067047519279734,5.067047519279734,25.67497056263891,-1.0,-1,1,
2026-03-13 07:00:00+00:00,week_011,2026-03-09 04:00:00+00:00,-6.289999999999999,-1.3829524807202653,-4.907047519279734,4.907047519279734,24.079115356469394,-1.0,-1,1,
2026-03-13 08:00:00+00:00,week_011,2026-03-09 04:00:00+00:00,-5.25,-1.3829524807202653,-3.8670475192797347,3.8670475192797347,14.95405651636755,-1.0,-1,1,
2026-03-13 09:00:00+00:00,week_011,2026-03-09 04:00:00+00:00,-4.932500000000001,-1.3829524807202653,-3.5495475192797357,3.5495475192797357,12.599287591624925,-1.0,-1,1,
2026-03-13 10:00:00+00:00,week_011,2026-03-09 04:00:00+00:00,-3.932500000000001,-1.3829524807202653,-2.5495475192797357,2.5495475192797357,6.500192553065454,-1.0,-1,1,
2026-03-13 11:00:00+00:00,week_011,2026-03-09 04:00:00+00:00,-1.6374999999999993,-1.3829524807202653,-0.25454751927973396,0.25454751927973396,0.06479443957146654,-1.0,-1,1,
2026-03-13 12:00:00+00:00,week_011,2026-03-09 04:00:00+00:00,-2.3775000000000013,-1.3829524807202653,-0.994547519279736,0.994547519279736,0.9891247681054768,-1.0,-1,1,
2026-03-13 13:00:00+00:00,week_011,2026-03-09 04:00:00+00:00,5.785,-1.3829524807202653,7.167952480720265,7.167952480720265,51.3795427658638,1.0,-1,1,
2026-03-13 14:00:00+00:00,week_011,2026-03-09 04:00:00+00:00,0.6449999999999996,0.9407123291628575,-0.29571232916285795,0.29571232916285795,0.08744578161892244,1.0,1,1,
2026-03-13 15:00:00+00:00,week_011,2026-03-09 04:00:00+00:00,-1.115,-1.3829524807202653,0.26795248072026534,0.26795248072026534,0.07179853192414416,-1.0,-1,1,
2026-03-13 16:00:00+00:00,week_011,2026-03-09 04:00:00+00:00,-1.5325,1.9089244371237526,-3.441424437123753,3.441424437123753,11.84340215643254,-1.0,1,1,
2026-03-13 17:00:00+00:00,week_011,2026-03-09 04:00:00+00:00,-2.5875,0.8216974303482999,-3.4091974303483,3.4091974303483,11.622627119093451,-1.0,1,1,
2026-03-13 18:00:00+00:00,week_011,2026-03-09 04:00:00+00:00,-0.4024999999999998,0.7606071583267592,-1.163107158326759,1.163107158326759,1.3528182617509483,-1.0,1,1,
2026-03-13 19:00:00+00:00,week_011,2026-03-09 04:00:00+00:00,7.34,-1.3829524807202653,8.722952480720265,8.722952480720265,76.08989998090382,1.0,-1,1,
2026-03-13 20:00:00+00:00,week_011,2026-03-09 04:00:00+00:00,6.935,-1.3829524807202653,8.317952480720265,8.317952480720265,69.18833347152042,1.0,-1,1,
2026-03-13 21:00:00+00:00,week_011,2026-03-09 04:00:00+00:00,3.035,-1.3829524807202653,4.417952480720265,4.417952480720265,19.518304121902343,1.0,-1,1,
2026-03-13 22:00:00+00:00,week_011,2026-03-09 04:00:00+00:00,-8.170000000000002,-1.3829524807202653,-6.787047519279737,6.787047519279737,46.06401402896123,-1.0,-1,1,
2026-03-13 23:00:00+00:00,week_011,2026-03-09 04:00:00+00:00,10.677499999999997,-1.3829524807202653,12.060452480720262,12.060452480720262,145.4545140397115,1.0,-1,1,
2026-03-14 00:00:00+00:00,week_011,2026-03-09 04:00:00+00:00,26.57,-1.3829524807202653,27.952952480720267,27.952952480720267,781.3675523894053,1.0,-1,1,
2026-03-14 01:00:00+00:00,week_011,2026-03-09 04:00:00+00:00,13.025,-1.3122803144661852,14.337280314466186,14.337280314466186,205.55760681557962,1.0,-1,1,
2026-03-14 02:00:00+00:00,week_011,2026-03-09 04:00:00+00:00,-3.5025000000000013,-1.3829524807202653,-2.119547519279736,2.119547519279736,4.492481686484883,-1.0,-1,1,
2026-03-14 03:00:00+00:00,week_011,2026-03-09 04:00:00+00:00,-1.3724999999999987,-1.3829524807202653,0.01045248072026661,0.01045248072026661,0.0001092543532075452,-1.0,-1,1,
2026-03-14 04:00:00+00:00,week_011,2026-03-09 04:00:00+00:00,-1.1424999999999983,-1.3829524807202653,0.24045248072026704,0.24045248072026704,0.05781739548453039,-1.0,-1,1,
2026-03-14 05:00:00+00:00,week_011,2026-03-09 04:00:00+00:00,-6.07,-1.3829524807202653,-4.687047519279735,4.687047519279735,21.968414447986323,-1.0,-1,1,
2026-03-14 06:00:00+00:00,week_011,2026-03-09 04:00:00+00:00,-3.73,-1.3829524807202653,-2.3470475192797347,2.3470475192797347,5.508632057757157,-1.0,-1,1,
2026-03-14 07:00:00+00:00,week_011,2026-03-09 04:00:00+00:00,-1.4774999999999991,-0.29572547394481663,-1.1817745260551824,1.1817745260551824,1.396591030432951,-1.0,-1,1,
2026-03-14 08:00:00+00:00,week_011,2026-03-09 04:00:00+00:00,1.3775000000000013,1.9089244371237526,-0.5314244371237513,0.5314244371237513,0.2824119323722959,1.0,1,1,
2026-03-14 09:00:00+00:00,week_011,2026-03-09 04:00:00+00:00,1.4249999999999972,0.8216974303482999,0.6033025696516973,0.6033025696516973,0.363973990548341,1.0,1,1,
2026-03-14 10:00:00+00:00,week_011,2026-03-09 04:00:00+00:00,-1.317499999999999,1.9089244371237526,-3.2264244371237516,3.2264244371237516,10.409814648469318,-1.0,1,1,
2026-03-14 11:00:00+00:00,week_011,2026-03-09 04:00:00+00:00,5.962499999999999,1.9089244371237526,4.0535755628762455,4.0535755628762455,16.43147484394747,1.0,1,1,
2026-03-14 12:00:00+00:00,week_011,2026-03-09 04:00:00+00:00,45.005,2.1425812888114746,42.862418711188525,42.862418711188525,1837.1869377732442,1.0,1,1,
2026-03-14 13:00:00+00:00,week_011,2026-03-09 04:00:00+00:00,6.272500000000001,1.9630514728895423,4.309448527110458,4.309448527110458,18.571346607814498,1.0,1,1,
2026-03-14 14:00:00+00:00,week_011,2026-03-09 04:00:00+00:00,-2.635,-0.36061333699358233,-2.2743866630064176,2.2743866630064176,5.172834692861468,-1.0,-1,1,
2026-03-14 15:00:00+00:00,week_011,2026-03-09 04:00:00+00:00,-1.085,-0.4246657090355396,-0.6603342909644604,0.6603342909644604,0.43604137582353664,-1.0,-1,1,
2026-03-14 16:00:00+00:00,week_011,2026-03-09 04:00:00+00:00,-2.83,-0.4246657090355396,-2.4053342909644604,2.4053342909644604,5.785633051289503,-1.0,-1,1,
2026-03-14 17:00:00+00:00,week_011,2026-03-09 04:00:00+00:00,-3.4775,-0.4246657090355396,-3.0528342909644604,3.0528342909644604,9.31979720808848,-1.0,-1,1,
2026-03-14 18:00:00+00:00,week_011,2026-03-09 04:00:00+00:00,-3.7125,-1.3829524807202653,-2.3295475192797346,2.3295475192797346,5.426791644582365,-1.0,-1,1,
2026-03-14 19:00:00+00:00,week_011,2026-03-09 04:00:00+00:00,-2.375,-1.3829524807202653,-0.9920475192797347,0.9920475192797347,0.9841582805090755,-1.0,-1,1,
2026-03-14 20:00:00+00:00,week_011,2026-03-09 04:00:00+00:00,0.3974999999999999,-1.3829524807202653,1.7804524807202653,1.7804524807202653,3.1700110361029465,1.0,-1,1,
2026-03-14 21:00:00+00:00,week_011,2026-03-09 04:00:00+00:00,-1.7075000000000002,-1.3829524807202653,-0.3245475192797349,0.3245475192797349,0.10533109227062991,-1.0,-1,1,
2026-03-14 22:00:00+00:00,week_011,2026-03-09 04:00:00+00:00,-1.545,-0.37781303180708564,-1.1671869681929143,1.1671869681929143,1.3623254187193672,-1.0,-1,1,
2026-03-14 23:00:00+00:00,week_011,2026-03-09 04:00:00+00:00,-4.0,-0.37781303180708564,-3.6221869681929144,3.6221869681929144,13.120238432546577,-1.0,-1,1,
2026-03-15 00:00:00+00:00,week_011,2026-03-09 04:00:00+00:00,-12.822500000000003,-0.37781303180708564,-12.444686968192917,12.444686968192917,154.8702337363106,-1.0,-1,1,
2026-03-15 01:00:00+00:00,week_011,2026-03-09 04:00:00+00:00,-5.342499999999998,-1.1492956290325405,-4.193204370967457,4.193204370967457,17.58296289670059,-1.0,-1,1,
2026-03-15 02:00:00+00:00,week_011,2026-03-09 04:00:00+00:00,-6.2075,-0.4246657090355396,-5.78283429096446,5.78283429096446,33.44117243675443,-1.0,-1,1,
2026-03-15 03:00:00+00:00,week_011,2026-03-09 04:00:00+00:00,-2.59,-0.4246657090355396,-2.16533429096446,2.16533429096446,4.6886725916265615,-1.0,-1,1,
2026-03-15 04:00:00+00:00,week_011,2026-03-09 04:00:00+00:00,-1.2399999999999984,-1.1492956290325405,-0.09070437096745798,0.09070437096745798,0.008227282912602234,-1.0,-1,1,
2026-03-15 05:00:00+00:00,week_011,2026-03-09 04:00:00+00:00,-1.4025000000000034,-1.3829524807202653,-0.01954751927973808,0.01954751927973808,0.00038210550999173194,-1.0,-1,1,
2026-03-15 06:00:00+00:00,week_011,2026-03-09 04:00:00+00:00,-3.3675,-1.3829524807202653,-1.9845475192797348,1.9845475192797348,3.9384288562793497,-1.0,-1,1,
2026-03-15 07:00:00+00:00,week_011,2026-03-09 04:00:00+00:00,3.400000000000002,-1.3829524807202653,4.782952480720267,4.782952480720267,22.876634432828155,1.0,-1,1,
2026-03-15 08:00:00+00:00,week_011,2026-03-09 04:00:00+00:00,-1.0024999999999975,-0.37781303180708564,-0.6246869681929119,0.6246869681929119,0.39023380823005216,-1.0,-1,1,
2026-03-15 09:00:00+00:00,week_011,2026-03-09 04:00:00+00:00,-2.267500000000002,-0.37781303180708564,-1.8896869681929163,1.8896869681929163,3.5709168377581357,-1.0,-1,1,
2026-03-15 10:00:00+00:00,week_011,2026-03-09 04:00:00+00:00,-2.6750000000000007,-0.37781303180708564,-2.297186968192915,2.297186968192915,5.277067966835357,-1.0,-1,1,
2026-03-15 11:00:00+00:00,week_011,2026-03-09 04:00:00+00:00,1.3200000000000005,-0.37781303180708564,1.697813031807086,1.697813031807086,2.8825690909739694,1.0,-1,1,
2026-03-15 12:00:00+00:00,week_011,2026-03-09 04:00:00+00:00,2.5725000000000016,-0.37781303180708564,2.950313031807087,2.950313031807087,8.704346985650727,1.0,-1,1,
2026-03-15 13:00:00+00:00,week_011,2026-03-09 04:00:00+00:00,1.0524999999999984,-0.37781303180708564,1.430313031807084,1.430313031807084,2.0457953689571724,1.0,-1,1,
2026-03-15 14:00:00+00:00,week_011,2026-03-09 04:00:00+00:00,6.455,-0.37781303180708564,6.832813031807086,6.832813031807086,46.687333927632736,1.0,-1,1,
2026-03-15 15:00:00+00:00,week_011,2026-03-09 04:00:00+00:00,13.3325,-0.37781303180708564,13.710313031807086,13.710313031807086,187.9726834301392,1.0,-1,1,
2026-03-15 16:00:00+00:00,week_011,2026-03-09 04:00:00+00:00,10.5175,-1.3829524807202653,11.900452480720265,11.900452480720265,141.62076924588112,1.0,-1,1,
2026-03-15 17:00:00+00:00,week_011,2026-03-09 04:00:00+00:00,11.085,-1.3829524807202653,12.467952480720266,12.467952480720266,155.44983906149864,1.0,-1,1,
2026-03-15 18:00:00+00:00,week_011,2026-03-09 04:00:00+00:00,18.75,-1.3829524807202653,20.132952480720267,20.132952480720267,405.33577559094033,1.0,-1,1,
2026-03-15 19:00:00+00:00,week_011,2026-03-09 04:00:00+00:00,13.3725,-1.3829524807202653,14.755452480720265,14.755452480720265,217.72337791079383,1.0,-1,1,
2026-03-15 20:00:00+00:00,week_011,2026-03-09 04:00:00+00:00,5.645,-1.3829524807202653,7.0279524807202645,7.0279524807202645,49.392116071262116,1.0,-1,1,
2026-03-15 21:00:00+00:00,week_011,2026-03-09 04:00:00+00:00,-2.1925000000000003,-0.4246657090355396,-1.7678342909644607,1.7678342909644607,3.1252380803098174,-1.0,-1,1,
2026-03-15 22:00:00+00:00,week_011,2026-03-09 04:00:00+00:00,-10.3975,-0.4246657090355396,-9.972834290964462,9.972834290964462,99.45742379503665,-1.0,-1,1,
2026-03-15 23:00:00+00:00,week_011,2026-03-09 04:00:00+00:00,-13.2075,-0.13895382340545256,-13.068546176594547,13.068546176594547,170.78689916978394,-1.0,-1,1,
2026-03-16 00:00:00+00:00,week_011,2026-03-09 04:00:00+00:00,-13.6725,-1.3829524807202653,-12.289547519279735,12.289547519279735,151.03297822863468,-1.0,-1,1,
2026-03-16 01:00:00+00:00,week_011,2026-03-09 04:00:00+00:00,-14.5025,-0.09210114617699863,-14.410398853823,14.410398853823,207.65959512626324,-1.0,-1,1,
2026-03-16 02:00:00+00:00,week_011,2026-03-09 04:00:00+00:00,-10.325,-0.13895382340545256,-10.186046176594546,10.186046176594546,103.75553671171637,-1.0,-1,1,
2026-03-16 03:00:00+00:00,week_011,2026-03-09 04:00:00+00:00,-10.45,-0.4246657090355396,-10.02533429096446,10.02533429096446,100.50732764558788,-1.0,-1,1,
2026-03-16 04:00:00+00:00,week_011,2026-03-09 04:00:00+00:00,-8.535000000000002,-0.4246657090355396,-8.110334290964463,8.110334290964463,65.77752231119405,-1.0,-1,1,
2026-03-16 05:00:00+00:00,week_012,2026-03-16 04:00:00+00:00,-6.047500000000001,-0.3904422914218216,-5.657057708578179,5.657057708578179,32.0023019181838,-1.0,-1,1,
2026-03-16 06:00:00+00:00,week_012,2026-03-16 04:00:00+00:00,-1.4349999999999987,-0.3904422914218216,-1.0445577085781772,1.0445577085781772,1.0911008065500922,-1.0,-1,1,
2026-03-16 07:00:00+00:00,week_012,2026-03-16 04:00:00+00:00,1.4849999999999994,-0.3904422914218216,1.875442291421821,1.875442291421821,3.5172837884535304,1.0,-1,1,
2026-03-16 08:00:00+00:00,week_012,2026-03-16 04:00:00+00:00,3.395,-1.0599664004981764,4.454966400498177,4.454966400498177,19.84672562956768,1.0,-1,1,
2026-03-16 09:00:00+00:00,week_012,2026-03-16 04:00:00+00:00,3.572499999999998,-1.0599664004981764,4.632466400498174,4.632466400498174,21.45974495174451,1.0,-1,1,
2026-03-16 10:00:00+00:00,week_012,2026-03-16 04:00:00+00:00,-2.115000000000002,-1.0599664004981764,-1.0550335995018256,1.0550335995018256,1.1130958960777786,-1.0,-1,1,
2026-03-16 11:00:00+00:00,week_012,2026-03-16 04:00:00+00:00,-7.667500000000004,-1.0599664004981764,-6.607533599501828,6.607533599501828,43.65950026854558,-1.0,-1,1,
2026-03-16 12:00:00+00:00,week_012,2026-03-16 04:00:00+00:00,-27.15000000000001,-1.0599664004981764,-26.090033599501833,26.090033599501833,680.6898532231346,-1.0,-1,1,
2026-03-16 13:00:00+00:00,week_012,2026-03-16 04:00:00+00:00,1.6900000000000048,-0.8882676195547825,2.5782676195547873,2.5782676195547873,6.64746391804471,1.0,-1,1,
2026-03-16 14:00:00+00:00,week_012,2026-03-16 04:00:00+00:00,-3.9549999999999983,-0.13460660213574724,-3.820393397864251,3.820393397864251,14.595405714444757,-1.0,-1,1,
2026-03-16 15:00:00+00:00,week_012,2026-03-16 04:00:00+00:00,-2.3749999999999982,-0.13460660213574724,-2.240393397864251,2.240393397864251,5.019362577193724,-1.0,-1,1,
2026-03-16 16:00:00+00:00,week_012,2026-03-16 04:00:00+00:00,0.4250000000000007,-0.43887592888684024,0.863875928886841,0.863875928886841,0.7462816205101023,1.0,-1,1,
2026-03-16 17:00:00+00:00,week_012,2026-03-16 04:00:00+00:00,4.359999999999999,-0.1571843651319993,4.517184365131999,4.517184365131999,20.40495458859298,1.0,-1,1,
2026-03-16 18:00:00+00:00,week_012,2026-03-16 04:00:00+00:00,3.039999999999999,-0.1571843651319993,3.1971843651319984,3.1971843651319984,10.2219878646445,1.0,-1,1,
2026-03-16 19:00:00+00:00,week_012,2026-03-16 04:00:00+00:00,3.272500000000001,-0.1571843651319993,3.429684365132,3.429684365132,11.762734844430891,1.0,-1,1,
2026-03-16 20:00:00+00:00,week_012,2026-03-16 04:00:00+00:00,5.907499999999999,-0.10875072766698063,6.016250727666979,6.016250727666979,36.19527281815346,1.0,-1,1,
2026-03-16 21:00:00+00:00,week_012,2026-03-16 04:00:00+00:00,4.500000000000004,-0.1571843651319993,4.657184365132004,4.657184365132004,21.689366210829984,1.0,-1,1,
2026-03-16 22:00:00+00:00,week_012,2026-03-16 04:00:00+00:00,15.572499999999998,-0.1571843651319993,15.729684365131998,15.729684365131998,247.42297022667805,1.0,-1,1,
2026-03-16 23:00:00+00:00,week_012,2026-03-16 04:00:00+00:00,4.362499999999997,-0.10875072766698063,4.471250727666978,4.471250727666978,19.992083069662478,1.0,-1,1,
2026-03-17 00:00:00+00:00,week_012,2026-03-16 04:00:00+00:00,39.02000000000001,-0.1571843651319993,39.17718436513201,39.17718436513201,1534.8517747795438,1.0,-1,1,
2026-03-17 01:00:00+00:00,week_012,2026-03-16 04:00:00+00:00,73.545,-0.244385833319468,73.78938583331947,73.78938583331947,5444.873461658488,1.0,-1,1,
2026-03-17 02:00:00+00:00,week_012,2026-03-16 04:00:00+00:00,-11.792500000000004,2.092426925501381,-13.884926925501386,13.884926925501386,192.79119572651337,-1.0,1,1,
2026-03-17 03:00:00+00:00,week_012,2026-03-16 04:00:00+00:00,-8.114999999999995,1.7710995875921667,-9.886099587592161,9.886099587592161,97.7349650557899,-1.0,1,1,
2026-03-17 04:00:00+00:00,week_012,2026-03-16 04:00:00+00:00,-4.855000000000004,-0.9887995885019863,-3.8662004114980175,3.8662004114980175,14.94750562186744,-1.0,-1,1,
2026-03-17 05:00:00+00:00,week_012,2026-03-16 04:00:00+00:00,-8.897499999999997,-1.0599664004981764,-7.837533599501821,7.837533599501821,61.426932923319974,-1.0,-1,1,
2026-03-17 06:00:00+00:00,week_012,2026-03-16 04:00:00+00:00,-6.490000000000002,-1.0599664004981764,-5.430033599501826,5.430033599501826,29.485264891718757,-1.0,-1,1,
2026-03-17 07:00:00+00:00,week_012,2026-03-16 04:00:00+00:00,-1.5275,-1.0599664004981764,-0.4675335995018237,0.4675335995018237,0.2185876666631317,-1.0,-1,1,
2026-03-17 08:00:00+00:00,week_012,2026-03-16 04:00:00+00:00,8.465,-0.13460660213574724,8.599606602135747,8.599606602135747,73.95323371149674,1.0,-1,1,
2026-03-17 09:00:00+00:00,week_012,2026-03-16 04:00:00+00:00,-1.25,-0.8882676195547825,-0.3617323804452175,0.3617323804452175,0.13085031506256356,-1.0,-1,1,
2026-03-17 10:00:00+00:00,week_012,2026-03-16 04:00:00+00:00,-20.56,-0.13460660213574724,-20.42539339786425,20.42539339786425,417.19669545751657,-1.0,-1,1,
2026-03-17 11:00:00+00:00,week_012,2026-03-16 04:00:00+00:00,-18.465,-0.13460660213574724,-18.330393397864253,18.330393397864253,336.0033221204654,-1.0,-1,1,
2026-03-17 12:00:00+00:00,week_012,2026-03-16 04:00:00+00:00,-35.395,-0.13460660213574724,-35.260393397864256,35.260393397864256,1243.2953425721491,-1.0,-1,1,
2026-03-17 13:00:00+00:00,week_012,2026-03-16 04:00:00+00:00,-9.3,-0.13460660213574724,-9.165393397864253,9.165393397864253,84.00443613761365,-1.0,-1,1,
2026-03-17 14:00:00+00:00,week_012,2026-03-16 04:00:00+00:00,-4.762500000000003,-0.43887592888684024,-4.323624071113162,4.323624071113162,18.693725108309156,-1.0,-1,1,
2026-03-17 15:00:00+00:00,week_012,2026-03-16 04:00:00+00:00,5.545,-1.3642357272492693,6.9092357272492695,6.9092357272492695,47.73753833469774,1.0,-1,1,
2026-03-17 16:00:00+00:00,week_012,2026-03-16 04:00:00+00:00,-1.4325,-1.3642357272492693,-0.06826427275073077,0.06826427275073077,0.004660010934186163,-1.0,-1,1,
2026-03-17 17:00:00+00:00,week_012,2026-03-16 04:00:00+00:00,-2.6075,-1.3642357272492693,-1.2432642727507306,1.2432642727507306,1.545706051898403,-1.0,-1,1,
2026-03-17 18:00:00+00:00,week_012,2026-03-16 04:00:00+00:00,-1.0975,-1.3642357272492693,0.2667357272492694,0.2667357272492694,0.07114794819119664,-1.0,-1,1,
2026-03-17 19:00:00+00:00,week_012,2026-03-16 04:00:00+00:00,-2.095,-1.3642357272492693,-0.7307642727507309,0.7307642727507309,0.5340164223289046,-1.0,-1,1,
2026-03-17 20:00:00+00:00,week_012,2026-03-16 04:00:00+00:00,-1.7150000000000003,-1.3642357272492693,-0.35076427275073097,0.35076427275073097,0.12303557503834918,-1.0,-1,1,
2026-03-17 21:00:00+00:00,week_012,2026-03-16 04:00:00+00:00,0.9124999999999996,-0.1571843651319993,1.069684365131999,1.069684365131999,1.1442246410078476,1.0,-1,1,
2026-03-17 22:00:00+00:00,week_012,2026-03-16 04:00:00+00:00,-5.425000000000001,-1.3642357272492693,-4.060764272750731,4.060764272750731,16.489806478848774,-1.0,-1,1,
2026-03-17 23:00:00+00:00,week_012,2026-03-16 04:00:00+00:00,-11.81,-1.3642357272492693,-10.445764272750731,10.445764272750731,109.11399124187561,-1.0,-1,1,
2026-03-18 00:00:00+00:00,week_012,2026-03-16 04:00:00+00:00,-8.7275,-1.3642357272492693,-7.36326427275073,7.36326427275073,54.21766075036733,-1.0,-1,1,
2026-03-18 01:00:00+00:00,week_012,2026-03-16 04:00:00+00:00,-17.4525,-1.3642357272492693,-16.08826427275073,16.08826427275073,258.8322473098676,-1.0,-1,1,
2026-03-18 02:00:00+00:00,week_012,2026-03-16 04:00:00+00:00,-14.445,-1.3642357272492693,-13.08076427275073,13.08076427275073,171.10639395927194,-1.0,-1,1,
2026-03-18 03:00:00+00:00,week_012,2026-03-16 04:00:00+00:00,-4.267499999999998,-1.3642357272492693,-2.9032642727507287,2.9032642727507287,8.428943437430817,-1.0,-1,1,
2026-03-18 04:00:00+00:00,week_012,2026-03-16 04:00:00+00:00,-1.4174999999999986,-1.3642357272492693,-0.05326427275072931,0.05326427275072931,0.0028370827516640855,-1.0,-1,1,
2026-03-18 05:00:00+00:00,week_012,2026-03-16 04:00:00+00:00,-3.6125000000000025,-1.3642357272492693,-2.248264272750733,2.248264272750733,5.054692240127382,-1.0,-1,1,
2026-03-18 06:00:00+00:00,week_012,2026-03-16 04:00:00+00:00,-3.2524999999999995,-1.3642357272492693,-1.8882642727507302,1.8882642727507302,3.5655419637468437,-1.0,-1,1,
2026-03-18 07:00:00+00:00,week_012,2026-03-16 04:00:00+00:00,-2.895,-1.3642357272492693,-1.5307642727507307,1.5307642727507307,2.3432392587300734,-1.0,-1,1,
2026-03-18 08:00:00+00:00,week_012,2026-03-16 04:00:00+00:00,0.8475000000000001,-1.3642357272492693,2.2117357272492697,2.2117357272492697,4.8917749271908555,1.0,-1,1,
2026-03-18 09:00:00+00:00,week_012,2026-03-16 04:00:00+00:00,2.539999999999999,-0.43887592888684024,2.9788759288868394,2.9788759288868394,8.873701799701431,1.0,-1,1,
2026-03-18 10:00:00+00:00,week_012,2026-03-16 04:00:00+00:00,3.627500000000001,-0.43887592888684024,4.066375928886841,4.066375928886841,16.53541319503032,1.0,-1,1,
2026-03-18 11:00:00+00:00,week_012,2026-03-16 04:00:00+00:00,0.0549999999999997,-0.43887592888684024,0.49387592888683995,0.49387592888683995,0.243913433133839,1.0,-1,1,
2026-03-18 12:00:00+00:00,week_012,2026-03-16 04:00:00+00:00,6.857500000000002,-0.43887592888684024,7.296375928886842,7.296375928886842,53.23710169563933,1.0,-1,1,
2026-03-18 13:00:00+00:00,week_012,2026-03-16 04:00:00+00:00,1.2875000000000014,-0.3904422914218216,1.677942291421823,1.677942291421823,2.8154903333419177,1.0,-1,1,
2026-03-18 14:00:00+00:00,week_012,2026-03-16 04:00:00+00:00,11.4075,-0.3904422914218216,11.797942291421823,11.797942291421823,139.1914423117196,1.0,-1,1,
2026-03-18 15:00:00+00:00,week_012,2026-03-16 04:00:00+00:00,7.584999999999999,-1.3642357272492693,8.949235727249269,8.949235727249269,80.08882010187475,1.0,-1,1,
2026-03-18 16:00:00+00:00,week_012,2026-03-16 04:00:00+00:00,10.565,-1.3642357272492693,11.929235727249269,11.929235727249269,142.3066650362804,1.0,-1,1,
2026-03-18 17:00:00+00:00,week_012,2026-03-16 04:00:00+00:00,10.075,-1.3642357272492693,11.439235727249269,11.439235727249269,130.8561140235761,1.0,-1,1,
2026-03-18 18:00:00+00:00,week_012,2026-03-16 04:00:00+00:00,6.2225,-1.3642357272492693,7.58673572724927,7.58673572724927,57.55855899512051,1.0,-1,1,
2026-03-18 19:00:00+00:00,week_012,2026-03-16 04:00:00+00:00,1.3849999999999998,-1.3642357272492693,2.7492357272492693,2.7492357272492693,7.558297083983819,1.0,-1,1,
2026-03-18 20:00:00+00:00,week_012,2026-03-16 04:00:00+00:00,-4.772499999999999,-0.1571843651319993,-4.615315634868,4.615315634868,21.301138409457007,-1.0,-1,1,
2026-03-18 21:00:00+00:00,week_012,2026-03-16 04:00:00+00:00,-10.255,-0.1571843651319993,-10.097815634868002,10.097815634868002,101.96588059578468,-1.0,-1,1,
2026-03-18 22:00:00+00:00,week_012,2026-03-16 04:00:00+00:00,-12.53,-1.3642357272492693,-11.16576427275073,11.16576427275073,124.67429179463663,-1.0,-1,1,
2026-03-18 23:00:00+00:00,week_012,2026-03-16 04:00:00+00:00,-4.634999999999998,-1.3642357272492693,-3.2707642727507285,3.2707642727507285,10.697898927902601,-1.0,-1,1,
2026-03-19 00:00:00+00:00,week_012,2026-03-16 04:00:00+00:00,-25.3775,-1.3642357272492693,-24.01326427275073,24.01326427275073,576.6368610329667,-1.0,-1,1,
2026-03-19 01:00:00+00:00,week_012,2026-03-16 04:00:00+00:00,-20.8475,-1.2930689152530794,-19.55443108474692,19.55443108474692,382.3757750481166,-1.0,-1,1,
2026-03-19 02:00:00+00:00,week_012,2026-03-16 04:00:00+00:00,-9.720000000000002,-1.3642357272492693,-8.355764272750733,8.355764272750733,69.81879658177759,-1.0,-1,1,
2026-03-19 03:00:00+00:00,week_012,2026-03-16 04:00:00+00:00,-7.412499999999998,-1.3642357272492693,-6.048264272750728,6.048264272750728,36.581500713032895,-1.0,-1,1,
2026-03-19 04:00:00+00:00,week_012,2026-03-16 04:00:00+00:00,-6.557499999999999,-0.43887592888684024,-6.1186240711131585,6.1186240711131585,37.43756052360536,-1.0,-1,1,
2026-03-19 05:00:00+00:00,week_012,2026-03-16 04:00:00+00:00,-3.887500000000001,-1.3642357272492693,-2.5232642727507315,2.5232642727507315,6.366862590140278,-1.0,-1,1,
2026-03-19 06:00:00+00:00,week_012,2026-03-16 04:00:00+00:00,-4.914999999999999,-1.3642357272492693,-3.5507642727507296,3.5507642727507296,12.607926920643017,-1.0,-1,1,
2026-03-19 07:00:00+00:00,week_012,2026-03-16 04:00:00+00:00,-5.4125000000000005,-1.3642357272492693,-4.048264272750731,4.048264272750731,16.388443622030003,-1.0,-1,1,
2026-03-19 08:00:00+00:00,week_012,2026-03-16 04:00:00+00:00,-4.8025,-1.3642357272492693,-3.4382642727507307,3.4382642727507307,11.821661209274112,-1.0,-1,1,
2026-03-19 09:00:00+00:00,week_012,2026-03-16 04:00:00+00:00,-6.32,-0.2380342420467382,-6.081965757953262,6.081965757953262,36.990307480916,-1.0,-1,1,
2026-03-19 10:00:00+00:00,week_012,2026-03-16 04:00:00+00:00,-7.087499999999999,-1.3642357272492693,-5.723264272750729,5.723264272750729,32.755753935744934,-1.0,-1,1,
2026-03-19 11:00:00+00:00,week_012,2026-03-16 04:00:00+00:00,-32.645,-1.3642357272492693,-31.280764272750734,31.280764272750734,978.4862134873987,-1.0,-1,1,
2026-03-19 12:00:00+00:00,week_012,2026-03-16 04:00:00+00:00,-10.6075,-1.3642357272492693,-9.24326427275073,9.24326427275073,85.43793441591009,-1.0,-1,1,
2026-03-19 13:00:00+00:00,week_012,2026-03-16 04:00:00+00:00,-11.665,-1.3642357272492693,-10.30076427275073,10.30076427275073,106.10574460277786,-1.0,-1,1,
2026-03-19 14:00:00+00:00,week_012,2026-03-16 04:00:00+00:00,-4.48,-1.3642357272492693,-3.115764272750731,3.115764272750731,9.70798700334989,-1.0,-1,1,
2026-03-19 15:00:00+00:00,week_012,2026-03-16 04:00:00+00:00,-2.84,-1.3642357272492693,-1.4757642727507305,1.4757642727507305,2.1778801887274923,-1.0,-1,1,
2026-03-19 16:00:00+00:00,week_012,2026-03-16 04:00:00+00:00,-7.08,-1.3642357272492693,-5.7157642727507305,5.7157642727507305,32.669961221653686,-1.0,-1,1,
2026-03-19 17:00:00+00:00,week_012,2026-03-16 04:00:00+00:00,-12.0825,-1.3642357272492693,-10.71826427275073,10.71826427275073,114.88118902052473,-1.0,-1,1,
2026-03-19 18:00:00+00:00,week_012,2026-03-16 04:00:00+00:00,-15.972499999999998,-1.3642357272492693,-14.608264272750729,14.608264272750729,213.40138506252538,-1.0,-1,1,
2026-03-19 19:00:00+00:00,week_012,2026-03-16 04:00:00+00:00,-19.375,-1.3642357272492693,-18.01076427275073,18.01076427275073,324.38762968859413,-1.0,-1,1,
2026-03-19 20:00:00+00:00,week_012,2026-03-16 04:00:00+00:00,-20.5225,-1.3642357272492693,-19.15826427275073,19.15826427275073,367.03908994455713,-1.0,-1,1,
2026-03-19 21:00:00+00:00,week_012,2026-03-16 04:00:00+00:00,-23.1825,-1.3642357272492693,-21.81826427275073,21.81826427275073,476.036655875591,-1.0,-1,1,
2026-03-19 22:00:00+00:00,week_012,2026-03-16 04:00:00+00:00,-18.7725,-1.3642357272492693,-17.40826427275073,17.40826427275073,303.04766498992956,-1.0,-1,1,
2026-03-19 23:00:00+00:00,week_012,2026-03-16 04:00:00+00:00,-22.32,-1.3642357272492693,-20.95576427275073,20.95576427275073,439.14405625509596,-1.0,-1,1,
2026-03-20 00:00:00+00:00,week_012,2026-03-16 04:00:00+00:00,-57.2325,-1.3642357272492693,-55.868264272750736,55.868264272750736,3121.2629528499165,-1.0,-1,1,
2026-03-20 01:00:00+00:00,week_012,2026-03-16 04:00:00+00:00,-34.4225,-1.3642357272492693,-33.05826427275073,33.05826427275073,1092.8488367270277,-1.0,-1,1,
2026-03-20 02:00:00+00:00,week_012,2026-03-16 04:00:00+00:00,-21.94,-1.3642357272492693,-20.57576427275073,20.57576427275073,423.36207540780543,-1.0,-1,1,
2026-03-20 03:00:00+00:00,week_012,2026-03-16 04:00:00+00:00,-12.1025,-1.3642357272492693,-10.73826427275073,10.73826427275073,115.31031959143476,-1.0,-1,1,
2026-03-20 04:00:00+00:00,week_012,2026-03-16 04:00:00+00:00,-10.3525,-1.3642357272492693,-8.98826427275073,8.98826427275073,80.7888946368072,-1.0,-1,1,
2026-03-20 05:00:00+00:00,week_012,2026-03-16 04:00:00+00:00,-4.3825,-1.3642357272492693,-3.0182642727507307,3.0182642727507307,9.109919220163498,-1.0,-1,1,
2026-03-20 06:00:00+00:00,week_012,2026-03-16 04:00:00+00:00,-5.8725000000000005,1.1070483953950825,-6.979548395395083,6.979548395395083,48.71409580366208,-1.0,1,1,
2026-03-20 07:00:00+00:00,week_012,2026-03-16 04:00:00+00:00,-8.97,0.8403583318959473,-9.810358331895948,9.810358331895948,96.24313060020025,-1.0,1,1,
2026-03-20 08:00:00+00:00,week_012,2026-03-16 04:00:00+00:00,-9.735,0.7474799021853935,-10.482479902185393,10.482479902185393,109.88238489972068,-1.0,1,1,
2026-03-20 09:00:00+00:00,week_012,2026-03-16 04:00:00+00:00,-10.925,0.7474799021853935,-11.672479902185394,11.672479902185394,136.24678706692194,-1.0,1,1,
2026-03-20 10:00:00+00:00,week_012,2026-03-16 04:00:00+00:00,-13.435,0.8448786598177741,-14.279878659817774,14.279878659817774,203.91493453911906,-1.0,1,1,
2026-03-20 11:00:00+00:00,week_012,2026-03-16 04:00:00+00:00,-13.305,-1.3642357272492693,-11.94076427275073,11.94076427275073,142.5818514174003,-1.0,-1,1,
2026-03-20 12:00:00+00:00,week_012,2026-03-16 04:00:00+00:00,-12.670000000000002,-1.3642357272492693,-11.305764272750732,11.305764272750732,127.82030579100689,-1.0,-1,1,
2026-03-20 13:00:00+00:00,week_012,2026-03-16 04:00:00+00:00,-9.215000000000002,-1.3642357272492693,-7.850764272750732,7.850764272750732,61.634499666299334,-1.0,-1,1,
2026-03-20 14:00:00+00:00,week_012,2026-03-16 04:00:00+00:00,-7.6325,-1.0724873126954657,-6.560012687304535,6.560012687304535,43.033766457596464,-1.0,-1,1,
2026-03-20 15:00:00+00:00,week_012,2026-03-16 04:00:00+00:00,-8.75,-1.3642357272492693,-7.38576427275073,7.38576427275073,54.54951389264112,-1.0,-1,1,
2026-03-20 16:00:00+00:00,week_012,2026-03-16 04:00:00+00:00,-11.235,-1.3642357272492693,-9.87076427275073,9.87076427275073,97.43198732821224,-1.0,-1,1,
2026-03-20 17:00:00+00:00,week_012,2026-03-16 04:00:00+00:00,-14.27,-1.3642357272492693,-12.90576427275073,12.90576427275073,166.5587514638092,-1.0,-1,1,
2026-03-20 18:00:00+00:00,week_012,2026-03-16 04:00:00+00:00,-13.3325,1.9460217939656355,-15.278521793965634,15.278521793965634,233.43322820868286,-1.0,1,1,
2026-03-20 19:00:00+00:00,week_012,2026-03-16 04:00:00+00:00,-11.942500000000004,0.8198203087631054,-12.76232030876311,12.76232030876311,162.87681966346733,-1.0,1,1,
2026-03-20 20:00:00+00:00,week_012,2026-03-16 04:00:00+00:00,-18.0125,0.8198203087631054,-18.832320308763105,18.832320308763105,354.6562882118513,-1.0,1,1,
2026-03-20 21:00:00+00:00,week_012,2026-03-16 04:00:00+00:00,-12.5025,0.9725770315715783,-13.475077031571578,13.475077031571578,181.5777010067879,-1.0,1,1,
2026-03-20 22:00:00+00:00,week_012,2026-03-16 04:00:00+00:00,-16.0,-1.3642357272492693,-14.63576427275073,14.63576427275073,214.20559584752672,-1.0,-1,1,
2026-03-20 23:00:00+00:00,week_012,2026-03-16 04:00:00+00:00,-42.4475,-1.3642357272492693,-41.08326427275073,41.08326427275073,1687.8346033046766,-1.0,-1,1,
2026-03-21 00:00:00+00:00,week_012,2026-03-16 04:00:00+00:00,-77.7875,-1.3642357272492693,-76.42326427275073,76.42326427275073,5840.515322102698,-1.0,-1,1,
2026-03-21 01:00:00+00:00,week_012,2026-03-16 04:00:00+00:00,-46.6125,-1.3642357272492693,-45.24826427275073,45.24826427275073,2047.4054196966902,-1.0,-1,1,
2026-03-21 02:00:00+00:00,week_012,2026-03-16 04:00:00+00:00,-25.622499999999995,-1.3642357272492693,-24.258264272750726,24.258264272750726,588.4633855266143,-1.0,-1,1,
2026-03-21 03:00:00+00:00,week_012,2026-03-16 04:00:00+00:00,-13.407500000000002,-1.3642357272492693,-12.043264272750733,12.043264272750733,145.04021434331423,-1.0,-1,1,
2026-03-21 04:00:00+00:00,week_012,2026-03-16 04:00:00+00:00,-9.755,-1.3642357272492693,-8.390764272750731,8.390764272750731,70.4049250808701,-1.0,-1,1,
2026-03-21 05:00:00+00:00,week_012,2026-03-16 04:00:00+00:00,-4.195,-1.3642357272492693,-2.8307642727507307,2.8307642727507307,8.013226367881973,-1.0,-1,1,
2026-03-21 06:00:00+00:00,week_012,2026-03-16 04:00:00+00:00,-2.469999999999999,-1.3642357272492693,-1.1057642727507295,1.1057642727507295,1.2227146268919498,-1.0,-1,1,
2026-03-21 07:00:00+00:00,week_012,2026-03-16 04:00:00+00:00,-1.995000000000001,0.7474799021853935,-2.7424799021853943,2.7424799021853943,7.52119601389081,-1.0,1,1,
2026-03-21 08:00:00+00:00,week_012,2026-03-16 04:00:00+00:00,-2.66,-1.3642357272492693,-1.2957642727507308,1.2957642727507308,1.6790050505372303,-1.0,-1,1,
2026-03-21 09:00:00+00:00,week_012,2026-03-16 04:00:00+00:00,-3.0625,-1.3642357272492693,-1.6982642727507307,1.6982642727507307,2.884101540101568,-1.0,-1,1,
2026-03-21 10:00:00+00:00,week_012,2026-03-16 04:00:00+00:00,-2.6575000000000024,-1.3642357272492693,-1.293264272750733,1.293264272750733,1.6725324791734826,-1.0,-1,1,
2026-03-21 11:00:00+00:00,week_012,2026-03-16 04:00:00+00:00,-3.2474999999999987,-1.3642357272492693,-1.8832642727507294,1.8832642727507294,3.5466843210193337,-1.0,-1,1,
2026-03-21 12:00:00+00:00,week_012,2026-03-16 04:00:00+00:00,-2.827500000000001,-1.3642357272492693,-1.4632642727507317,1.4632642727507317,2.1411423319087275,-1.0,-1,1,
2026-03-21 13:00:00+00:00,week_012,2026-03-16 04:00:00+00:00,-1.6174999999999995,-1.3642357272492693,-0.25326427275073016,0.25326427275073016,0.06414279185195623,-1.0,-1,1,
2026-03-21 14:00:00+00:00,week_012,2026-03-16 04:00:00+00:00,-2.1750000000000003,0.7474799021853935,-2.922479902185394,2.922479902185394,8.54088877867755,-1.0,1,1,
2026-03-21 15:00:00+00:00,week_012,2026-03-16 04:00:00+00:00,2.34,-1.3642357272492693,3.7042357272492694,3.7042357272492694,13.721362323029924,1.0,-1,1,
2026-03-21 16:00:00+00:00,week_012,2026-03-16 04:00:00+00:00,-6.790000000000001,-1.3642357272492693,-5.425764272750731,5.425764272750731,29.43891794345827,-1.0,-1,1,
2026-03-21 17:00:00+00:00,week_012,2026-03-16 04:00:00+00:00,-12.2,-1.3642357272492693,-10.83576427275073,10.83576427275073,117.41378737462115,-1.0,-1,1,
2026-03-21 18:00:00+00:00,week_012,2026-03-16 04:00:00+00:00,-2.5875000000000004,-1.3642357272492693,-1.223264272750731,1.223264272750731,1.496375480988375,-1.0,-1,1,
2026-03-21 19:00:00+00:00,week_012,2026-03-16 04:00:00+00:00,-2.8525000000000027,1.9460217939656355,-4.798521793965638,4.798521793965638,23.025811407163207,-1.0,1,1,
2026-03-21 20:00:00+00:00,week_012,2026-03-16 04:00:00+00:00,-3.945,4.125599735049096,-8.070599735049095,8.070599735049095,65.13458008337452,-1.0,1,1,
2026-03-21 21:00:00+00:00,week_012,2026-03-16 04:00:00+00:00,-4.797500000000001,4.278356457857569,-9.07585645785757,9.07585645785757,82.37117044363497,-1.0,1,1,
2026-03-21 22:00:00+00:00,week_012,2026-03-16 04:00:00+00:00,-5.864999999999998,-1.3642357272492693,-4.500764272750729,4.500764272750729,20.256879038869396,-1.0,-1,1,
2026-03-21 23:00:00+00:00,week_012,2026-03-16 04:00:00+00:00,-28.110000000000003,-1.3642357272492693,-26.745764272750733,26.745764272750733,715.3359065335495,-1.0,-1,1,
2026-03-22 00:00:00+00:00,week_012,2026-03-16 04:00:00+00:00,-47.80250000000001,-1.3642357272492693,-46.43826427275074,46.43826427275074,2156.512388665838,-1.0,-1,1,
2026-03-22 01:00:00+00:00,week_012,2026-03-16 04:00:00+00:00,-23.0975,-1.3642357272492693,-21.73326427275073,21.73326427275073,472.33477594922334,-1.0,-1,1,
2026-03-22 02:00:00+00:00,week_012,2026-03-16 04:00:00+00:00,-9.75,-1.3642357272492693,-8.38576427275073,8.38576427275073,70.32104243814258,-1.0,-1,1,
2026-03-22 03:00:00+00:00,week_012,2026-03-16 04:00:00+00:00,-6.76,-1.3642357272492693,-5.39576427275073,5.39576427275073,29.114272087093216,-1.0,-1,1,
2026-03-22 04:00:00+00:00,week_012,2026-03-16 04:00:00+00:00,-2.7574999999999985,-1.3642357272492693,-1.3932642727507292,1.3932642727507292,1.9411853337236182,-1.0,-1,1,
2026-03-22 05:00:00+00:00,week_012,2026-03-16 04:00:00+00:00,-7.385000000000002,-1.3642357272492693,-6.020764272750732,6.020764272750732,36.24960242803165,-1.0,-1,1,
2026-03-22 06:00:00+00:00,week_012,2026-03-16 04:00:00+00:00,-6.034999999999998,-1.3642357272492693,-4.670764272750729,4.670764272750729,21.816038891604645,-1.0,-1,1,
2026-03-22 07:00:00+00:00,week_012,2026-03-16 04:00:00+00:00,-3.3000000000000007,-1.3642357272492693,-1.9357642727507314,1.9357642727507314,3.747183319658168,-1.0,-1,1,
2026-03-22 08:00:00+00:00,week_012,2026-03-16 04:00:00+00:00,-3.657499999999999,-1.3642357272492693,-2.2932642727507293,2.2932642727507293,5.259061024674931,-1.0,-1,1,
2026-03-22 09:00:00+00:00,week_012,2026-03-16 04:00:00+00:00,-3.9750000000000014,-1.3642357272492693,-2.610764272750732,2.610764272750732,6.8160900878716575,-1.0,-1,1,
2026-03-22 10:00:00+00:00,week_012,2026-03-16 04:00:00+00:00,-6.027500000000001,-1.3642357272492693,-4.663264272750731,4.663264272750731,21.746033677513406,-1.0,-1,1,
2026-03-22 11:00:00+00:00,week_012,2026-03-16 04:00:00+00:00,-6.085000000000001,-1.3642357272492693,-4.720764272750731,4.720764272750731,22.285615318879742,-1.0,-1,1,
2026-03-22 12:00:00+00:00,week_012,2026-03-16 04:00:00+00:00,-6.6625000000000005,-1.3642357272492693,-5.298264272750731,5.298264272750731,28.07160430390683,-1.0,-1,1,
2026-03-22 13:00:00+00:00,week_012,2026-03-16 04:00:00+00:00,-13.7975,-1.3642357272492693,-12.43326427275073,12.43326427275073,154.58606047605974,-1.0,-1,1,
2026-03-22 14:00:00+00:00,week_012,2026-03-16 04:00:00+00:00,-19.875,-1.3642357272492693,-18.51076427275073,18.51076427275073,342.6483939613449,-1.0,-1,1,
2026-03-22 15:00:00+00:00,week_012,2026-03-16 04:00:00+00:00,-21.09,-1.3642357272492693,-19.72576427275073,19.72576427275073,389.10577614412915,-1.0,-1,1,
2026-03-22 16:00:00+00:00,week_012,2026-03-16 04:00:00+00:00,-24.8475,-1.3642357272492693,-23.48326427275073,23.48326427275073,551.4637009038508,-1.0,-1,1,
2026-03-22 17:00:00+00:00,week_012,2026-03-16 04:00:00+00:00,-18.495,-1.3642357272492693,-17.13076427275073,17.13076427275073,293.4630845685529,-1.0,-1,1,
2026-03-22 18:00:00+00:00,week_012,2026-03-16 04:00:00+00:00,-7.005,-1.3642357272492693,-5.64076427275073,5.64076427275073,31.818221580741074,-1.0,-1,1,
2026-03-22 19:00:00+00:00,week_012,2026-03-16 04:00:00+00:00,-8.192499999999999,-1.3642357272492693,-6.8282642727507294,6.8282642727507294,46.62519297852405,-1.0,-1,1,
2026-03-22 20:00:00+00:00,week_012,2026-03-16 04:00:00+00:00,-12.5175,-1.3642357272492693,-11.15326427275073,11.15326427275073,124.39530393781789,-1.0,-1,1,
2026-03-22 21:00:00+00:00,week_012,2026-03-16 04:00:00+00:00,0.9824999999999982,-1.3642357272492693,2.3467357272492677,2.3467357272492677,5.5071685735481495,1.0,-1,1,
2026-03-22 22:00:00+00:00,week_012,2026-03-16 04:00:00+00:00,-0.2000000000000028,-0.1571843651319993,-0.042815634868003494,0.042815634868003494,0.0018331785891501965,-1.0,-1,1,
2026-03-22 23:00:00+00:00,week_012,2026-03-16 04:00:00+00:00,-8.235000000000003,-1.3642357272492693,-6.870764272750733,6.870764272750733,47.207401691707915,-1.0,-1,1,
2026-03-23 00:00:00+00:00,week_012,2026-03-16 04:00:00+00:00,-15.909999999999997,-1.3642357272492693,-14.545764272750727,14.545764272750727,211.5792582784315,-1.0,-1,1,
2026-03-23 01:00:00+00:00,week_012,2026-03-16 04:00:00+00:00,-22.085,-1.3642357272492693,-20.72076427275073,20.72076427275073,429.35007204690316,-1.0,-1,1,
2026-03-23 02:00:00+00:00,week_012,2026-03-16 04:00:00+00:00,-15.305,-1.1952772731674286,-14.10972272683257,14.10972272683257,199.08427542809557,-1.0,-1,1,
2026-03-23 03:00:00+00:00,week_012,2026-03-16 04:00:00+00:00,-6.042499999999997,-1.3642357272492693,-4.678264272750727,4.678264272750727,21.88615660569589,-1.0,-1,1,
2026-03-23 04:00:00+00:00,week_012,2026-03-16 04:00:00+00:00,-4.942499999999999,-1.3642357272492693,-3.5782642727507294,3.5782642727507294,12.803975205644306,-1.0,-1,1,
2026-03-23 05:00:00+00:00,week_013,2026-03-23 04:00:00+00:00,3.3724999999999987,-0.5196085922562035,3.892108592256202,3.892108592256202,15.148509293914556,1.0,-1,1,
2026-03-23 06:00:00+00:00,week_013,2026-03-23 04:00:00+00:00,5.504999999999999,-0.5196085922562035,6.024608592256202,6.024608592256202,36.295908689887256,1.0,-1,1,
2026-03-23 07:00:00+00:00,week_013,2026-03-23 04:00:00+00:00,3.2775,-0.5196085922562035,3.7971085922562033,3.7971085922562033,14.418033661385886,1.0,-1,1,
2026-03-23 08:00:00+00:00,week_013,2026-03-23 04:00:00+00:00,2.9224999999999994,-0.5196085922562035,3.442108592256203,3.442108592256203,11.848111560883979,1.0,-1,1,
2026-03-23 09:00:00+00:00,week_013,2026-03-23 04:00:00+00:00,1.4375,-1.12673268118858,2.56423268118858,2.56423268118858,6.575289243275573,1.0,-1,1,
2026-03-23 10:00:00+00:00,week_013,2026-03-23 04:00:00+00:00,-2.9849999999999994,-1.4695546869053138,-1.5154453130946857,1.5154453130946857,2.29657449698065,-1.0,-1,1,
2026-03-23 11:00:00+00:00,week_013,2026-03-23 04:00:00+00:00,-0.9825000000000016,-1.4695546869053138,0.4870546869053122,0.4870546869053122,0.23722226803643168,-1.0,-1,1,
2026-03-23 12:00:00+00:00,week_013,2026-03-23 04:00:00+00:00,-0.447499999999998,-1.4695546869053138,1.0220546869053158,1.0220546869053158,1.0445957830251231,-1.0,-1,1,
2026-03-23 13:00:00+00:00,week_013,2026-03-23 04:00:00+00:00,-1.462500000000002,-1.4695546869053138,0.007054686905311858,0.007054686905311858,4.9768607331978594e-05,-1.0,-1,1,
2026-03-23 14:00:00+00:00,week_013,2026-03-23 04:00:00+00:00,-8.3875,-1.4695546869053138,-6.917945313094686,6.917945313094686,47.85796735496873,-1.0,-1,1,
2026-03-23 15:00:00+00:00,week_013,2026-03-23 04:00:00+00:00,-7.8475,-1.4695546869053138,-6.377945313094687,6.377945313094687,40.67818641682648,-1.0,-1,1,
2026-03-23 16:00:00+00:00,week_013,2026-03-23 04:00:00+00:00,-11.7975,-1.4695546869053138,-10.327945313094686,10.327945313094686,106.6664543902745,-1.0,-1,1,
2026-03-23 17:00:00+00:00,week_013,2026-03-23 04:00:00+00:00,-5.592500000000001,-1.4695546869053138,-4.122945313094688,4.122945313094688,16.998678054769453,-1.0,-1,1,
2026-03-23 18:00:00+00:00,week_013,2026-03-23 04:00:00+00:00,-4.035000000000002,-1.4695546869053138,-2.5654453130946884,2.5654453130946884,6.581509654479504,-1.0,-1,1,
2026-03-23 19:00:00+00:00,week_013,2026-03-23 04:00:00+00:00,-3.642500000000002,0.7145763104241925,-4.357076310424194,4.357076310424194,18.984113974859707,-1.0,1,1,
2026-03-23 20:00:00+00:00,week_013,2026-03-23 04:00:00+00:00,-4.557500000000001,0.7860621689642213,-5.3435621689642225,5.3435621689642225,28.553656653585627,-1.0,1,1,
2026-03-23 21:00:00+00:00,week_013,2026-03-23 04:00:00+00:00,1.0025000000000013,3.2549974081128967,-2.2524974081128954,2.2524974081128954,5.073744573555312,1.0,1,1,
2026-03-23 22:00:00+00:00,week_013,2026-03-23 04:00:00+00:00,-1.41,1.6738064155882195,-3.0838064155882194,3.0838064155882194,9.509862008823061,-1.0,1,1,
2026-03-23 23:00:00+00:00,week_013,2026-03-23 04:00:00+00:00,11.165000000000006,0.7238603209391132,10.441139679060893,10.441139679060893,109.0173977976598,1.0,1,1,
2026-03-24 00:00:00+00:00,week_013,2026-03-23 04:00:00+00:00,61.455,0.7238603209391132,60.73113967906089,60.73113967906089,3688.2713267176036,1.0,1,1,
2026-03-24 01:00:00+00:00,week_013,2026-03-23 04:00:00+00:00,162.8275,2.060307919634829,160.76719208036516,160.76719208036516,25846.090049405026,1.0,1,1,
2026-03-24 02:00:00+00:00,week_013,2026-03-23 04:00:00+00:00,794.2724999999999,2.122509767659937,792.14999023234,792.14999023234,627501.6070250963,1.0,1,1,
2026-03-24 03:00:00+00:00,week_013,2026-03-23 04:00:00+00:00,240.0725,1.0559281727631367,239.01657182723685,239.01657182723685,57128.92160804467,1.0,1,1,
2026-03-24 04:00:00+00:00,week_013,2026-03-23 04:00:00+00:00,35.4025,1.9553952440432707,33.44710475595673,33.44710475595673,1118.7088165559433,1.0,1,1,
2026-03-24 05:00:00+00:00,week_013,2026-03-23 04:00:00+00:00,37.0675,1.8845744162372216,35.18292558376278,35.18292558376278,1237.8382526325897,1.0,1,1,
2026-03-24 06:00:00+00:00,week_013,2026-03-23 04:00:00+00:00,19.847500000000004,0.8568829967702689,18.990617003229733,18.990617003229733,360.64353416335825,1.0,1,1,
2026-03-24 07:00:00+00:00,week_013,2026-03-23 04:00:00+00:00,11.2925,-0.3002216118262613,11.592721611826262,11.592721611826262,134.3911943693037,1.0,-1,1,
2026-03-24 08:00:00+00:00,week_013,2026-03-23 04:00:00+00:00,13.677500000000002,1.9553952440432707,11.722104755956732,11.722104755956732,137.40773990962342,1.0,1,1,
2026-03-24 09:00:00+00:00,week_013,2026-03-23 04:00:00+00:00,17.02,3.003697196508689,14.01630280349131,14.01630280349131,196.45674427915836,1.0,1,1,
2026-03-24 10:00:00+00:00,week_013,2026-03-23 04:00:00+00:00,36.4825,3.0930243707077563,33.38947562929224,33.38947562929224,1114.8570827991007,1.0,1,1,
2026-03-24 11:00:00+00:00,week_013,2026-03-23 04:00:00+00:00,93.7075,-0.35946059025108806,94.06696059025109,94.06696059025109,8848.593074687851,1.0,-1,1,
2026-03-24 12:00:00+00:00,week_013,2026-03-23 04:00:00+00:00,82.09,-0.35946059025108806,82.44946059025109,82.44946059025109,6797.913551623368,1.0,-1,1,
2026-03-24 13:00:00+00:00,week_013,2026-03-23 04:00:00+00:00,-13.225,0.8374075148382221,-14.062407514838222,14.062407514838222,197.7513051133785,-1.0,1,1,
2026-03-24 14:00:00+00:00,week_013,2026-03-23 04:00:00+00:00,14.17,-0.43028141805713616,14.600281418057136,14.600281418057136,213.1682174864645,1.0,-1,1,
2026-03-24 15:00:00+00:00,week_013,2026-03-23 04:00:00+00:00,8.607499999999998,-0.43028141805713616,9.037781418057135,9.037781418057135,81.68149296057884,1.0,-1,1,
2026-03-24 16:00:00+00:00,week_013,2026-03-23 04:00:00+00:00,15.907500000000002,-0.5196085922562035,16.427108592256207,16.427108592256207,269.8498967017777,1.0,-1,1,
2026-03-24 17:00:00+00:00,week_013,2026-03-23 04:00:00+00:00,19.98,-0.5196085922562035,20.499608592256205,20.499608592256205,420.23395243570445,1.0,-1,1,
2026-03-24 18:00:00+00:00,week_013,2026-03-23 04:00:00+00:00,22.7175,-1.4695546869053138,24.187054686905316,24.187054686905316,585.0136144273484,1.0,-1,1,
2026-03-24 19:00:00+00:00,week_013,2026-03-23 04:00:00+00:00,23.525,-1.4695546869053138,24.994554686905314,24.994554686905314,624.7277639967004,1.0,-1,1,
2026-03-24 20:00:00+00:00,week_013,2026-03-23 04:00:00+00:00,19.4075,-1.4695546869053138,20.877054686905314,20.877054686905314,435.85141240003514,1.0,-1,1,
2026-03-24 21:00:00+00:00,week_013,2026-03-23 04:00:00+00:00,14.27,-1.5317565349304219,15.801756534930421,15.801756534930421,249.69550958921627,1.0,-1,1,
2026-03-24 22:00:00+00:00,week_013,2026-03-23 04:00:00+00:00,9.305,3.713684953082157,5.591315046917843,5.591315046917843,31.26280395388988,1.0,1,1,
2026-03-24 23:00:00+00:00,week_013,2026-03-23 04:00:00+00:00,8.907499999999999,-1.5317565349304219,10.43925653493042,10.43925653493042,108.97807700208749,1.0,-1,1,
2026-03-25 00:00:00+00:00,week_013,2026-03-23 04:00:00+00:00,44.645,-1.5317565349304219,46.176756534930426,46.176756534930426,2132.2928440862397,1.0,-1,1,
2026-03-25 01:00:00+00:00,week_013,2026-03-23 04:00:00+00:00,6.127499999999998,-1.5317565349304219,7.659256534930419,7.659256534930419,58.66421066787433,1.0,-1,1,
2026-03-25 02:00:00+00:00,week_013,2026-03-23 04:00:00+00:00,-0.307500000000001,-1.4695546869053138,1.1620546869053128,1.1620546869053128,1.3503710953586046,-1.0,-1,1,
2026-03-25 03:00:00+00:00,week_013,2026-03-23 04:00:00+00:00,-2.604999999999997,-1.4695546869053138,-1.135445313094683,1.135445313094683,1.2892360590286829,-1.0,-1,1,
2026-03-25 04:00:00+00:00,week_013,2026-03-23 04:00:00+00:00,-0.9299999999999996,-1.4695546869053138,0.5395546869053142,0.5395546869053142,0.2911192601614916,-1.0,-1,1,
2026-03-25 05:00:00+00:00,week_013,2026-03-23 04:00:00+00:00,-3.219999999999999,-2.1193178855860895,-1.1006821144139094,1.1006821144139094,1.2115011169906744,-1.0,-1,1,
2026-03-25 06:00:00+00:00,week_013,2026-03-23 04:00:00+00:00,-2.827500000000001,-2.1193178855860895,-0.7081821144139115,0.7081821144139115,0.5015219071757585,-1.0,-1,1,
2026-03-25 07:00:00+00:00,week_013,2026-03-23 04:00:00+00:00,-2.375,-2.1193178855860895,-0.25568211441391053,0.25568211441391053,0.06537334363116803,-1.0,-1,1,
2026-03-25 08:00:00+00:00,week_013,2026-03-23 04:00:00+00:00,-2.2300000000000004,-2.1193178855860895,-0.11068211441391096,0.11068211441391096,0.012250530451134075,-1.0,-1,1,
2026-03-25 09:00:00+00:00,week_013,2026-03-23 04:00:00+00:00,-3.2550000000000026,-1.1693717909369805,-2.085628209063022,2.085628209063022,4.349845026439428,-1.0,-1,1,
2026-03-25 10:00:00+00:00,week_013,2026-03-23 04:00:00+00:00,-5.310000000000002,-3.996688466524833,-1.3133115334751695,1.3133115334751695,1.7247871839589013,-1.0,-1,1,
2026-03-25 11:00:00+00:00,week_013,2026-03-23 04:00:00+00:00,-3.969999999999999,-3.0467423718757245,-0.9232576281242744,0.9232576281242744,0.8524046478896609,-1.0,-1,1,
2026-03-25 12:00:00+00:00,week_013,2026-03-23 04:00:00+00:00,-6.522500000000001,-3.0467423718757245,-3.4757576281242764,3.4757576281242764,12.080891089464096,-1.0,-1,1,
2026-03-25 13:00:00+00:00,week_013,2026-03-23 04:00:00+00:00,-4.07,-1.1693717909369805,-2.9006282090630195,2.9006282090630195,8.41364400721214,-1.0,-1,1,
2026-03-25 14:00:00+00:00,week_013,2026-03-23 04:00:00+00:00,2.9250000000000007,-1.1693717909369805,4.0943717909369814,4.0943717909369814,16.763880362420505,1.0,-1,1,
2026-03-25 15:00:00+00:00,week_013,2026-03-23 04:00:00+00:00,0.1950000000000002,-1.080044616737913,1.2750446167379133,1.2750446167379133,1.6257387746723322,1.0,-1,1,
2026-03-25 16:00:00+00:00,week_013,2026-03-23 04:00:00+00:00,2.2775,-1.080044616737913,3.357544616737913,3.357544616737913,11.27310585338574,1.0,-1,1,
2026-03-25 17:00:00+00:00,week_013,2026-03-23 04:00:00+00:00,2.6275000000000004,-0.7330628720161456,3.3605628720161462,3.3605628720161462,11.29338281677341,1.0,-1,1,
2026-03-25 18:00:00+00:00,week_013,2026-03-23 04:00:00+00:00,-6.78,-0.7330628720161456,-6.046937127983854,6.046937127983854,36.56544862978963,-1.0,-1,1,
2026-03-25 19:00:00+00:00,week_013,2026-03-23 04:00:00+00:00,-6.64,-2.340607342119489,-4.29939265788051,4.29939265788051,18.484777226636837,-1.0,-1,1,
2026-03-25 20:00:00+00:00,week_013,2026-03-23 04:00:00+00:00,-2.0600000000000005,-4.478698181430002,2.4186981814300017,2.4186981814300017,5.850100892852797,-1.0,-1,1,
2026-03-25 21:00:00+00:00,week_013,2026-03-23 04:00:00+00:00,-3.775,-4.54090002945511,0.7659000294551102,0.7659000294551102,0.5866028551193386,-1.0,-1,1,
2026-03-25 22:00:00+00:00,week_013,2026-03-23 04:00:00+00:00,-6.199999999999999,-4.54090002945511,-1.6590999705448892,1.6590999705448892,2.7526127122620525,-1.0,-1,1,
2026-03-25 23:00:00+00:00,week_013,2026-03-23 04:00:00+00:00,-6.57,-4.54090002945511,-2.02909997054489,2.02909997054489,4.117246690465274,-1.0,-1,1,
2026-03-26 00:00:00+00:00,week_013,2026-03-23 04:00:00+00:00,-13.0475,-4.54090002945511,-8.50659997054489,8.50659997054489,72.36224305887433,-1.0,-1,1,
2026-03-26 01:00:00+00:00,week_013,2026-03-23 04:00:00+00:00,-7.780000000000001,-2.704483014224126,-5.0755169857758755,5.0755169857758755,25.760872672899428,-1.0,-1,1,
2026-03-26 02:00:00+00:00,week_013,2026-03-23 04:00:00+00:00,-0.6400000000000006,-1.6830089666652557,1.043008966665255,1.043008966665255,1.0878677045441232,-1.0,-1,1,
2026-03-26 03:00:00+00:00,week_013,2026-03-23 04:00:00+00:00,-10.6925,-2.1193178855860895,-8.57318211441391,8.57318211441391,73.49945156690657,-1.0,-1,1,
2026-03-26 04:00:00+00:00,week_013,2026-03-23 04:00:00+00:00,-6.567499999999999,-2.1193178855860895,-4.4481821144139095,4.4481821144139095,19.7863241229918,-1.0,-1,1,
2026-03-26 05:00:00+00:00,week_013,2026-03-23 04:00:00+00:00,-4.2125,-1.4695546869053138,-2.742945313094687,2.742945313094687,7.52374899062811,-1.0,-1,1,
2026-03-26 06:00:00+00:00,week_013,2026-03-23 04:00:00+00:00,-3.759999999999998,-1.4695546869053138,-2.2904453130946845,2.2904453130946845,5.246139732277407,-1.0,-1,1,
2026-03-26 07:00:00+00:00,week_013,2026-03-23 04:00:00+00:00,-3.117500000000001,-1.4695546869053138,-1.6479453130946873,1.6479453130946873,2.715723754950747,-1.0,-1,1,
2026-03-26 08:00:00+00:00,week_013,2026-03-23 04:00:00+00:00,-3.9725,-1.4695546869053138,-2.5029453130946866,2.5029453130946866,6.264735240342659,-1.0,-1,1,
2026-03-26 09:00:00+00:00,week_013,2026-03-23 04:00:00+00:00,-2.045,-1.4695546869053138,-0.5754453130946862,0.5754453130946862,0.3311373083626414,-1.0,-1,1,
2026-03-26 10:00:00+00:00,week_013,2026-03-23 04:00:00+00:00,-4.422500000000001,-1.4695546869053138,-2.9529453130946877,2.9529453130946877,8.719886022127882,-1.0,-1,1,
2026-03-26 11:00:00+00:00,week_013,2026-03-23 04:00:00+00:00,-0.6749999999999972,-0.5196085922562035,-0.15539140774379367,0.15539140774379367,0.02414648960059794,-1.0,-1,1,
2026-03-26 12:00:00+00:00,week_013,2026-03-23 04:00:00+00:00,-2.700000000000003,-0.47129235444660716,-2.2287076455533956,2.2287076455533956,4.96713776934816,-1.0,-1,1,
2026-03-26 13:00:00+00:00,week_013,2026-03-23 04:00:00+00:00,0.0124999999999992,-0.43028141805713616,0.44278141805713533,0.44278141805713533,0.19605538417668766,1.0,-1,1,
2026-03-26 14:00:00+00:00,week_013,2026-03-23 04:00:00+00:00,2.3050000000000006,-0.43028141805713616,2.735281418057137,2.735281418057137,7.481764435968662,1.0,-1,1,
2026-03-26 15:00:00+00:00,week_013,2026-03-23 04:00:00+00:00,-1.6575,-0.43028141805713616,-1.2272185819428638,1.2272185819428638,1.5060654478658535,-1.0,-1,1,
2026-03-26 16:00:00+00:00,week_013,2026-03-23 04:00:00+00:00,-3.145,-0.5196085922562035,-2.6253914077437965,2.6253914077437965,6.892680043854954,-1.0,-1,1,
2026-03-26 17:00:00+00:00,week_013,2026-03-23 04:00:00+00:00,-4.1175,-1.12673268118858,-2.99076731881142,2.99076731881142,8.94468915527045,-1.0,-1,1,
2026-03-26 18:00:00+00:00,week_013,2026-03-23 04:00:00+00:00,-3.7175,-1.4695546869053138,-2.247945313094686,2.247945313094686,5.053258130664365,-1.0,-1,1,
2026-03-26 19:00:00+00:00,week_013,2026-03-23 04:00:00+00:00,-1.6100000000000003,-1.4695546869053138,-0.14044531309468655,0.14044531309468655,0.019724885970264533,-1.0,-1,1,
2026-03-26 20:00:00+00:00,week_013,2026-03-23 04:00:00+00:00,4.2775,-1.4695546869053138,5.747054686905313,5.747054686905313,33.02863757428033,1.0,-1,1,
2026-03-26 21:00:00+00:00,week_013,2026-03-23 04:00:00+00:00,2.2575000000000003,-1.5317565349304219,3.789256534930422,3.789256534930422,14.35846508751291,1.0,-1,1,
2026-03-26 22:00:00+00:00,week_013,2026-03-23 04:00:00+00:00,-6.907500000000001,-1.5317565349304219,-5.375743465069579,5.375743465069579,28.898617802238288,-1.0,-1,1,
2026-03-26 23:00:00+00:00,week_013,2026-03-23 04:00:00+00:00,-11.204999999999998,-1.5317565349304219,-9.673243465069577,9.673243465069577,93.57163913451127,-1.0,-1,1,
2026-03-27 00:00:00+00:00,week_013,2026-03-23 04:00:00+00:00,-13.152500000000003,-1.5317565349304219,-11.620743465069582,11.620743465069582,135.0416786809574,-1.0,-1,1,
2026-03-27 01:00:00+00:00,week_013,2026-03-23 04:00:00+00:00,-13.254999999999995,-1.5317565349304219,-11.723243465069574,11.723243465069574,137.43443734129647,-1.0,-1,1,
2026-03-27 02:00:00+00:00,week_013,2026-03-23 04:00:00+00:00,-1.1099999999999994,-1.4695546869053138,0.35955468690531434,0.35955468690531434,0.12927957287557862,-1.0,-1,1,
2026-03-27 03:00:00+00:00,week_013,2026-03-23 04:00:00+00:00,-7.470000000000002,-1.4695546869053138,-6.000445313094689,6.000445313094689,36.00534395544002,-1.0,-1,1,
2026-03-27 04:00:00+00:00,week_013,2026-03-23 04:00:00+00:00,-4.364999999999998,-1.4695546869053138,-2.895445313094685,2.895445313094685,8.383603561121978,-1.0,-1,1,
2026-03-27 05:00:00+00:00,week_013,2026-03-23 04:00:00+00:00,-2.592500000000001,-1.4695546869053138,-1.1229453130946874,1.1229453130946874,1.2610061762013254,-1.0,-1,1,
2026-03-27 06:00:00+00:00,week_013,2026-03-23 04:00:00+00:00,-0.682500000000001,-1.4695546869053138,0.7870546869053128,0.7870546869053128,0.6194550801796199,-1.0,-1,1,
2026-03-27 07:00:00+00:00,week_013,2026-03-23 04:00:00+00:00,-0.3100000000000005,-1.4695546869053138,1.1595546869053133,1.1595546869053133,1.344567071924079,-1.0,-1,1,
2026-03-27 08:00:00+00:00,week_013,2026-03-23 04:00:00+00:00,0.0099999999999997,-1.4695546869053138,1.4795546869053136,1.4795546869053136,2.1890820715434804,1.0,-1,1,
2026-03-27 09:00:00+00:00,week_013,2026-03-23 04:00:00+00:00,0.3800000000000025,0.7860621689642213,-0.4060621689642188,0.4060621689642188,0.16488648506392578,1.0,1,1,
2026-03-27 10:00:00+00:00,week_013,2026-03-23 04:00:00+00:00,-6.297500000000003,0.7860621689642213,-7.0835621689642245,7.0835621689642245,50.17685300158115,-1.0,1,1,
2026-03-27 11:00:00+00:00,week_013,2026-03-23 04:00:00+00:00,-8.082500000000003,-1.4695546869053138,-6.61294531309469,6.61294531309469,43.731045713981025,-1.0,-1,1,
2026-03-27 12:00:00+00:00,week_013,2026-03-23 04:00:00+00:00,-11.82,-1.4695546869053138,-10.350445313094687,10.350445313094687,107.13171817936377,-1.0,-1,1,
2026-03-27 13:00:00+00:00,week_013,2026-03-23 04:00:00+00:00,-0.8999999999999986,-0.5196085922562035,-0.3803914077437951,0.3803914077437951,0.14469762308530618,-1.0,-1,1,
2026-03-27 14:00:00+00:00,week_013,2026-03-23 04:00:00+00:00,-4.7575,-0.5196085922562035,-4.237891407743797,4.237891407743797,17.959723583828705,-1.0,-1,1,
2026-03-27 15:00:00+00:00,week_013,2026-03-23 04:00:00+00:00,-2.6325000000000003,-0.5196085922562035,-2.112891407743797,2.112891407743797,4.464310100917563,-1.0,-1,1,
2026-03-27 16:00:00+00:00,week_013,2026-03-23 04:00:00+00:00,-4.38,-0.43028141805713616,-3.9497185819428635,3.9497185819428635,15.600276876544745,-1.0,-1,1,
2026-03-27 17:00:00+00:00,week_013,2026-03-23 04:00:00+00:00,-3.91,-0.43028141805713616,-3.4797185819428638,3.4797185819428638,12.108441409518454,-1.0,-1,1,
2026-03-27 18:00:00+00:00,week_013,2026-03-23 04:00:00+00:00,1.5924999999999994,-0.43028141805713616,2.0227814180571357,2.0227814180571357,4.091644665237237,1.0,-1,1,
2026-03-27 19:00:00+00:00,week_013,2026-03-23 04:00:00+00:00,5.699999999999999,-0.43028141805713616,6.130281418057136,6.130281418057136,37.58035026457661,1.0,-1,1,
2026-03-27 20:00:00+00:00,week_013,2026-03-23 04:00:00+00:00,8.325000000000001,-0.43028141805713616,8.755281418057137,8.755281418057137,76.6549527093766,1.0,-1,1,
2026-03-27 21:00:00+00:00,week_013,2026-03-23 04:00:00+00:00,3.25,-0.4924832660822443,3.7424832660822442,3.7424832660822442,14.006180996905622,1.0,-1,1,
2026-03-27 22:00:00+00:00,week_013,2026-03-23 04:00:00+00:00,-5.882499999999999,-0.4924832660822443,-5.390016733917755,5.390016733917755,29.052280391913424,-1.0,-1,1,
2026-03-27 23:00:00+00:00,week_013,2026-03-23 04:00:00+00:00,-8.777500000000002,-0.4924832660822443,-8.285016733917757,8.285016733917757,68.64150228129726,-1.0,-1,1,
2026-03-28 00:00:00+00:00,week_013,2026-03-23 04:00:00+00:00,-8.635000000000002,-0.4924832660822443,-8.142516733917757,8.142516733917757,66.3005787621307,-1.0,-1,1,
2026-03-28 01:00:00+00:00,week_013,2026-03-23 04:00:00+00:00,-9.485,-0.4924832660822443,-8.992516733917755,8.992516733917755,80.86535720979086,-1.0,-1,1,
2026-03-28 02:00:00+00:00,week_013,2026-03-23 04:00:00+00:00,-7.4374999999999964,-0.43028141805713616,-7.00721858194286,7.00721858194286,49.10111225512531,-1.0,-1,1,
2026-03-28 03:00:00+00:00,week_013,2026-03-23 04:00:00+00:00,-4.087500000000002,-0.43028141805713616,-3.6572185819428658,3.6572185819428658,13.375247756108186,-1.0,-1,1,
2026-03-28 04:00:00+00:00,week_013,2026-03-23 04:00:00+00:00,-1.8350000000000009,-0.43028141805713616,-1.4047185819428647,1.4047185819428647,1.9732342944555727,-1.0,-1,1,
2026-03-28 05:00:00+00:00,week_013,2026-03-23 04:00:00+00:00,-3.3475,-0.43028141805713616,-2.9172185819428638,2.9172185819428638,8.510164254832732,-1.0,-1,1,
2026-03-28 06:00:00+00:00,week_013,2026-03-23 04:00:00+00:00,-1.0800000000000018,-0.47129235444660716,-0.6087076455533946,0.6087076455533946,0.3705249977551571,-1.0,-1,1,
2026-03-28 07:00:00+00:00,week_013,2026-03-23 04:00:00+00:00,1.3850000000000016,-0.5196085922562035,1.904608592256205,1.904608592256205,3.627533889696163,1.0,-1,1,
2026-03-28 08:00:00+00:00,week_013,2026-03-23 04:00:00+00:00,-2.860000000000003,-0.5196085922562035,-2.3403914077437995,2.3403914077437995,5.4774319414410035,-1.0,-1,1,
2026-03-28 09:00:00+00:00,week_013,2026-03-23 04:00:00+00:00,-1.932500000000001,-0.43028141805713616,-1.5022185819428648,1.5022185819428648,2.256660667934432,-1.0,-1,1,
2026-03-28 10:00:00+00:00,week_013,2026-03-23 04:00:00+00:00,3.502500000000005,-0.35946059025108806,3.8619605902510927,3.8619605902510927,14.914739600652569,1.0,-1,1,
2026-03-28 11:00:00+00:00,week_013,2026-03-23 04:00:00+00:00,-3.877500000000005,-0.35946059025108806,-3.518039409748917,3.518039409748917,12.376601288546508,-1.0,-1,1,
2026-03-28 12:00:00+00:00,week_013,2026-03-23 04:00:00+00:00,-9.019999999999996,-0.030783189233111817,-8.989216810766884,8.989216810766884,80.80601887097394,-1.0,-1,1,
2026-03-28 13:00:00+00:00,week_013,2026-03-23 04:00:00+00:00,-10.384999999999998,0.11195501946696788,-10.496955019466967,10.496955019466967,110.18606468071275,-1.0,1,1,
2026-03-28 14:00:00+00:00,week_013,2026-03-23 04:00:00+00:00,-12.990000000000002,0.06243422341193465,-13.052434223411936,13.052434223411936,170.36603915649513,-1.0,1,1,
2026-03-28 15:00:00+00:00,week_013,2026-03-23 04:00:00+00:00,-9.3175,-0.43028141805713616,-8.887218581942864,8.887218581942864,78.98265412323053,-1.0,-1,1,
2026-03-28 16:00:00+00:00,week_013,2026-03-23 04:00:00+00:00,-11.1525,-0.43028141805713616,-10.722218581942863,10.722218581942863,114.96597131896083,-1.0,-1,1,
2026-03-28 17:00:00+00:00,week_013,2026-03-23 04:00:00+00:00,-10.33,-0.43028141805713616,-9.899718581942864,9.899718581942864,98.00442800166482,-1.0,-1,1,
2026-03-28 18:00:00+00:00,week_013,2026-03-23 04:00:00+00:00,-5.0025,1.753849579272366,-6.756349579272366,6.756349579272366,45.64825963733388,-1.0,1,1,
2026-03-28 19:00:00+00:00,week_013,2026-03-23 04:00:00+00:00,-3.512500000000001,1.825335437812395,-5.337835437812396,5.337835437812396,28.492487161165855,-1.0,1,1,
2026-03-28 20:00:00+00:00,week_013,2026-03-23 04:00:00+00:00,-2.602499999999999,1.753849579272366,-4.356349579272365,4.356349579272365,18.97778165682651,-1.0,1,1,
2026-03-28 21:00:00+00:00,week_013,2026-03-23 04:00:00+00:00,-6.3375,1.7631335897872868,-8.100633589787288,8.100633589787288,65.62026455599008,-1.0,1,1,
2026-03-28 22:00:00+00:00,week_013,2026-03-23 04:00:00+00:00,-4.577500000000001,-0.4924832660822443,-4.085016733917756,4.085016733917756,16.687361716388093,-1.0,-1,1,
2026-03-28 23:00:00+00:00,week_013,2026-03-23 04:00:00+00:00,-5.109999999999999,-0.4924832660822443,-4.617516733917755,4.617516733917755,21.321460788010494,-1.0,-1,1,
2026-03-29 00:00:00+00:00,week_013,2026-03-23 04:00:00+00:00,-18.405,-0.4924832660822443,-17.912516733917755,17.912516733917755,320.8582557428836,-1.0,-1,1,
2026-03-29 01:00:00+00:00,week_013,2026-03-23 04:00:00+00:00,-18.8675,-0.5818104402813116,-18.285689559718687,18.285689559718687,334.366442674405,-1.0,-1,1,
2026-03-29 02:00:00+00:00,week_013,2026-03-23 04:00:00+00:00,-7.275000000000002,-0.5196085922562035,-6.755391407743799,6.755391407743799,45.63531307181875,-1.0,-1,1,
2026-03-29 03:00:00+00:00,week_013,2026-03-23 04:00:00+00:00,-4.125,-0.5196085922562035,-3.6053914077437965,3.6053914077437965,12.998847203032796,-1.0,-1,1,
2026-03-29 04:00:00+00:00,week_013,2026-03-23 04:00:00+00:00,-2.8774999999999995,-1.4695546869053138,-1.4079453130946857,1.4079453130946857,1.9823100046652926,-1.0,-1,1,
2026-03-29 05:00:00+00:00,week_013,2026-03-23 04:00:00+00:00,-9.265,-1.4695546869053138,-7.795445313094687,7.795445313094687,60.768967629449925,-1.0,-1,1,
2026-03-29 06:00:00+00:00,week_013,2026-03-23 04:00:00+00:00,-7.354999999999999,-1.4695546869053138,-5.885445313094685,5.885445313094685,34.63846653342819,-1.0,-1,1,
2026-03-29 07:00:00+00:00,week_013,2026-03-23 04:00:00+00:00,-6.870000000000001,-1.4695546869053138,-5.4004453130946874,5.4004453130946874,29.164809579726377,-1.0,-1,1,
2026-03-29 08:00:00+00:00,week_013,2026-03-23 04:00:00+00:00,-7.190000000000001,-1.4695546869053138,-5.720445313094688,5.720445313094688,32.72349458010698,-1.0,-1,1,
2026-03-29 09:00:00+00:00,week_013,2026-03-23 04:00:00+00:00,-4.4375,-1.4695546869053138,-2.9679453130946865,2.9679453130946865,8.808699381520716,-1.0,-1,1,
2026-03-29 10:00:00+00:00,week_013,2026-03-23 04:00:00+00:00,-5.195,-1.4695546869053138,-3.7254453130946867,3.7254453130946867,13.878942780859168,-1.0,-1,1,
2026-03-29 11:00:00+00:00,week_013,2026-03-23 04:00:00+00:00,-3.7575,-1.4695546869053138,-2.287945313094686,2.287945313094686,5.23469375571194,-1.0,-1,1,
2026-03-29 12:00:00+00:00,week_013,2026-03-23 04:00:00+00:00,-3.9125,-1.4695546869053138,-2.442945313094686,2.442945313094686,5.967981802771294,-1.0,-1,1,
2026-03-29 13:00:00+00:00,week_013,2026-03-23 04:00:00+00:00,-3.86,-1.4695546869053138,-2.390445313094686,2.390445313094686,5.714228794896351,-1.0,-1,1,
2026-03-29 14:00:00+00:00,week_013,2026-03-23 04:00:00+00:00,-5.6675,-1.4695546869053138,-4.197945313094687,4.197945313094687,17.62274485173365,-1.0,-1,1,
2026-03-29 15:00:00+00:00,week_013,2026-03-23 04:00:00+00:00,-14.16,-1.4695546869053138,-12.690445313094687,12.690445313094687,161.0474022446469,-1.0,-1,1,
2026-03-29 16:00:00+00:00,week_013,2026-03-23 04:00:00+00:00,-19.1875,-1.4695546869053138,-17.717945313094685,17.717945313094685,313.9255861178139,-1.0,-1,1,
2026-03-29 17:00:00+00:00,week_013,2026-03-23 04:00:00+00:00,-20.7625,-1.4695546869053138,-19.292945313094684,19.292945313094684,372.21773885406213,-1.0,-1,1,
2026-03-29 18:00:00+00:00,week_013,2026-03-23 04:00:00+00:00,-19.23,-1.4695546869053138,-17.760445313094685,17.760445313094685,315.433417719427,-1.0,-1,1,
2026-03-29 19:00:00+00:00,week_013,2026-03-23 04:00:00+00:00,-12.345,-1.4695546869053138,-10.875445313094687,10.875445313094687,118.27531075811319,-1.0,-1,1,
2026-03-29 20:00:00+00:00,week_013,2026-03-23 04:00:00+00:00,-6.08,-1.4695546869053138,-4.6104453130946865,4.6104453130946865,21.25620598503676,-1.0,-1,1,
2026-03-29 21:00:00+00:00,week_013,2026-03-23 04:00:00+00:00,-5.195,-1.5317565349304219,-3.6632434650695784,3.6632434650695784,13.41935268437497,-1.0,-1,1,
2026-03-29 22:00:00+00:00,week_013,2026-03-23 04:00:00+00:00,-4.6925,-1.5317565349304219,-3.160743465069578,3.160743465069578,9.990299251980042,-1.0,-1,1,
2026-03-29 23:00:00+00:00,week_013,2026-03-23 04:00:00+00:00,-9.41,-1.5317565349304219,-7.878243465069579,7.878243465069579,62.066720094911524,-1.0,-1,1,
2026-03-30 00:00:00+00:00,week_013,2026-03-23 04:00:00+00:00,-6.822499999999998,-1.5317565349304219,-5.290743465069577,5.290743465069577,27.99196641317643,-1.0,-1,1,
2026-03-30 01:00:00+00:00,week_013,2026-03-23 04:00:00+00:00,-6.6525,-1.5317565349304219,-5.1207434650695784,5.1207434650695784,26.222013635052793,-1.0,-1,1,
2026-03-30 02:00:00+00:00,week_013,2026-03-23 04:00:00+00:00,-8.165,-1.4695546869053138,-6.695445313094686,6.695445313094686,44.82898794064159,-1.0,-1,1,
2026-03-30 03:00:00+00:00,week_013,2026-03-23 04:00:00+00:00,-4.225000000000001,-1.4695546869053138,-2.755445313094688,2.755445313094688,7.592478873455483,-1.0,-1,1,
2026-03-30 04:00:00+00:00,week_013,2026-03-23 04:00:00+00:00,-2.58,-1.4695546869053138,-1.1104453130946863,1.1104453130946863,1.2330887933739558,-1.0,-1,1,
2026-03-30 05:00:00+00:00,week_014,2026-03-30 04:00:00+00:00,-3.4849999999999994,-1.488502462738533,-1.9964975372614664,1.9964975372614664,3.9860024162911003,-1.0,-1,1,
2026-03-30 06:00:00+00:00,week_014,2026-03-30 04:00:00+00:00,-2.389999999999999,-1.488502462738533,-0.9014975372614658,0.9014975372614658,0.8126978096884878,-1.0,-1,1,
2026-03-30 07:00:00+00:00,week_014,2026-03-30 04:00:00+00:00,-1.6624999999999996,-1.488502462738533,-0.1739975372614666,0.1739975372614666,0.03027514297305546,-1.0,-1,1,
2026-03-30 08:00:00+00:00,week_014,2026-03-30 04:00:00+00:00,-0.2800000000000011,-1.488502462738533,1.208502462738532,1.208502462738532,1.4604782024450966,-1.0,-1,1,
2026-03-30 09:00:00+00:00,week_014,2026-03-30 04:00:00+00:00,-0.8625000000000007,-1.488502462738533,0.6260024627385323,0.6260024627385323,0.39187908335470756,-1.0,-1,1,
2026-03-30 10:00:00+00:00,week_014,2026-03-30 04:00:00+00:00,-1.4350000000000005,-1.488502462738533,0.05350246273853254,0.05350246273853254,0.002862513519088063,-1.0,-1,1,
2026-03-30 11:00:00+00:00,week_014,2026-03-30 04:00:00+00:00,-0.5449999999999982,-0.5106194309057244,-0.03438056909427378,0.03438056909427378,0.0011820235312461336,-1.0,-1,1,
2026-03-30 12:00:00+00:00,week_014,2026-03-30 04:00:00+00:00,2.807500000000001,-0.3666882688849784,3.174188268884979,3.174188268884979,10.075471166327022,1.0,-1,1,
2026-03-30 13:00:00+00:00,week_014,2026-03-30 04:00:00+00:00,-0.0549999999999997,-0.3666882688849784,0.3116882688849787,0.3116882688849787,0.09714957696051478,-1.0,-1,1,
2026-03-30 14:00:00+00:00,week_014,2026-03-30 04:00:00+00:00,4.5625,-0.3666882688849784,4.929188268884978,4.929188268884978,24.29689699011329,1.0,-1,1,
2026-03-30 15:00:00+00:00,week_014,2026-03-30 04:00:00+00:00,10.77,-0.3666882688849784,11.136688268884978,11.136688268884978,124.02582559832028,1.0,-1,1,
2026-03-30 16:00:00+00:00,week_014,2026-03-30 04:00:00+00:00,15.5325,-0.5592661980568194,16.09176619805682,16.09176619805682,258.94493937292407,1.0,-1,1,
2026-03-30 17:00:00+00:00,week_014,2026-03-30 04:00:00+00:00,12.7375,-0.5592661980568194,13.29676619805682,13.29676619805682,176.80399132578643,1.0,-1,1,
2026-03-30 18:00:00+00:00,week_014,2026-03-30 04:00:00+00:00,14.6925,-0.5592661980568194,15.25176619805682,15.25176619805682,232.6163721601886,1.0,-1,1,
2026-03-30 19:00:00+00:00,week_014,2026-03-30 04:00:00+00:00,17.2925,-0.5592661980568194,17.85176619805682,17.85176619805682,318.685556390084,1.0,-1,1,
2026-03-30 20:00:00+00:00,week_014,2026-03-30 04:00:00+00:00,14.695,-0.5592661980568194,15.25426619805682,15.25426619805682,232.6926372411789,1.0,-1,1,
2026-03-30 21:00:00+00:00,week_014,2026-03-30 04:00:00+00:00,12.0625,-1.550567471336569,13.613067471336569,13.613067471336569,185.3156059791618,1.0,-1,1,
2026-03-30 22:00:00+00:00,week_014,2026-03-30 04:00:00+00:00,12.7075,-1.4649219224106083,14.172421922410608,14.172421922410608,200.8575431468248,1.0,-1,1,
2026-03-30 23:00:00+00:00,week_014,2026-03-30 04:00:00+00:00,12.262499999999996,-1.550567471336569,13.813067471336565,13.813067471336565,190.80083296769632,1.0,-1,1,
2026-03-31 00:00:00+00:00,week_014,2026-03-30 04:00:00+00:00,-0.5975000000000001,-1.550567471336569,0.9530674713365688,0.9530674713365688,0.9083376049198814,-1.0,-1,1,
2026-03-31 01:00:00+00:00,week_014,2026-03-30 04:00:00+00:00,4.412500000000005,-1.550567471336569,5.963067471336574,5.963067471336574,35.55817366771236,1.0,-1,1,
2026-03-31 02:00:00+00:00,week_014,2026-03-30 04:00:00+00:00,39.57750000000001,-1.488502462738533,41.06600246273854,41.06600246273854,1686.4165582696478,1.0,-1,1,
2026-03-31 03:00:00+00:00,week_014,2026-03-30 04:00:00+00:00,17.712500000000002,-1.488502462738533,19.201002462738536,19.201002462738536,368.67849557409136,1.0,-1,1,
2026-03-31 04:00:00+00:00,week_014,2026-03-30 04:00:00+00:00,3.0500000000000007,-1.488502462738533,4.538502462738534,4.538502462738534,20.598004604283737,1.0,-1,1,
2026-03-31 05:00:00+00:00,week_014,2026-03-30 04:00:00+00:00,0.9450000000000004,-1.488502462738533,2.4335024627385335,2.4335024627385335,5.921934236154508,1.0,-1,1,
2026-03-31 06:00:00+00:00,week_014,2026-03-30 04:00:00+00:00,0.3650000000000002,-1.488502462738533,1.8535024627385333,1.8535024627385333,3.435471379377808,1.0,-1,1,
2026-03-31 07:00:00+00:00,week_014,2026-03-30 04:00:00+00:00,1.0550000000000015,-1.488502462738533,2.5435024627385348,2.5435024627385348,6.469404777956991,1.0,-1,1,
2026-03-31 08:00:00+00:00,week_014,2026-03-30 04:00:00+00:00,0.9524999999999988,-1.488502462738533,2.441002462738532,2.441002462738532,5.958493023095579,1.0,-1,1,
2026-03-31 09:00:00+00:00,week_014,2026-03-30 04:00:00+00:00,1.7174999999999994,-1.488502462738533,3.2060024627385326,3.2060024627385326,10.278451791085537,1.0,-1,1,
2026-03-31 10:00:00+00:00,week_014,2026-03-30 04:00:00+00:00,4.962500000000002,-1.488502462738533,6.451002462738535,6.451002462738535,41.61543277425865,1.0,-1,1,
2026-03-31 11:00:00+00:00,week_014,2026-03-30 04:00:00+00:00,8.18,-0.5592661980568194,8.73926619805682,8.73926619805682,76.37477368049849,1.0,-1,1,
2026-03-31 12:00:00+00:00,week_014,2026-03-30 04:00:00+00:00,3.837500000000002,-0.5592661980568194,4.396766198056822,4.396766198056822,19.33155300037504,1.0,-1,1,
2026-03-31 13:00:00+00:00,week_014,2026-03-30 04:00:00+00:00,-4.459999999999999,-0.5592661980568194,-3.9007338019431796,3.9007338019431796,15.215724193622092,-1.0,-1,1,
2026-03-31 14:00:00+00:00,week_014,2026-03-30 04:00:00+00:00,-1.8900000000000008,-0.5106194309057244,-1.3793805690942764,1.3793805690942764,1.90269075439485,-1.0,-1,1,
2026-03-31 15:00:00+00:00,week_014,2026-03-30 04:00:00+00:00,4.0525,-0.3666882688849784,4.419188268884978,4.419188268884978,19.529224955850612,1.0,-1,1,
2026-03-31 16:00:00+00:00,week_014,2026-03-30 04:00:00+00:00,4.0600000000000005,-0.5592661980568194,4.61926619805682,4.61926619805682,21.337620208510312,1.0,-1,1,
2026-03-31 17:00:00+00:00,week_014,2026-03-30 04:00:00+00:00,1.1974999999999998,-0.5592661980568194,1.7567661980568192,1.7567661980568192,3.0862274746350113,1.0,-1,1,
2026-03-31 18:00:00+00:00,week_014,2026-03-30 04:00:00+00:00,5.2225,-1.488502462738533,6.711002462738533,6.711002462738533,45.03755405488266,1.0,-1,1,
2026-03-31 19:00:00+00:00,week_014,2026-03-30 04:00:00+00:00,9.0925,-1.3004555967904532,10.392955596790452,10.392955596790452,108.01352603685798,1.0,-1,1,
2026-03-31 20:00:00+00:00,week_014,2026-03-30 04:00:00+00:00,5.577500000000001,-1.488502462738533,7.066002462738534,7.066002462738534,49.92839080342703,1.0,-1,1,
2026-03-31 21:00:00+00:00,week_014,2026-03-30 04:00:00+00:00,6.9125,-1.550567471336569,8.463067471336569,8.463067471336569,71.62351102439514,1.0,-1,1,
2026-03-31 22:00:00+00:00,week_014,2026-03-30 04:00:00+00:00,-0.2850000000000001,-1.550567471336569,1.2655674713365688,1.2655674713365688,1.6016610245052367,-1.0,-1,1,
2026-03-31 23:00:00+00:00,week_014,2026-03-30 04:00:00+00:00,0.1550000000000011,-1.550567471336569,1.70556747133657,1.70556747133657,2.9089603992814217,1.0,-1,1,
2026-04-01 00:00:00+00:00,week_014,2026-03-30 04:00:00+00:00,-5.965000000000003,-1.550567471336569,-4.4144325286634345,4.4144325286634345,19.487214550121845,-1.0,-1,1,
2026-04-01 01:00:00+00:00,week_014,2026-03-30 04:00:00+00:00,1.1225000000000025,-0.6213312066548552,1.7438312066548578,1.7438312066548578,3.0409472773033372,1.0,-1,1,
2026-04-01 02:00:00+00:00,week_014,2026-03-30 04:00:00+00:00,7.787500000000001,-0.5592661980568194,8.346766198056821,8.346766198056821,69.66850596502393,1.0,-1,1,
2026-04-01 03:00:00+00:00,week_014,2026-03-30 04:00:00+00:00,4.165000000000003,2.851089762403927,1.3139102375960756,1.3139102375960756,1.7263601124597758,1.0,1,1,
2026-04-01 04:00:00+00:00,week_014,2026-03-30 04:00:00+00:00,8.5975,-0.3666882688849784,8.964188268884978,8.964188268884978,80.35667132001507,1.0,-1,1,
2026-04-01 05:00:00+00:00,week_014,2026-03-30 04:00:00+00:00,9.5075,-0.3666882688849784,9.874188268884978,9.874188268884978,97.49959396938573,1.0,-1,1,
2026-04-01 06:00:00+00:00,week_014,2026-03-30 04:00:00+00:00,10.07,0.37523965171151463,9.694760348288487,9.694760348288487,93.9883782107467,1.0,1,1,
2026-04-01 07:00:00+00:00,week_014,2026-03-30 04:00:00+00:00,15.417500000000004,-0.3666882688849784,15.784188268884982,15.784188268884982,249.1405993076063,1.0,-1,1,
2026-04-01 08:00:00+00:00,week_014,2026-03-30 04:00:00+00:00,23.77,-0.3666882688849784,24.136688268884978,24.136688268884978,582.5797205893297,1.0,-1,1,
2026-04-01 09:00:00+00:00,week_014,2026-03-30 04:00:00+00:00,13.6875,-0.3666882688849784,14.054188268884978,14.054188268884978,197.52020789726413,1.0,-1,1,
2026-04-01 10:00:00+00:00,week_014,2026-03-30 04:00:00+00:00,17.05,-0.3666882688849784,17.41668826888498,17.41668826888498,303.34103025551565,1.0,-1,1,
2026-04-01 11:00:00+00:00,week_014,2026-03-30 04:00:00+00:00,26.037500000000005,-0.3666882688849784,26.404188268884983,26.404188268884983,697.1811581387234,1.0,-1,1,
2026-04-01 12:00:00+00:00,week_014,2026-03-30 04:00:00+00:00,69.12750000000001,-0.3666882688849784,69.494188268885,69.494188268885,4829.442203151233,1.0,-1,1,
2026-04-01 13:00:00+00:00,week_014,2026-03-30 04:00:00+00:00,8.415,-0.3666882688849784,8.781688268884977,8.781688268884977,77.11804885187203,1.0,-1,1,
2026-04-01 14:00:00+00:00,week_014,2026-03-30 04:00:00+00:00,7.7575,-0.3666882688849784,8.124188268884978,8.124188268884978,66.0024350282883,1.0,-1,1,
2026-04-01 15:00:00+00:00,week_014,2026-03-30 04:00:00+00:00,8.387499999999998,-0.3666882688849784,8.754188268884976,8.754188268884976,76.63581224708332,1.0,-1,1,
2026-04-01 16:00:00+00:00,week_014,2026-03-30 04:00:00+00:00,8.6,-0.3666882688849784,8.966688268884978,8.966688268884978,80.40149851135948,1.0,-1,1,
2026-04-01 17:00:00+00:00,week_014,2026-03-30 04:00:00+00:00,6.300000000000001,-0.3666882688849784,6.666688268884979,6.666688268884979,44.444732474488596,1.0,-1,1,
2026-04-01 18:00:00+00:00,week_014,2026-03-30 04:00:00+00:00,5.0425,-0.3666882688849784,5.409188268884979,5.409188268884979,29.259317728242873,1.0,-1,1,
2026-04-01 19:00:00+00:00,week_014,2026-03-30 04:00:00+00:00,8.712499999999999,-0.5592661980568194,9.271766198056818,9.271766198056818,85.96564843142899,1.0,-1,1,
2026-04-01 20:00:00+00:00,week_014,2026-03-30 04:00:00+00:00,4.324999999999999,-0.3666882688849784,4.6916882688849775,4.6916882688849775,22.011938812392916,1.0,-1,1,
2026-04-01 21:00:00+00:00,week_014,2026-03-30 04:00:00+00:00,2.039999999999999,-0.6213312066548552,2.6613312066548542,2.6613312066548542,7.082683791514983,1.0,-1,1,
2026-04-01 22:00:00+00:00,week_014,2026-03-30 04:00:00+00:00,4.049999999999997,-0.6213312066548552,4.671331206654853,4.671331206654853,21.821335242267484,1.0,-1,1,
2026-04-01 23:00:00+00:00,week_014,2026-03-30 04:00:00+00:00,-10.0075,-0.6213312066548552,-9.386168793345146,9.386168793345146,88.10016461716627,-1.0,-1,1,
2026-04-02 00:00:00+00:00,week_014,2026-03-30 04:00:00+00:00,-3.0675000000000026,-1.550567471336569,-1.5169325286634336,1.5169325286634336,2.301084296517239,-1.0,-1,1,
2026-04-02 01:00:00+00:00,week_014,2026-03-30 04:00:00+00:00,-6.284999999999997,-0.6213312066548552,-5.663668793345141,5.663668793345141,32.07714420071161,-1.0,-1,1,
2026-04-02 02:00:00+00:00,week_014,2026-03-30 04:00:00+00:00,-6.804999999999993,-0.5592661980568194,-6.245733801943173,6.245733801943173,39.00919072473552,-1.0,-1,1,
2026-04-02 03:00:00+00:00,week_014,2026-03-30 04:00:00+00:00,5.079999999999998,-0.3666882688849784,5.4466882688849765,5.4466882688849765,29.666413098409222,1.0,-1,1,
2026-04-02 04:00:00+00:00,week_014,2026-03-30 04:00:00+00:00,20.3875,-0.3666882688849784,20.754188268884977,20.754188268884977,430.7363307003228,1.0,-1,1,
2026-04-02 05:00:00+00:00,week_014,2026-03-30 04:00:00+00:00,21.06,-0.3666882688849784,21.426688268884977,21.426688268884977,459.1029701719731,1.0,-1,1,
2026-04-02 06:00:00+00:00,week_014,2026-03-30 04:00:00+00:00,5.095000000000002,-0.3666882688849784,5.461688268884981,5.461688268884981,29.830038746475815,1.0,-1,1,
2026-04-02 07:00:00+00:00,week_014,2026-03-30 04:00:00+00:00,7.0,-0.3666882688849784,7.366688268884978,7.366688268884978,54.268096050927554,1.0,-1,1,
2026-04-02 08:00:00+00:00,week_014,2026-03-30 04:00:00+00:00,3.2925000000000004,-0.3666882688849784,3.6591882688849786,3.6591882688849786,13.389658787145446,1.0,-1,1,
2026-04-02 09:00:00+00:00,week_014,2026-03-30 04:00:00+00:00,2.27,-0.3666882688849784,2.6366882688849786,2.6366882688849786,6.952125027275666,1.0,-1,1,
2026-04-02 10:00:00+00:00,week_014,2026-03-30 04:00:00+00:00,-1.3475,-0.3666882688849784,-0.9808117311150215,0.9808117311150215,0.9619916518928453,-1.0,-1,1,
2026-04-02 11:00:00+00:00,week_014,2026-03-30 04:00:00+00:00,2.4150000000000027,-0.3666882688849784,2.781688268884981,2.781688268884981,7.737789625252321,1.0,-1,1,
2026-04-02 12:00:00+00:00,week_014,2026-03-30 04:00:00+00:00,-0.9600000000000009,-0.3666882688849784,-0.5933117311150224,0.5933117311150224,0.3520188102787047,-1.0,-1,1,
2026-04-02 13:00:00+00:00,week_014,2026-03-30 04:00:00+00:00,-5.514999999999997,-0.3666882688849784,-5.148311731115019,5.148311731115019,26.50511368073652,-1.0,-1,1,
2026-04-02 14:00:00+00:00,week_014,2026-03-30 04:00:00+00:00,-2.0849999999999973,-0.3666882688849784,-1.718311731115019,1.718311731115019,2.952595205287493,-1.0,-1,1,
2026-04-02 15:00:00+00:00,week_014,2026-03-30 04:00:00+00:00,-1.8499999999999976,-0.3666882688849784,-1.4833117311150192,1.4833117311150192,2.200213691663435,-1.0,-1,1,
2026-04-02 16:00:00+00:00,week_014,2026-03-30 04:00:00+00:00,-4.0975,-0.3666882688849784,-3.730811731115022,3.730811731115022,13.918956173025467,-1.0,-1,1,
2026-04-02 17:00:00+00:00,week_014,2026-03-30 04:00:00+00:00,-5.1875,-0.5592661980568194,-4.62823380194318,4.62823380194318,21.420548125449425,-1.0,-1,1,
2026-04-02 18:00:00+00:00,week_014,2026-03-30 04:00:00+00:00,-5.872500000000002,-0.5592661980568194,-5.313233801943182,5.313233801943182,28.230453434111606,-1.0,-1,1,
2026-04-02 19:00:00+00:00,week_014,2026-03-30 04:00:00+00:00,-3.692499999999999,-0.5592661980568194,-3.1332338019431796,3.1332338019431796,9.817154057639312,-1.0,-1,1,
2026-04-02 20:00:00+00:00,week_014,2026-03-30 04:00:00+00:00,-6.467500000000001,-0.5592661980568194,-5.908233801943181,5.908233801943181,34.90722665842398,-1.0,-1,1,
2026-04-02 21:00:00+00:00,week_014,2026-03-30 04:00:00+00:00,-7.807500000000001,-0.6213312066548552,-7.1861687933451455,7.1861687933451455,51.64102192644762,-1.0,-1,1,
2026-04-02 22:00:00+00:00,week_014,2026-03-30 04:00:00+00:00,-11.4,-0.6213312066548552,-10.778668793345146,10.778668793345146,116.1797009566325,-1.0,-1,1,
2026-04-02 23:00:00+00:00,week_014,2026-03-30 04:00:00+00:00,-8.57,-0.6213312066548552,-7.948668793345145,7.948668793345145,63.18133558629896,-1.0,-1,1,
2026-04-03 00:00:00+00:00,week_014,2026-03-30 04:00:00+00:00,-11.589999999999996,-0.6213312066548552,-10.968668793345142,10.968668793345142,120.31169509810357,-1.0,-1,1,
2026-04-03 01:00:00+00:00,week_014,2026-03-30 04:00:00+00:00,-14.604999999999997,-0.6213312066548552,-13.983668793345142,13.983668793345142,195.5429929219748,-1.0,-1,1,
2026-04-03 02:00:00+00:00,week_014,2026-03-30 04:00:00+00:00,-3.3574999999999946,-0.5592661980568194,-2.798233801943175,2.798233801943175,7.830112410337357,-1.0,-1,1,
2026-04-03 03:00:00+00:00,week_014,2026-03-30 04:00:00+00:00,-1.9649999999999963,-0.5592661980568194,-1.4057338019431769,1.4057338019431769,1.9760875219256189,-1.0,-1,1,
2026-04-03 04:00:00+00:00,week_014,2026-03-30 04:00:00+00:00,0.9075000000000024,-1.488502462738533,2.3960024627385357,2.3960024627385357,5.740827801449128,1.0,-1,1,
2026-04-03 05:00:00+00:00,week_014,2026-03-30 04:00:00+00:00,1.009999999999998,-1.488502462738533,2.4985024627385313,2.4985024627385313,6.242514556310506,1.0,-1,1,
2026-04-03 06:00:00+00:00,week_014,2026-03-30 04:00:00+00:00,2.6700000000000017,-1.488502462738533,4.158502462738535,4.158502462738535,17.293142732602462,1.0,-1,1,
2026-04-03 07:00:00+00:00,week_014,2026-03-30 04:00:00+00:00,4.022500000000001,-1.488502462738533,5.511002462738534,5.511002462738534,30.371148144310187,1.0,-1,1,
2026-04-03 08:00:00+00:00,week_014,2026-03-30 04:00:00+00:00,2.705000000000002,-1.488502462738533,4.193502462738535,4.193502462738535,17.58546290499416,1.0,-1,1,
2026-04-03 09:00:00+00:00,week_014,2026-03-30 04:00:00+00:00,-0.0574999999999974,-0.3666882688849784,0.309188268884981,0.309188268884981,0.09559738561609132,-1.0,-1,1,
2026-04-03 10:00:00+00:00,week_014,2026-03-30 04:00:00+00:00,-3.7624999999999993,-0.5592661980568194,-3.20323380194318,3.20323380194318,10.260706789911358,-1.0,-1,1,
2026-04-03 11:00:00+00:00,week_014,2026-03-30 04:00:00+00:00,-1.120000000000001,-0.3666882688849784,-0.7533117311150226,0.7533117311150226,0.5674785642355121,-1.0,-1,1,
2026-04-03 12:00:00+00:00,week_014,2026-03-30 04:00:00+00:00,-1.5150000000000006,-0.3666882688849784,-1.1483117311150222,1.1483117311150222,1.3186198318163789,-1.0,-1,1,
2026-04-03 13:00:00+00:00,week_014,2026-03-30 04:00:00+00:00,-3.1050000000000004,-0.3666882688849784,-2.7383117311150222,2.7383117311150222,7.49835113676215,-1.0,-1,1,
2026-04-03 14:00:00+00:00,week_014,2026-03-30 04:00:00+00:00,-2.1625000000000014,-0.3666882688849784,-1.795811731115023,1.795811731115023,3.224939773610336,-1.0,-1,1,
2026-04-03 15:00:00+00:00,week_014,2026-03-30 04:00:00+00:00,-1.7074999999999996,-0.3666882688849784,-1.3408117311150212,1.3408117311150212,1.7977760982956599,-1.0,-1,1,
2026-04-03 16:00:00+00:00,week_014,2026-03-30 04:00:00+00:00,-4.387500000000001,-0.3666882688849784,-4.020811731115023,4.020811731115023,16.166926977072187,-1.0,-1,1,
2026-04-03 17:00:00+00:00,week_014,2026-03-30 04:00:00+00:00,-11.135,-0.3666882688849784,-10.768311731115022,10.768311731115022,115.95653753846939,-1.0,-1,1,
2026-04-03 18:00:00+00:00,week_014,2026-03-30 04:00:00+00:00,-14.837500000000002,-0.3666882688849784,-14.470811731115024,14.470811731115024,209.4043921573762,-1.0,-1,1,
2026-04-03 19:00:00+00:00,week_014,2026-03-30 04:00:00+00:00,-3.955000000000002,-0.3666882688849784,-3.5883117311150237,3.5883117311150237,12.875981079657699,-1.0,-1,1,
2026-04-03 20:00:00+00:00,week_014,2026-03-30 04:00:00+00:00,-7.442500000000003,-0.5106194309057244,-6.931880569094278,6.931880569094278,48.05096822418681,-1.0,-1,1,
2026-04-03 21:00:00+00:00,week_014,2026-03-30 04:00:00+00:00,-12.275000000000002,-0.6213312066548552,-11.653668793345147,11.653668793345147,135.80799634498655,-1.0,-1,1,
2026-04-03 22:00:00+00:00,week_014,2026-03-30 04:00:00+00:00,-19.49,-0.4287532774830143,-19.061246722516984,19.061246722516984,363.33112661666445,-1.0,-1,1,
2026-04-03 23:00:00+00:00,week_014,2026-03-30 04:00:00+00:00,-14.502500000000005,-0.4287532774830143,-14.07374672251699,14.07374672251699,198.07034680955772,-1.0,-1,1,
2026-04-04 00:00:00+00:00,week_014,2026-03-30 04:00:00+00:00,-14.912499999999994,-0.6213312066548552,-14.29116879334514,14.29116879334514,204.23750547988197,-1.0,-1,1,
2026-04-04 01:00:00+00:00,week_014,2026-03-30 04:00:00+00:00,-15.265,-0.4287532774830143,-14.836246722516986,14.836246722516986,220.114216811396,-1.0,-1,1,
2026-04-04 02:00:00+00:00,week_014,2026-03-30 04:00:00+00:00,-7.055,-0.3666882688849784,-6.6883117311150215,6.6883117311150215,44.73351381257081,-1.0,-1,1,
2026-04-04 03:00:00+00:00,week_014,2026-03-30 04:00:00+00:00,-28.57999999999999,-0.3666882688849784,-28.213311731115013,28.213311731115013,795.990958837072,-1.0,-1,1,
2026-04-04 04:00:00+00:00,week_014,2026-03-30 04:00:00+00:00,-9.1875,-0.3666882688849784,-8.820811731115022,8.820811731115022,77.80671959577639,-1.0,-1,1,
2026-04-04 05:00:00+00:00,week_014,2026-03-30 04:00:00+00:00,-12.515000000000004,-0.3666882688849784,-12.148311731115026,12.148311731115026,147.58147791634696,-1.0,-1,1,
2026-04-04 06:00:00+00:00,week_014,2026-03-30 04:00:00+00:00,-14.1475,-0.3666882688849784,-13.780811731115023,13.780811731115023,189.91077196843742,-1.0,-1,1,
2026-04-04 07:00:00+00:00,week_014,2026-03-30 04:00:00+00:00,-11.1525,-0.5106194309057244,-10.641880569094276,10.641880569094276,113.24962204686632,-1.0,-1,1,
2026-04-04 08:00:00+00:00,week_014,2026-03-30 04:00:00+00:00,-10.475,-0.3666882688849784,-10.108311731115021,10.108311731115021,102.17796605339757,-1.0,-1,1,
2026-04-04 09:00:00+00:00,week_014,2026-03-30 04:00:00+00:00,-10.035,-0.3666882688849784,-9.668311731115022,9.668311731115022,93.47625173001636,-1.0,-1,1,
2026-04-04 10:00:00+00:00,week_014,2026-03-30 04:00:00+00:00,-10.0325,-0.3666882688849784,-9.665811731115022,9.665811731115022,93.42791642136079,-1.0,-1,1,
2026-04-04 11:00:00+00:00,week_014,2026-03-30 04:00:00+00:00,-3.979999999999999,-0.3666882688849784,-3.6133117311150205,3.6133117311150205,13.056021666213425,-1.0,-1,1,
2026-04-04 12:00:00+00:00,week_014,2026-03-30 04:00:00+00:00,-7.365000000000002,-0.3666882688849784,-6.998311731115024,6.998311731115024,48.97636708586216,-1.0,-1,1,
2026-04-04 13:00:00+00:00,week_014,2026-03-30 04:00:00+00:00,-1.3874999999999993,-0.3666882688849784,-1.0208117311150209,1.0208117311150209,1.0420565903820458,-1.0,-1,1,
2026-04-04 14:00:00+00:00,week_014,2026-03-30 04:00:00+00:00,1.0075000000000005,-0.3666882688849784,1.374188268884979,1.374188268884979,1.8883933983410952,1.0,-1,1,
2026-04-04 15:00:00+00:00,week_014,2026-03-30 04:00:00+00:00,3.9375,-0.3666882688849784,4.304188268884978,4.304188268884978,18.526036654007065,1.0,-1,1,
2026-04-04 16:00:00+00:00,week_014,2026-03-30 04:00:00+00:00,4.25,-0.3666882688849784,4.616688268884978,4.616688268884978,21.313810572060177,1.0,-1,1,
2026-04-04 17:00:00+00:00,week_014,2026-03-30 04:00:00+00:00,1.9399999999999973,-0.3666882688849784,2.306688268884976,2.306688268884976,5.320810769811567,1.0,-1,1,
2026-04-04 18:00:00+00:00,week_014,2026-03-30 04:00:00+00:00,4.08,-0.3666882688849784,4.446688268884978,4.446688268884978,19.773036560639284,1.0,-1,1,
2026-04-04 19:00:00+00:00,week_014,2026-03-30 04:00:00+00:00,0.1724999999999994,-0.3666882688849784,0.5391882688849778,0.5391882688849778,0.29072398930317916,1.0,-1,1,
2026-04-04 20:00:00+00:00,week_014,2026-03-30 04:00:00+00:00,-5.772500000000001,-0.3666882688849784,-5.405811731115023,5.405811731115023,29.222800472260797,-1.0,-1,1,
2026-04-04 21:00:00+00:00,week_014,2026-03-30 04:00:00+00:00,-16.025000000000002,-0.6213312066548552,-15.403668793345147,15.403668793345147,237.27301229507515,-1.0,-1,1,
2026-04-04 22:00:00+00:00,week_014,2026-03-30 04:00:00+00:00,-15.2775,-1.550567471336569,-13.726932528663431,13.726932528663431,188.4286766464782,-1.0,-1,1,
2026-04-04 23:00:00+00:00,week_014,2026-03-30 04:00:00+00:00,-22.1125,-1.550567471336569,-20.561932528663434,20.561932528663434,422.7930693133074,-1.0,-1,1,
2026-04-05 00:00:00+00:00,week_014,2026-03-30 04:00:00+00:00,-6.655000000000001,-1.550567471336569,-5.104432528663432,5.104432528663432,26.05523143967736,-1.0,-1,1,
2026-04-05 01:00:00+00:00,week_014,2026-03-30 04:00:00+00:00,-27.28,-0.6213312066548552,-26.658668793345146,26.658668793345146,710.6846218332744,-1.0,-1,1,
2026-04-05 02:00:00+00:00,week_014,2026-03-30 04:00:00+00:00,-37.185,-1.187904813657518,-35.997095186342484,35.997095186342484,1295.7908618546012,-1.0,-1,1,
2026-04-05 03:00:00+00:00,week_014,2026-03-30 04:00:00+00:00,-58.5,-1.1563839446596873,-57.34361605534031,57.34361605534031,3288.290302302283,-1.0,-1,1,
2026-04-05 04:00:00+00:00,week_014,2026-03-30 04:00:00+00:00,-41.3425,-0.44597689306102417,-40.89652310693898,40.89652310693898,1672.5256022363938,-1.0,-1,1,
2026-04-05 05:00:00+00:00,week_014,2026-03-30 04:00:00+00:00,-36.14,-1.0765750018812774,-35.06342499811872,35.06342499811872,1229.4437725986968,-1.0,-1,1,
2026-04-05 06:00:00+00:00,week_014,2026-03-30 04:00:00+00:00,-18.982499999999995,-0.44597689306102417,-18.536523106938972,18.536523106938972,343.60268889408246,-1.0,-1,1,
2026-04-05 07:00:00+00:00,week_014,2026-03-30 04:00:00+00:00,-17.42,-1.187904813657518,-16.232095186342484,16.232095186342484,263.48091413848283,-1.0,-1,1,
2026-04-05 08:00:00+00:00,week_014,2026-03-30 04:00:00+00:00,-15.225,-1.187904813657518,-14.037095186342482,14.037095186342482,197.04004127043927,-1.0,-1,1,
2026-04-05 09:00:00+00:00,week_014,2026-03-30 04:00:00+00:00,-14.1325,2.2224511468032286,-16.35495114680323,16.35495114680323,267.4844270143203,-1.0,1,1,
2026-04-05 10:00:00+00:00,week_014,2026-03-30 04:00:00+00:00,-13.2025,2.2224511468032286,-15.42495114680323,15.42495114680323,237.92911788126625,-1.0,1,1,
2026-04-05 11:00:00+00:00,week_014,2026-03-30 04:00:00+00:00,-2.140000000000001,2.2224511468032286,-4.362451146803229,4.362451146803229,19.03098000824481,-1.0,1,1,
2026-04-05 12:00:00+00:00,week_014,2026-03-30 04:00:00+00:00,-7.932500000000001,3.151687411484943,-11.084187411484944,11.084187411484944,122.8592105729213,-1.0,1,1,
2026-04-05 13:00:00+00:00,week_014,2026-03-30 04:00:00+00:00,-2.8125,3.151687411484943,-5.964187411484943,5.964187411484943,35.57153147931546,-1.0,1,1,
2026-04-05 14:00:00+00:00,week_014,2026-03-30 04:00:00+00:00,-5.299999999999999,2.851089762403927,-8.151089762403926,8.151089762403926,66.44026431476608,-1.0,1,1,
2026-04-05 15:00:00+00:00,week_014,2026-03-30 04:00:00+00:00,-9.2725,1.9218534977222144,-11.194353497722215,11.194353497722215,125.31355023196559,-1.0,1,1,
2026-04-05 16:00:00+00:00,week_014,2026-03-30 04:00:00+00:00,-11.855,-0.7465745421420403,-11.10842545785796,11.10842545785796,123.39711615278682,-1.0,-1,1,
2026-04-05 17:00:00+00:00,week_014,2026-03-30 04:00:00+00:00,-7.6525,-0.5585276761939604,-7.09397232380604,7.09397232380604,50.324443330926066,-1.0,-1,1,
2026-04-05 18:00:00+00:00,week_014,2026-03-30 04:00:00+00:00,-6.75,-0.3383368079160635,-6.411663192083936,6.411663192083936,41.10942488872397,-1.0,-1,1,
2026-04-05 19:00:00+00:00,week_014,2026-03-30 04:00:00+00:00,-7.524999999999999,-0.5592661980568194,-6.965733801943179,6.965733801943179,48.52144739953377,-1.0,-1,1,
2026-04-05 20:00:00+00:00,week_014,2026-03-30 04:00:00+00:00,-7.5775,-0.5592661980568194,-7.018233801943181,7.018233801943181,49.25560569873783,-1.0,-1,1,
2026-04-05 21:00:00+00:00,week_014,2026-03-30 04:00:00+00:00,-10.16,-0.6213312066548552,-9.538668793345146,9.538668793345146,90.98620234913653,-1.0,-1,1,
2026-04-05 22:00:00+00:00,week_014,2026-03-30 04:00:00+00:00,-5.197500000000002,-0.6213312066548552,-4.576168793345146,4.576168793345146,20.94132082518597,-1.0,-1,1,
2026-04-05 23:00:00+00:00,week_014,2026-03-30 04:00:00+00:00,-4.3125,-0.6213312066548552,-3.691168793345145,3.691168793345145,13.624727060965053,-1.0,-1,1,
2026-04-06 00:00:00+00:00,week_014,2026-03-30 04:00:00+00:00,-8.682499999999997,-0.6213312066548552,-8.061168793345143,8.061168793345143,64.98244231480159,-1.0,-1,1,
2026-04-06 01:00:00+00:00,week_014,2026-03-30 04:00:00+00:00,-2.1699999999999946,2.7120405804952257,-4.88204058049522,4.88204058049522,23.834320229602103,-1.0,1,1,
2026-04-06 02:00:00+00:00,week_014,2026-03-30 04:00:00+00:00,-5.822500000000005,4.422126995691734,-10.244626995691739,10.244626995691739,104.95238228085594,-1.0,1,1,
2026-04-06 03:00:00+00:00,week_014,2026-03-30 04:00:00+00:00,-22.085,3.151687411484943,-25.236687411484944,25.236687411484944,636.8903915050026,-1.0,1,1,
2026-04-06 04:00:00+00:00,week_014,2026-03-30 04:00:00+00:00,-6.109999999999992,3.151687411484943,-9.261687411484935,9.261687411484935,85.77885370805852,-1.0,1,1,
2026-04-06 05:00:00+00:00,week_015,2026-04-06 04:00:00+00:00,8.910000000000004,2.121948925238222,6.788051074761782,6.788051074761782,46.077637393574584,1.0,1,1,
2026-04-06 06:00:00+00:00,week_015,2026-04-06 04:00:00+00:00,16.905,2.121948925238222,14.78305107476178,14.78305107476178,218.5385990790154,1.0,1,1,
2026-04-06 07:00:00+00:00,week_015,2026-04-06 04:00:00+00:00,14.674999999999995,2.121948925238222,12.553051074761774,12.553051074761774,157.57909128557773,1.0,1,1,
2026-04-06 08:00:00+00:00,week_015,2026-04-06 04:00:00+00:00,11.019999999999996,2.121948925238222,8.898051074761774,8.898051074761774,79.17531292906916,1.0,1,1,
2026-04-06 09:00:00+00:00,week_015,2026-04-06 04:00:00+00:00,7.414999999999999,2.121948925238222,5.293051074761777,5.293051074761777,28.016389680036806,1.0,1,1,
2026-04-06 10:00:00+00:00,week_015,2026-04-06 04:00:00+00:00,-11.0375,2.2150241053147313,-13.25252410531473,13.25252410531473,175.629395161948,-1.0,1,1,
2026-04-06 11:00:00+00:00,week_015,2026-04-06 04:00:00+00:00,-29.6275,2.4509805041701243,-32.07848050417012,32.07848050417012,1029.0289114564227,-1.0,1,1,
2026-04-06 12:00:00+00:00,week_015,2026-04-06 04:00:00+00:00,-21.43,3.1200699612189227,-24.550069961218924,24.550069961218924,602.7059351007438,-1.0,1,1,
2026-04-06 13:00:00+00:00,week_015,2026-04-06 04:00:00+00:00,-12.2825,3.350946616960885,-15.633446616960885,15.633446616960885,244.40465312536574,-1.0,1,1,
2026-04-06 14:00:00+00:00,week_015,2026-04-06 04:00:00+00:00,-14.8325,1.9740220233410228,-16.80652202334102,16.80652202334102,282.4591825210468,-1.0,1,1,
2026-04-06 15:00:00+00:00,week_015,2026-04-06 04:00:00+00:00,-12.07,0.8955190779217175,-12.965519077921718,12.965519077921718,168.10468495995204,-1.0,1,1,
2026-04-06 16:00:00+00:00,week_015,2026-04-06 04:00:00+00:00,-10.9525,-1.4729773581444183,-9.479522641855581,9.479522641855581,89.86134951745262,-1.0,-1,1,
2026-04-06 17:00:00+00:00,week_015,2026-04-06 04:00:00+00:00,-8.43,-1.3029942578869569,-7.127005742113043,7.127005742113043,50.79421084811228,-1.0,-1,1,
2026-04-06 18:00:00+00:00,week_015,2026-04-06 04:00:00+00:00,-9.325,-1.4729773581444183,-7.852022641855581,7.852022641855581,61.654259568212694,-1.0,-1,1,
2026-04-06 19:00:00+00:00,week_015,2026-04-06 04:00:00+00:00,-8.5325,-1.4729773581444183,-7.059522641855582,7.059522641855582,49.83685993087162,-1.0,-1,1,
2026-04-06 20:00:00+00:00,week_015,2026-04-06 04:00:00+00:00,-7.03,2.8269584346332888,-9.856958434633288,9.856958434633288,97.15962958208833,-1.0,1,1,
2026-04-06 21:00:00+00:00,week_015,2026-04-06 04:00:00+00:00,-8.985,1.0778569671203753,-10.062856967120375,10.062856967120375,101.26109034072307,-1.0,1,1,
2026-04-06 22:00:00+00:00,week_015,2026-04-06 04:00:00+00:00,-11.8725,1.0778569671203753,-12.950356967120376,12.950356967120376,167.71174557584325,-1.0,1,1,
2026-04-06 23:00:00+00:00,week_015,2026-04-06 04:00:00+00:00,9.872500000000002,-1.5856997397462196,11.458199739746222,11.458199739746222,131.29034127592038,1.0,-1,1,
2026-04-07 00:00:00+00:00,week_015,2026-04-06 04:00:00+00:00,4.817499999999996,0.6128135960624552,4.204686403937541,4.204686403937541,17.67938775545721,1.0,1,1,
2026-04-07 01:00:00+00:00,week_015,2026-04-06 04:00:00+00:00,9.092499999999994,1.9158223184076264,7.176677681592368,7.176677681592368,51.50470254546601,1.0,1,1,
2026-04-07 02:00:00+00:00,week_015,2026-04-06 04:00:00+00:00,18.7475,-0.40763881484008724,19.155138814840086,19.155138814840086,366.91934301579323,1.0,-1,1,
2026-04-07 03:00:00+00:00,week_015,2026-04-06 04:00:00+00:00,-7.907499999999999,-1.3250504562472198,-6.582449543752779,6.582449543752779,43.328641996051175,-1.0,-1,1,
2026-04-07 04:00:00+00:00,week_015,2026-04-06 04:00:00+00:00,-7.137499999999999,-1.4729773581444183,-5.664522641855581,5.664522641855581,32.08681676009453,-1.0,-1,1,
2026-04-07 05:00:00+00:00,week_015,2026-04-06 04:00:00+00:00,-1.8975000000000009,-1.4729773581444183,-0.4245226418555825,0.4245226418555825,0.18021947344804318,-1.0,-1,1,
2026-04-07 06:00:00+00:00,week_015,2026-04-06 04:00:00+00:00,-1.2600000000000016,-1.4729773581444183,0.21297735814441676,0.21297735814441676,0.045359355082175166,-1.0,-1,1,
2026-04-07 07:00:00+00:00,week_015,2026-04-06 04:00:00+00:00,-2.397500000000001,-1.4729773581444183,-0.9245226418555825,0.9245226418555825,0.8547421153036258,-1.0,-1,1,
2026-04-07 08:00:00+00:00,week_015,2026-04-06 04:00:00+00:00,-2.7575000000000003,-0.48208041583160366,-2.2754195841683966,2.2754195841683966,5.177534284017079,-1.0,-1,1,
2026-04-07 09:00:00+00:00,week_015,2026-04-06 04:00:00+00:00,-3.627500000000001,-0.48208041583160366,-3.145419584168397,3.145419584168397,9.893664360470092,-1.0,-1,1,
2026-04-07 10:00:00+00:00,week_015,2026-04-06 04:00:00+00:00,-1.599999999999998,0.21802016964378618,-1.8180201696437843,1.8180201696437843,3.3051973372316144,-1.0,1,1,
2026-04-07 11:00:00+00:00,week_015,2026-04-06 04:00:00+00:00,-4.397499999999997,0.15957979848655554,-4.557079798486553,4.557079798486553,20.766976289774245,-1.0,1,1,
2026-04-07 12:00:00+00:00,week_015,2026-04-06 04:00:00+00:00,-7.079999999999998,-0.48208041583160366,-6.597919584168395,6.597919584168395,43.53254283915284,-1.0,-1,1,
2026-04-07 13:00:00+00:00,week_015,2026-04-06 04:00:00+00:00,-6.9625,2.7472788645698083,-9.70977886456981,9.70977886456981,94.27980559884658,-1.0,1,1,
2026-04-07 14:00:00+00:00,week_015,2026-04-06 04:00:00+00:00,-3.5675,-0.3493558779368456,-3.2181441220631544,3.2181441220631544,10.35645159036963,-1.0,-1,1,
2026-04-07 15:00:00+00:00,week_015,2026-04-06 04:00:00+00:00,0.0625,-0.48208041583160366,0.5445804158316037,0.5445804158316037,0.29656782930732234,1.0,-1,1,
2026-04-07 16:00:00+00:00,week_015,2026-04-06 04:00:00+00:00,-0.4249999999999999,-0.386517380636541,-0.03848261936345887,0.03848261936345887,0.0014809119930728595,-1.0,-1,1,
2026-04-07 17:00:00+00:00,week_015,2026-04-06 04:00:00+00:00,-0.865,-0.386517380636541,-0.478482619363459,0.478482619363459,0.22894561703291677,-1.0,-1,1,
2026-04-07 18:00:00+00:00,week_015,2026-04-06 04:00:00+00:00,-1.095,-0.386517380636541,-0.708482619363459,0.708482619363459,0.501947621940108,-1.0,-1,1,
2026-04-07 19:00:00+00:00,week_015,2026-04-06 04:00:00+00:00,-1.7574999999999998,-0.386517380636541,-1.3709826193634589,1.3709826193634589,1.8795933425966909,-1.0,-1,1,
2026-04-07 20:00:00+00:00,week_015,2026-04-06 04:00:00+00:00,0.4425000000000003,-0.386517380636541,0.8290173806365413,0.8290173806365413,0.687269817397472,1.0,-1,1,
2026-04-07 21:00:00+00:00,week_015,2026-04-06 04:00:00+00:00,5.997499999999999,-0.5948027974334047,6.592302797433403,6.592302797433403,43.45845617304827,1.0,-1,1,
2026-04-07 22:00:00+00:00,week_015,2026-04-06 04:00:00+00:00,7.110000000000003,-0.4992397622383424,7.609239762238345,7.609239762238345,57.900529759229066,1.0,-1,1,
2026-04-07 23:00:00+00:00,week_015,2026-04-06 04:00:00+00:00,3.055,-0.4992397622383424,3.5542397622383426,3.5542397622383426,12.63262028747607,1.0,-1,1,
2026-04-08 00:00:00+00:00,week_015,2026-04-06 04:00:00+00:00,-6.760000000000002,-0.4992397622383424,-6.26076023776166,6.26076023776166,39.19711875473743,-1.0,-1,1,
2026-04-08 01:00:00+00:00,week_015,2026-04-06 04:00:00+00:00,6.755000000000003,-0.4992397622383424,7.2542397622383445,7.2542397622383445,52.62399452803983,1.0,-1,1,
2026-04-08 02:00:00+00:00,week_015,2026-04-06 04:00:00+00:00,-3.059999999999995,-0.386517380636541,-2.673482619363454,2.673482619363454,7.147509316038477,-1.0,-1,1,
2026-04-08 03:00:00+00:00,week_015,2026-04-06 04:00:00+00:00,12.765,-0.386517380636541,13.151517380636541,13.151517380636541,172.96240941318501,1.0,-1,1,
2026-04-08 04:00:00+00:00,week_015,2026-04-06 04:00:00+00:00,-4.672499999999999,-0.386517380636541,-4.285982619363458,4.285982619363458,18.36964701348565,-1.0,-1,1,
2026-04-08 05:00:00+00:00,week_015,2026-04-06 04:00:00+00:00,-16.965,-0.386517380636541,-16.57848261936346,16.57848261936346,274.8460859605363,-1.0,-1,1,
2026-04-08 06:00:00+00:00,week_015,2026-04-06 04:00:00+00:00,-4.305,0.21802016964378618,-4.523020169643786,4.523020169643786,20.457711455004503,-1.0,1,1,
2026-04-08 07:00:00+00:00,week_015,2026-04-06 04:00:00+00:00,5.465000000000003,0.21802016964378618,5.246979830356217,5.246979830356217,27.53079734016496,1.0,1,1,
2026-04-08 08:00:00+00:00,week_015,2026-04-06 04:00:00+00:00,-3.965,0.21802016964378618,-4.183020169643786,4.183020169643786,17.49765773964673,-1.0,1,1,
2026-04-08 09:00:00+00:00,week_015,2026-04-06 04:00:00+00:00,-6.359999999999999,-0.3954394047176002,-5.964560595282399,5.964560595282399,35.575983094795525,-1.0,-1,1,
2026-04-08 10:00:00+00:00,week_015,2026-04-06 04:00:00+00:00,3.2575000000000003,-0.48208041583160366,3.739580415831604,3.739580415831604,13.984461686471272,1.0,-1,1,
2026-04-08 11:00:00+00:00,week_015,2026-04-06 04:00:00+00:00,-3.1099999999999994,3.1250668136026416,-6.235066813602641,6.235066813602641,38.87605817008899,-1.0,1,1,
2026-04-08 12:00:00+00:00,week_015,2026-04-06 04:00:00+00:00,-1.9925,-0.23859047873934341,-1.7539095212606566,1.7539095212606566,3.0761986087687854,-1.0,-1,1,
2026-04-08 13:00:00+00:00,week_015,2026-04-06 04:00:00+00:00,-1.3049999999999995,2.9276604032911364,-4.232660403291136,4.232660403291136,17.91541408958868,-1.0,1,1,
2026-04-08 14:00:00+00:00,week_015,2026-04-06 04:00:00+00:00,-5.4425,2.5120965406475215,-7.954596540647522,7.954596540647522,63.27560612448152,-1.0,1,1,
2026-04-08 15:00:00+00:00,week_015,2026-04-06 04:00:00+00:00,-2.33,-0.48208041583160366,-1.8479195841683964,1.8479195841683964,3.414806789553099,-1.0,-1,1,
2026-04-08 16:00:00+00:00,week_015,2026-04-06 04:00:00+00:00,-3.7625,-1.4729773581444183,-2.289522641855582,2.289522641855582,5.241913927569363,-1.0,-1,1,
2026-04-08 17:00:00+00:00,week_015,2026-04-06 04:00:00+00:00,-5.720000000000001,-0.48208041583160366,-5.237919584168397,5.237919584168397,27.43580157021483,-1.0,-1,1,
2026-04-08 18:00:00+00:00,week_015,2026-04-06 04:00:00+00:00,-6.61,-1.4729773581444183,-5.137022641855582,5.137022641855582,26.389001622936902,-1.0,-1,1,
2026-04-08 19:00:00+00:00,week_015,2026-04-06 04:00:00+00:00,-8.942499999999999,-1.4729773581444183,-7.469522641855581,7.469522641855581,55.79376849719317,-1.0,-1,1,
2026-04-08 20:00:00+00:00,week_015,2026-04-06 04:00:00+00:00,-8.0725,-1.4729773581444183,-6.5995226418555815,6.5995226418555815,43.553699100364476,-1.0,-1,1,
2026-04-08 21:00:00+00:00,week_015,2026-04-06 04:00:00+00:00,-9.415,-0.5948027974334047,-8.820197202566595,8.820197202566595,77.79587869216358,-1.0,-1,1,
2026-04-08 22:00:00+00:00,week_015,2026-04-06 04:00:00+00:00,-14.335,-0.5948027974334047,-13.740197202566597,13.740197202566597,188.79301916541894,-1.0,-1,1,
2026-04-08 23:00:00+00:00,week_015,2026-04-06 04:00:00+00:00,-15.845,-0.5948027974334047,-15.250197202566596,15.250197202566596,232.56851471717005,-1.0,-1,1,
2026-04-09 00:00:00+00:00,week_015,2026-04-06 04:00:00+00:00,28.305000000000007,-0.5948027974334047,28.899802797433413,28.899802797433413,835.1986017305401,1.0,-1,1,
2026-04-09 01:00:00+00:00,week_015,2026-04-06 04:00:00+00:00,20.3425,-0.5948027974334047,20.937302797433407,20.937302797433407,438.3706484314128,1.0,-1,1,
2026-04-09 02:00:00+00:00,week_015,2026-04-06 04:00:00+00:00,32.435,-0.48208041583160366,32.917080415831606,32.917080415831606,1083.5341831023247,1.0,-1,1,
2026-04-09 03:00:00+00:00,week_015,2026-04-06 04:00:00+00:00,10.2475,-1.2421007024024564,11.489600702402457,11.489600702402457,132.01092430064705,1.0,-1,1,
2026-04-09 04:00:00+00:00,week_015,2026-04-06 04:00:00+00:00,4.0075,-1.4729773581444183,5.480477358144419,5.480477358144419,30.035632073133627,1.0,-1,1,
2026-04-09 05:00:00+00:00,week_015,2026-04-06 04:00:00+00:00,4.324999999999999,-1.4729773581444183,5.797977358144418,5.797977358144418,33.61654144555532,1.0,-1,1,
2026-04-09 06:00:00+00:00,week_015,2026-04-06 04:00:00+00:00,-3.86,-1.4729773581444183,-2.3870226418555816,2.3870226418555816,5.6978770927312,-1.0,-1,1,
2026-04-09 07:00:00+00:00,week_015,2026-04-06 04:00:00+00:00,-10.919999999999998,-1.4729773581444183,-9.447022641855579,9.447022641855579,89.24623679573196,-1.0,-1,1,
2026-04-09 08:00:00+00:00,week_015,2026-04-06 04:00:00+00:00,-14.8425,-1.4729773581444183,-13.369522641855582,13.369522641855582,178.74413567108905,-1.0,-1,1,
2026-04-09 09:00:00+00:00,week_015,2026-04-06 04:00:00+00:00,-15.6175,-1.4729773581444183,-14.14452264185558,14.14452264185558,200.06752076596518,-1.0,-1,1,
2026-04-09 10:00:00+00:00,week_015,2026-04-06 04:00:00+00:00,-10.74,-1.4729773581444183,-9.267022641855583,9.267022641855583,85.87770864466403,-1.0,-1,1,
2026-04-09 11:00:00+00:00,week_015,2026-04-06 04:00:00+00:00,2.557500000000001,-1.4729773581444183,4.030477358144419,4.030477358144419,16.244747734514817,1.0,-1,1,
2026-04-09 12:00:00+00:00,week_015,2026-04-06 04:00:00+00:00,7.43,-1.4729773581444183,8.902977358144419,8.902977358144419,79.26300583963217,1.0,-1,1,
2026-04-09 13:00:00+00:00,week_015,2026-04-06 04:00:00+00:00,12.1,-1.4729773581444183,13.572977358144417,13.572977358144417,184.225714364701,1.0,-1,1,
2026-04-09 14:00:00+00:00,week_015,2026-04-06 04:00:00+00:00,26.3925,-0.386517380636541,26.77901738063654,26.77901738063654,717.1157718724338,1.0,-1,1,
2026-04-09 15:00:00+00:00,week_015,2026-04-06 04:00:00+00:00,20.1425,-0.386517380636541,20.52901738063654,20.52901738063654,421.4405546144771,1.0,-1,1,
2026-04-09 16:00:00+00:00,week_015,2026-04-06 04:00:00+00:00,18.8625,-0.386517380636541,19.24901738063654,19.24901738063654,370.52467012004763,1.0,-1,1,
2026-04-09 17:00:00+00:00,week_015,2026-04-06 04:00:00+00:00,12.6,-0.386517380636541,12.98651738063654,12.98651738063654,168.64963367757494,1.0,-1,1,
2026-04-09 18:00:00+00:00,week_015,2026-04-06 04:00:00+00:00,16.207499999999996,-0.386517380636541,16.594017380636537,16.594017380636537,275.36141282886746,1.0,-1,1,
2026-04-09 19:00:00+00:00,week_015,2026-04-06 04:00:00+00:00,11.4925,-0.48208041583160366,11.974580415831603,11.974580415831603,143.39057613521777,1.0,-1,1,
2026-04-09 20:00:00+00:00,week_015,2026-04-06 04:00:00+00:00,18.4,-0.48208041583160366,18.882080415831602,18.882080415831602,356.5329608299313,1.0,-1,1,
2026-04-09 21:00:00+00:00,week_015,2026-04-06 04:00:00+00:00,30.89,-0.5948027974334047,31.484802797433407,31.484802797433407,991.2928071932705,1.0,-1,1,
2026-04-09 22:00:00+00:00,week_015,2026-04-06 04:00:00+00:00,30.7175,-1.455217917737655,32.17271791773766,32.17271791773766,1035.0837782143176,1.0,-1,1,
2026-04-09 23:00:00+00:00,week_015,2026-04-06 04:00:00+00:00,70.15249999999999,-0.5948027974334047,70.74730279743339,70.74730279743339,5005.180853111727,1.0,-1,1,
2026-04-10 00:00:00+00:00,week_015,2026-04-06 04:00:00+00:00,74.0525,-1.455217917737655,75.50771791773765,75.50771791773765,5701.41546514464,1.0,-1,1,
2026-04-10 01:00:00+00:00,week_015,2026-04-06 04:00:00+00:00,145.8325,-0.5948027974334047,146.4273027974334,146.4273027974334,21440.95500453125,1.0,-1,1,
2026-04-10 02:00:00+00:00,week_015,2026-04-06 04:00:00+00:00,136.86,-1.4729773581444183,138.33297735814443,138.33297735814443,19136.0126247689,1.0,-1,1,
2026-04-10 03:00:00+00:00,week_015,2026-04-06 04:00:00+00:00,63.485000000000014,-0.48208041583160366,63.96708041583162,63.96708041583162,4091.787376925469,1.0,-1,1,
2026-04-10 04:00:00+00:00,week_015,2026-04-06 04:00:00+00:00,5.294999999999998,-0.48208041583160366,5.777080415831602,5.777080415831602,33.37465813098503,1.0,-1,1,
2026-04-10 05:00:00+00:00,week_015,2026-04-06 04:00:00+00:00,-4.530000000000001,-0.48208041583160366,-4.0479195841683975,4.0479195841683975,16.385652959894053,-1.0,-1,1,
2026-04-10 06:00:00+00:00,week_015,2026-04-06 04:00:00+00:00,8.115,-1.4729773581444183,9.587977358144418,9.587977358144418,91.92930982029,1.0,-1,1,
2026-04-10 07:00:00+00:00,week_015,2026-04-06 04:00:00+00:00,6.937500000000002,-1.4729773581444183,8.41047735814442,8.41047735814442,70.73612939185993,1.0,-1,1,
2026-04-10 08:00:00+00:00,week_015,2026-04-06 04:00:00+00:00,9.3325,-1.4729773581444183,10.805477358144419,10.805477358144419,116.75834093737168,1.0,-1,1,
2026-04-10 09:00:00+00:00,week_015,2026-04-06 04:00:00+00:00,10.2825,-1.4729773581444183,11.755477358144418,11.755477358144418,138.19124791784606,1.0,-1,1,
2026-04-10 10:00:00+00:00,week_015,2026-04-06 04:00:00+00:00,5.7925,-1.4729773581444183,7.265477358144419,7.265477358144419,52.7871612417092,1.0,-1,1,
2026-04-10 11:00:00+00:00,week_015,2026-04-06 04:00:00+00:00,11.892499999999997,-0.48208041583160366,12.3745804158316,12.3745804158316,153.13024046788297,1.0,-1,1,
2026-04-10 12:00:00+00:00,week_015,2026-04-06 04:00:00+00:00,-17.635,-0.48208041583160366,-17.152919584168398,17.152919584168398,294.2226502609478,-1.0,-1,1,
2026-04-10 13:00:00+00:00,week_015,2026-04-06 04:00:00+00:00,-2.3299999999999983,-0.48208041583160366,-1.8479195841683946,1.8479195841683946,3.4148067895530927,-1.0,-1,1,
2026-04-10 14:00:00+00:00,week_015,2026-04-06 04:00:00+00:00,3.5675000000000026,-0.48208041583160366,4.049580415831606,4.049580415831606,16.399101544286886,1.0,-1,1,
2026-04-10 15:00:00+00:00,week_015,2026-04-06 04:00:00+00:00,1.0424999999999969,-0.386517380636541,1.4290173806365378,1.4290173806365378,2.0420906741613116,1.0,-1,1,
2026-04-10 16:00:00+00:00,week_015,2026-04-06 04:00:00+00:00,-4.382499999999999,-0.386517380636541,-3.9959826193634584,3.9959826193634584,15.967877094254847,-1.0,-1,1,
2026-04-10 17:00:00+00:00,week_015,2026-04-06 04:00:00+00:00,-2.967500000000001,-0.386517380636541,-2.58098261936346,2.58098261936346,6.661471281456268,-1.0,-1,1,
2026-04-10 18:00:00+00:00,week_015,2026-04-06 04:00:00+00:00,2.34,-0.386517380636541,2.726517380636541,2.726517380636541,7.433897026913144,1.0,-1,1,
2026-04-10 19:00:00+00:00,week_015,2026-04-06 04:00:00+00:00,7.099999999999998,-0.48208041583160366,7.5820804158316015,7.5820804158316015,57.487943432137115,1.0,-1,1,
2026-04-10 20:00:00+00:00,week_015,2026-04-06 04:00:00+00:00,6.762499999999999,-0.48208041583160366,7.244580415831603,7.244580415831603,52.483945401450804,1.0,-1,1,
2026-04-10 21:00:00+00:00,week_015,2026-04-06 04:00:00+00:00,2.772500000000001,-0.5948027974334047,3.3673027974334055,3.3673027974334055,11.338728129602838,1.0,-1,1,
2026-04-10 22:00:00+00:00,week_015,2026-04-06 04:00:00+00:00,22.4725,-0.5948027974334047,23.067302797433406,23.067302797433406,532.100458348479,1.0,-1,1,
2026-04-10 23:00:00+00:00,week_015,2026-04-06 04:00:00+00:00,45.0125,-0.5948027974334047,45.607302797433405,45.607302797433405,2080.026068456777,1.0,-1,1,
2026-04-11 00:00:00+00:00,week_015,2026-04-06 04:00:00+00:00,46.0425,-0.5948027974334047,46.6373027974334,46.6373027974334,2175.0380122194892,1.0,-1,1,
2026-04-11 01:00:00+00:00,week_015,2026-04-06 04:00:00+00:00,42.82,-0.5948027974334047,43.4148027974334,43.4148027974334,1884.8451019400313,1.0,-1,1,
2026-04-11 02:00:00+00:00,week_015,2026-04-06 04:00:00+00:00,7.925000000000004,-0.386517380636541,8.311517380636545,8.311517380636545,69.08132116862338,1.0,-1,1,
2026-04-11 03:00:00+00:00,week_015,2026-04-06 04:00:00+00:00,33.46,-0.386517380636541,33.84651738063654,33.84651738063654,1145.5867387977314,1.0,-1,1,
2026-04-11 04:00:00+00:00,week_015,2026-04-06 04:00:00+00:00,18.767500000000005,-0.386517380636541,19.154017380636546,19.154017380636546,366.8763818177269,1.0,-1,1,
2026-04-11 05:00:00+00:00,week_015,2026-04-06 04:00:00+00:00,0.2149999999999998,-0.48208041583160366,0.6970804158316035,0.6970804158316035,0.4859211061359613,1.0,-1,1,
2026-04-11 06:00:00+00:00,week_015,2026-04-06 04:00:00+00:00,2.015000000000001,-0.48208041583160366,2.4970804158316047,2.4970804158316047,6.23541060312974,1.0,-1,1,
2026-04-11 07:00:00+00:00,week_015,2026-04-06 04:00:00+00:00,7.655000000000001,-1.3424955361358537,8.997495536135855,8.997495536135855,80.95492592278462,1.0,-1,1,
2026-04-11 08:00:00+00:00,week_015,2026-04-06 04:00:00+00:00,2.539999999999999,-1.4729773581444183,4.0129773581444175,4.0129773581444175,16.103987276979748,1.0,-1,1,
2026-04-11 09:00:00+00:00,week_015,2026-04-06 04:00:00+00:00,-5.282499999999999,-1.4729773581444183,-3.8095226418555805,3.8095226418555805,14.512462758810322,-1.0,-1,1,
2026-04-11 10:00:00+00:00,week_015,2026-04-06 04:00:00+00:00,-1.7300000000000004,-0.48208041583160366,-1.2479195841683968,1.2479195841683968,1.5573032885510243,-1.0,-1,1,
2026-04-11 11:00:00+00:00,week_015,2026-04-06 04:00:00+00:00,0.5749999999999993,-0.386517380636541,0.9615173806365402,0.9615173806365402,0.9245156732661534,1.0,-1,1,
2026-04-11 12:00:00+00:00,week_015,2026-04-06 04:00:00+00:00,2.907499999999999,-0.386517380636541,3.29401738063654,3.29401738063654,10.850550503935612,1.0,-1,1,
2026-04-11 13:00:00+00:00,week_015,2026-04-06 04:00:00+00:00,6.797499999999999,-0.386517380636541,7.184017380636541,7.184017380636541,51.6101057252879,1.0,-1,1,
2026-04-11 14:00:00+00:00,week_015,2026-04-06 04:00:00+00:00,1.3649999999999984,-0.386517380636541,1.7515173806365394,1.7515173806365394,3.067813134671884,1.0,-1,1,
2026-04-11 15:00:00+00:00,week_015,2026-04-06 04:00:00+00:00,8.997499999999999,-0.386517380636541,9.38401738063654,9.38401738063654,88.05978220008865,1.0,-1,1,
2026-04-11 16:00:00+00:00,week_015,2026-04-06 04:00:00+00:00,10.515,-0.386517380636541,10.901517380636541,10.901517380636541,118.8430812003206,1.0,-1,1,
2026-04-11 17:00:00+00:00,week_015,2026-04-06 04:00:00+00:00,6.4475,-0.386517380636541,6.834017380636541,6.834017380636541,46.70379355884233,1.0,-1,1,
2026-04-11 18:00:00+00:00,week_015,2026-04-06 04:00:00+00:00,-1.8375000000000004,-0.386517380636541,-1.4509826193634594,1.4509826193634594,2.105350561694846,-1.0,-1,1,
2026-04-11 19:00:00+00:00,week_015,2026-04-06 04:00:00+00:00,-10.93,-0.386517380636541,-10.54348261936346,10.54348261936346,111.16502574481935,-1.0,-1,1,
2026-04-11 20:00:00+00:00,week_015,2026-04-06 04:00:00+00:00,-7.549999999999997,-0.386517380636541,-7.163482619363456,7.163482619363456,51.315483237922315,-1.0,-1,1,
2026-04-11 21:00:00+00:00,week_015,2026-04-06 04:00:00+00:00,-4.27,-0.4992397622383424,-3.770760237761657,3.770760237761657,14.21863277068435,-1.0,-1,1,
2026-04-11 22:00:00+00:00,week_015,2026-04-06 04:00:00+00:00,-8.500000000000004,-0.54871927065265,-7.951280729347354,7.951280729347354,63.222865236890584,-1.0,-1,1,
2026-04-11 23:00:00+00:00,week_015,2026-04-06 04:00:00+00:00,3.1175,-0.5948027974334047,3.712302797433405,3.712302797433405,13.781192059831882,1.0,-1,1,
2026-04-12 00:00:00+00:00,week_015,2026-04-06 04:00:00+00:00,3.3800000000000026,-0.4992397622383424,3.879239762238345,3.879239762238345,15.048501132931012,1.0,-1,1,
2026-04-12 01:00:00+00:00,week_015,2026-04-06 04:00:00+00:00,7.012499999999996,-0.4992397622383424,7.511739762238338,7.511739762238338,56.426234255592476,1.0,-1,1,
2026-04-12 02:00:00+00:00,week_015,2026-04-06 04:00:00+00:00,5.1200000000000045,-0.386517380636541,5.506517380636546,5.506517380636546,30.321733663252367,1.0,-1,1,
2026-04-12 03:00:00+00:00,week_015,2026-04-06 04:00:00+00:00,40.065000000000005,-0.386517380636541,40.451517380636545,40.451517380636545,1636.3252583959404,1.0,-1,1,
2026-04-12 04:00:00+00:00,week_015,2026-04-06 04:00:00+00:00,174.3975,-0.43599688905084905,174.83349688905085,174.83349688905085,30566.751634453754,1.0,-1,1,
2026-04-12 05:00:00+00:00,week_015,2026-04-06 04:00:00+00:00,63.892500000000005,2.6801918856681897,61.21230811433182,61.21230811433182,3746.9466646838932,1.0,1,1,
2026-04-12 06:00:00+00:00,week_015,2026-04-06 04:00:00+00:00,43.9775,2.6801918856681897,41.29730811433181,41.29730811433181,1705.4676574900561,1.0,1,1,
2026-04-12 07:00:00+00:00,week_015,2026-04-06 04:00:00+00:00,21.902500000000003,2.6801918856681897,19.222308114331813,19.222308114331813,369.4971292423067,1.0,1,1,
2026-04-12 08:00:00+00:00,week_015,2026-04-06 04:00:00+00:00,8.665000000000003,2.6801918856681897,5.984808114331813,5.984808114331813,35.8179281653719,1.0,1,1,
2026-04-12 09:00:00+00:00,week_015,2026-04-06 04:00:00+00:00,2.0799999999999983,2.6801918856681897,-0.6001918856681914,0.6001918856681914,0.3602302996219393,1.0,1,1,
2026-04-12 10:00:00+00:00,week_015,2026-04-06 04:00:00+00:00,0.245000000000001,2.6801918856681897,-2.4351918856681887,2.4351918856681887,5.930159520024189,1.0,1,1,
2026-04-12 11:00:00+00:00,week_015,2026-04-06 04:00:00+00:00,3.807499999999997,2.6801918856681897,1.1273081143318073,1.1273081143318073,1.2708235846383351,1.0,1,1,
2026-04-12 12:00:00+00:00,week_015,2026-04-06 04:00:00+00:00,-1.3074999999999974,2.6801918856681897,-3.987691885668187,3.987691885668187,15.901686575023902,-1.0,1,1,
2026-04-12 13:00:00+00:00,week_015,2026-04-06 04:00:00+00:00,7.317499999999999,2.6801918856681897,4.637308114331809,4.637308114331809,21.504626547247636,1.0,1,1,
2026-04-12 14:00:00+00:00,week_015,2026-04-06 04:00:00+00:00,10.697499999999998,2.6801918856681897,8.017308114331808,8.017308114331808,64.27722940013065,1.0,1,1,
2026-04-12 15:00:00+00:00,week_015,2026-04-06 04:00:00+00:00,7.697499999999998,2.6801918856681897,5.017308114331808,5.017308114331808,25.173380714139803,1.0,1,1,
2026-04-12 16:00:00+00:00,week_015,2026-04-06 04:00:00+00:00,16.779999999999998,2.6801918856681897,14.099808114331807,14.099808114331807,198.80458886097708,1.0,1,1,
2026-04-12 17:00:00+00:00,week_015,2026-04-06 04:00:00+00:00,7.607499999999998,2.6801918856681897,4.927308114331808,4.927308114331808,24.27836525356008,1.0,1,1,
2026-04-12 18:00:00+00:00,week_015,2026-04-06 04:00:00+00:00,10.375,2.6801918856681897,7.69480811433181,7.69480811433181,59.21007191638667,1.0,1,1,
2026-04-12 19:00:00+00:00,week_015,2026-04-06 04:00:00+00:00,6.075000000000003,2.6801918856681897,3.394808114331813,3.394808114331813,11.524722133133121,1.0,1,1,
2026-04-12 20:00:00+00:00,week_015,2026-04-06 04:00:00+00:00,10.47,2.6801918856681897,7.7898081143318105,7.7898081143318105,60.68111045810972,1.0,1,1,
2026-04-12 21:00:00+00:00,week_015,2026-04-06 04:00:00+00:00,10.152499999999996,2.567469504066388,7.585030495933609,7.585030495933609,57.53268762424285,1.0,1,1,
2026-04-12 22:00:00+00:00,week_015,2026-04-06 04:00:00+00:00,18.9875,2.567469504066388,16.420030495933613,16.420030495933613,269.6174014873898,1.0,1,1,
2026-04-12 23:00:00+00:00,week_015,2026-04-06 04:00:00+00:00,4.797499999999999,2.567469504066388,2.2300304959336112,2.2300304959336112,4.973036012793908,1.0,1,1,
2026-04-13 00:00:00+00:00,week_015,2026-04-06 04:00:00+00:00,-5.875,2.567469504066388,-8.442469504066388,8.442469504066388,71.27529132709095,-1.0,1,1,
2026-04-13 01:00:00+00:00,week_015,2026-04-06 04:00:00+00:00,-13.489999999999998,2.567469504066388,-16.057469504066386,16.057469504066386,257.842326874022,-1.0,1,1,
2026-04-13 02:00:00+00:00,week_015,2026-04-06 04:00:00+00:00,-4.859999999999999,2.6801918856681897,-7.5401918856681895,7.5401918856681895,56.85449367269641,-1.0,1,1,
2026-04-13 03:00:00+00:00,week_015,2026-04-06 04:00:00+00:00,-9.985000000000005,2.6801918856681897,-12.665191885668195,12.665191885668195,160.4070855007955,-1.0,1,1,
2026-04-13 04:00:00+00:00,week_015,2026-04-06 04:00:00+00:00,-4.172499999999999,2.630712377253882,-6.803212377253882,6.803212377253882,46.28369865002041,-1.0,1,1,
2026-04-13 05:00:00+00:00,week_016,2026-04-13 04:00:00+00:00,-3.2574999999999967,-0.35509248535006066,-2.902407514649936,2.902407514649936,8.42396938109642,-1.0,-1,1,
2026-04-13 06:00:00+00:00,week_016,2026-04-13 04:00:00+00:00,-5.974999999999998,-0.35509248535006066,-5.619907514649937,5.619907514649937,31.583360473218836,-1.0,-1,1,
2026-04-13 07:00:00+00:00,week_016,2026-04-13 04:00:00+00:00,-0.2274999999999991,-0.3090510477968835,0.08155104779688443,0.08155104779688443,0.00665057339676973,-1.0,-1,1,
2026-04-13 08:00:00+00:00,week_016,2026-04-13 04:00:00+00:00,-1.004999999999999,-0.3090510477968835,-0.6959489522031155,0.6959489522031155,0.4843449440726143,-1.0,-1,1,
2026-04-13 09:00:00+00:00,week_016,2026-04-13 04:00:00+00:00,-1.1549999999999976,-0.3090510477968835,-0.8459489522031141,0.8459489522031141,0.7156296297335466,-1.0,-1,1,
2026-04-13 10:00:00+00:00,week_016,2026-04-13 04:00:00+00:00,-3.9225,-0.3090510477968835,-3.6134489522031163,3.6134489522031163,13.0570133301778,-1.0,-1,1,
2026-04-13 11:00:00+00:00,week_016,2026-04-13 04:00:00+00:00,7.315000000000001,-0.3090510477968835,7.624051047796884,7.624051047796884,58.12615437941277,1.0,-1,1,
2026-04-13 12:00:00+00:00,week_016,2026-04-13 04:00:00+00:00,2.09,-0.3090510477968835,2.3990510477968834,2.3990510477968834,5.755445929935324,1.0,-1,1,
2026-04-13 13:00:00+00:00,week_016,2026-04-13 04:00:00+00:00,-1.7800000000000011,-0.3090510477968835,-1.4709489522031176,1.4709489522031176,2.1636908199874494,-1.0,-1,1,
2026-04-13 14:00:00+00:00,week_016,2026-04-13 04:00:00+00:00,5.497500000000002,-0.3090510477968835,5.806551047796885,5.806551047796885,33.716035070671104,1.0,-1,1,
2026-04-13 15:00:00+00:00,week_016,2026-04-13 04:00:00+00:00,3.515000000000001,-0.3090510477968835,3.8240510477968845,3.8240510477968845,14.62336641615645,1.0,-1,1,
2026-04-13 16:00:00+00:00,week_016,2026-04-13 04:00:00+00:00,4.032499999999999,-0.3090510477968835,4.341551047796882,4.341551047796882,18.849065500626203,1.0,-1,1,
2026-04-13 17:00:00+00:00,week_016,2026-04-13 04:00:00+00:00,5.355,-0.3090510477968835,5.6640510477968835,5.6640510477968835,32.08147427204897,1.0,-1,1,
2026-04-13 18:00:00+00:00,week_016,2026-04-13 04:00:00+00:00,6.950000000000003,-0.3090510477968835,7.259051047796886,7.259051047796886,52.69382211452107,1.0,-1,1,
2026-04-13 19:00:00+00:00,week_016,2026-04-13 04:00:00+00:00,4.305,-0.35509248535006066,4.66009248535006,4.66009248535006,21.716461972016102,1.0,-1,1,
2026-04-13 20:00:00+00:00,week_016,2026-04-13 04:00:00+00:00,1.3000000000000007,-0.35509248535006066,1.6550924853500613,1.6550924853500613,2.7393311350622427,1.0,-1,1,
2026-04-13 21:00:00+00:00,week_016,2026-04-13 04:00:00+00:00,-16.895,-0.4165008909023594,-16.47849910909764,16.47849910909764,271.54093288853176,-1.0,-1,1,
2026-04-13 22:00:00+00:00,week_016,2026-04-13 04:00:00+00:00,1.1725000000000063,-0.4165008909023594,1.5890008909023656,1.5890008909023656,2.5249238312885116,1.0,-1,1,
2026-04-13 23:00:00+00:00,week_016,2026-04-13 04:00:00+00:00,47.2325,-0.4165008909023594,47.649000890902364,47.649000890902364,2270.4272859012144,1.0,-1,1,
2026-04-14 00:00:00+00:00,week_016,2026-04-13 04:00:00+00:00,77.14500000000001,-0.4165008909023594,77.56150089090237,77.56150089090237,6015.786420449448,1.0,-1,1,
2026-04-14 01:00:00+00:00,week_016,2026-04-13 04:00:00+00:00,96.3425,-0.3704594533491823,96.71295945334919,96.71295945334919,9353.396526225164,1.0,-1,1,
2026-04-14 02:00:00+00:00,week_016,2026-04-13 04:00:00+00:00,58.42,-1.404322754842626,59.824322754842626,59.824322754842626,3578.949593075581,1.0,-1,1,
2026-04-14 03:00:00+00:00,week_016,2026-04-13 04:00:00+00:00,-2.3299999999999983,-0.35509248535006066,-1.9749075146499377,1.9749075146499377,3.900259691420794,-1.0,-1,1,
2026-04-14 04:00:00+00:00,week_016,2026-04-13 04:00:00+00:00,1.0,-0.1425983263787505,1.1425983263787505,1.1425983263787505,1.3055309354435216,1.0,-1,1,
2026-04-14 05:00:00+00:00,week_016,2026-04-13 04:00:00+00:00,5.0825,-0.35509248535006066,5.43759248535006,5.43759248535006,29.567412036735444,1.0,-1,1,
2026-04-14 06:00:00+00:00,week_016,2026-04-13 04:00:00+00:00,1.230000000000004,-0.35509248535006066,1.5850924853500645,1.5850924853500645,2.5125181871132445,1.0,-1,1,
2026-04-14 07:00:00+00:00,week_016,2026-04-13 04:00:00+00:00,5.955000000000002,-0.35509248535006066,6.310092485350062,6.310092485350062,39.817267173671326,1.0,-1,1,
2026-04-14 08:00:00+00:00,week_016,2026-04-13 04:00:00+00:00,7.445,-0.35509248535006066,7.800092485350061,7.800092485350061,60.84144278001449,1.0,-1,1,
2026-04-14 09:00:00+00:00,week_016,2026-04-13 04:00:00+00:00,7.7925,-0.3090510477968835,8.101551047796884,8.101551047796884,65.63512938005879,1.0,-1,1,
2026-04-14 10:00:00+00:00,week_016,2026-04-13 04:00:00+00:00,2.6675000000000004,-0.3090510477968835,2.976551047796884,2.976551047796884,8.859856140140728,1.0,-1,1,
2026-04-14 11:00:00+00:00,week_016,2026-04-13 04:00:00+00:00,3.432500000000001,-0.3090510477968835,3.7415510477968845,3.7415510477968845,13.999204243269965,1.0,-1,1,
2026-04-14 12:00:00+00:00,week_016,2026-04-13 04:00:00+00:00,-0.6174999999999997,-0.3090510477968835,-0.3084489522031162,0.3084489522031162,0.09514075611520026,-1.0,-1,1,
2026-04-14 13:00:00+00:00,week_016,2026-04-13 04:00:00+00:00,-1.34,-0.3090510477968835,-1.0309489522031166,1.0309489522031166,1.062855742048704,-1.0,-1,1,
2026-04-14 14:00:00+00:00,week_016,2026-04-13 04:00:00+00:00,4.324999999999999,-0.3090510477968835,4.634051047796882,4.634051047796882,21.474429113587384,1.0,-1,1,
2026-04-14 15:00:00+00:00,week_016,2026-04-13 04:00:00+00:00,2.6099999999999994,-0.3090510477968835,2.919051047796883,2.919051047796883,8.52085901964408,1.0,-1,1,
2026-04-14 16:00:00+00:00,week_016,2026-04-13 04:00:00+00:00,-2.985000000000003,-0.3090510477968835,-2.6759489522031195,2.6759489522031195,7.160702794796973,-1.0,-1,1,
2026-04-14 17:00:00+00:00,week_016,2026-04-13 04:00:00+00:00,-5.93,-0.3090510477968835,-5.620948952203117,5.620948952203117,31.595067123273314,-1.0,-1,1,
2026-04-14 18:00:00+00:00,week_016,2026-04-13 04:00:00+00:00,-7.682500000000001,-0.3090510477968835,-7.373448952203118,7.373448952203118,54.36774945074526,-1.0,-1,1,
2026-04-14 19:00:00+00:00,week_016,2026-04-13 04:00:00+00:00,-13.982500000000002,-0.3090510477968835,-13.673448952203119,13.673448952203119,186.96320624850458,-1.0,-1,1,
2026-04-14 20:00:00+00:00,week_016,2026-04-13 04:00:00+00:00,-15.56,-0.3090510477968835,-15.250948952203117,15.250948952203117,232.59144394270535,-1.0,-1,1,
2026-04-14 21:00:00+00:00,week_016,2026-04-13 04:00:00+00:00,-4.109999999999999,-0.3704594533491823,-3.739540546650817,3.739540546650817,13.98416350004549,-1.0,-1,1,
2026-04-14 22:00:00+00:00,week_016,2026-04-13 04:00:00+00:00,3.645000000000003,-0.3704594533491823,4.015459453349186,4.015459453349186,16.12391462149134,1.0,-1,1,
2026-04-14 23:00:00+00:00,week_016,2026-04-13 04:00:00+00:00,21.085,-0.3704594533491823,21.45545945334918,21.45545945334918,460.33674035431073,1.0,-1,1,
2026-04-15 00:00:00+00:00,week_016,2026-04-13 04:00:00+00:00,-2.002500000000005,-0.3704594533491823,-1.6320405466508225,1.6320405466508225,2.6635563459123155,-1.0,-1,1,
2026-04-15 01:00:00+00:00,week_016,2026-04-13 04:00:00+00:00,-22.012500000000003,-0.4165008909023594,-21.595999109097644,21.595999109097644,466.3871775201462,-1.0,-1,1,
2026-04-15 02:00:00+00:00,week_016,2026-04-13 04:00:00+00:00,-19.505000000000003,3.708333385023116,-23.21333338502312,23.21333338502312,538.8588468442289,-1.0,1,1,
2026-04-15 03:00:00+00:00,week_016,2026-04-13 04:00:00+00:00,-17.955,-0.3090510477968835,-17.645948952203113,17.645948952203113,311.37951442375817,-1.0,-1,1,
2026-04-15 04:00:00+00:00,week_016,2026-04-13 04:00:00+00:00,-9.9875,-0.3218452058982396,-9.66565479410176,9.66565479410176,93.42488259874234,-1.0,-1,1,
2026-04-15 05:00:00+00:00,week_016,2026-04-13 04:00:00+00:00,-10.305000000000003,-0.3090510477968835,-9.99594895220312,9.99594895220312,99.91899545505066,-1.0,-1,1,
2026-04-15 06:00:00+00:00,week_016,2026-04-13 04:00:00+00:00,-2.259999999999998,-0.3090510477968835,-1.9509489522031145,1.9509489522031145,3.80620181410243,-1.0,-1,1,
2026-04-15 07:00:00+00:00,week_016,2026-04-13 04:00:00+00:00,-0.7324999999999982,-0.3090510477968835,-0.4234489522031146,0.4234489522031146,0.17930901512191566,-1.0,-1,1,
2026-04-15 08:00:00+00:00,week_016,2026-04-13 04:00:00+00:00,-1.1875,-0.3090510477968835,-0.8784489522031165,0.8784489522031165,0.7716725616267532,-1.0,-1,1,
2026-04-15 09:00:00+00:00,week_016,2026-04-13 04:00:00+00:00,-1.6575000000000024,-0.3090510477968835,-1.348448952203119,1.348448952203119,1.8183145766976891,-1.0,-1,1,
2026-04-15 10:00:00+00:00,week_016,2026-04-13 04:00:00+00:00,3.0325000000000024,-0.3090510477968835,3.341551047796886,3.341551047796886,11.165963405032466,1.0,-1,1,
2026-04-15 11:00:00+00:00,week_016,2026-04-13 04:00:00+00:00,-2.3500000000000014,-0.3090510477968835,-2.040948952203118,2.040948952203118,4.165472625499005,-1.0,-1,1,
2026-04-15 12:00:00+00:00,week_016,2026-04-13 04:00:00+00:00,-4.402499999999996,-0.3090510477968835,-4.093448952203113,4.093448952203113,16.756324324292766,-1.0,-1,1,
2026-04-15 13:00:00+00:00,week_016,2026-04-13 04:00:00+00:00,-4.212500000000002,-0.3090510477968835,-3.9034489522031186,3.9034489522031186,15.236913722455624,-1.0,-1,1,
2026-04-15 14:00:00+00:00,week_016,2026-04-13 04:00:00+00:00,-8.79,-0.3090510477968835,-8.480948952203116,8.480948952203116,71.92649512987514,-1.0,-1,1,
2026-04-15 15:00:00+00:00,week_016,2026-04-13 04:00:00+00:00,-14.2875,-0.3090510477968835,-13.978448952203117,13.978448952203117,195.3970351093484,-1.0,-1,1,
2026-04-15 16:00:00+00:00,week_016,2026-04-13 04:00:00+00:00,-11.85,-0.3090510477968835,-11.540948952203117,11.540948952203117,133.1935027173582,-1.0,-1,1,
2026-04-15 17:00:00+00:00,week_016,2026-04-13 04:00:00+00:00,-7.805,-0.3090510477968835,-7.495948952203117,7.495948952203117,56.189250694035,-1.0,-1,1,
2026-04-15 18:00:00+00:00,week_016,2026-04-13 04:00:00+00:00,-9.932499999999996,-0.3090510477968835,-9.623448952203113,9.623448952203113,92.61076973565919,-1.0,-1,1,
2026-04-15 19:00:00+00:00,week_016,2026-04-13 04:00:00+00:00,-6.02,-0.3090510477968835,-5.7109489522031165,5.7109489522031165,32.614937934669875,-1.0,-1,1,
2026-04-15 20:00:00+00:00,week_016,2026-04-13 04:00:00+00:00,-9.2875,-0.3090510477968835,-8.978448952203117,8.978448952203117,80.61254558731724,-1.0,-1,1,
2026-04-15 21:00:00+00:00,week_016,2026-04-13 04:00:00+00:00,-13.4175,-0.3704594533491823,-13.047040546650818,13.047040546650818,170.22526702595047,-1.0,-1,1,
2026-04-15 22:00:00+00:00,week_016,2026-04-13 04:00:00+00:00,-23.0775,-0.3704594533491823,-22.70704054665082,22.70704054665082,515.6096903872443,-1.0,-1,1,
2026-04-15 23:00:00+00:00,week_016,2026-04-13 04:00:00+00:00,-29.18,1.0196982076422203,-30.19969820764222,30.19969820764222,912.0217718326688,-1.0,1,1,
2026-04-16 00:00:00+00:00,week_016,2026-04-13 04:00:00+00:00,-1.5600000000000094,-0.3704594533491823,-1.189540546650827,1.189540546650827,1.4150067121263485,-1.0,-1,1,
2026-04-16 01:00:00+00:00,week_016,2026-04-13 04:00:00+00:00,25.682500000000005,-0.3704594533491823,26.052959453349185,26.052959453349185,678.7566962778567,1.0,-1,1,
2026-04-16 02:00:00+00:00,week_016,2026-04-13 04:00:00+00:00,7.739999999999995,-0.3090510477968835,8.049051047796878,8.049051047796878,64.78722277004002,1.0,-1,1,
2026-04-16 03:00:00+00:00,week_016,2026-04-13 04:00:00+00:00,-5.532500000000006,-0.35509248535006066,-5.177407514649945,5.177407514649945,26.805548572753725,-1.0,-1,1,
2026-04-16 04:00:00+00:00,week_016,2026-04-13 04:00:00+00:00,-5.105000000000004,-0.35509248535006066,-4.749907514649943,4.749907514649943,22.561621397728004,-1.0,-1,1,
2026-04-16 05:00:00+00:00,week_016,2026-04-13 04:00:00+00:00,-7.797499999999999,-0.3090510477968835,-7.488448952203116,7.488448952203116,56.07686770975195,-1.0,-1,1,
2026-04-16 06:00:00+00:00,week_016,2026-04-13 04:00:00+00:00,-10.482500000000002,-0.35509248535006066,-10.12740751464994,10.12740751464994,102.56438296778808,-1.0,-1,1,
2026-04-16 07:00:00+00:00,week_016,2026-04-13 04:00:00+00:00,-9.482499999999998,-1.404322754842626,-8.078177245157372,8.078177245157372,65.25694760417835,-1.0,-1,1,
2026-04-16 08:00:00+00:00,week_016,2026-04-13 04:00:00+00:00,-3.120000000000001,-1.404322754842626,-1.715677245157375,1.715677245157375,2.9435484095507993,-1.0,-1,1,
2026-04-16 09:00:00+00:00,week_016,2026-04-13 04:00:00+00:00,-6.212499999999999,-1.404322754842626,-4.808177245157372,4.808177245157372,23.118568420849137,-1.0,-1,1,
2026-04-16 10:00:00+00:00,week_016,2026-04-13 04:00:00+00:00,-8.857500000000002,-1.404322754842626,-7.4531772451573755,7.4531772451573755,55.549851047731686,-1.0,-1,1,
2026-04-16 11:00:00+00:00,week_016,2026-04-13 04:00:00+00:00,-13.6575,-1.404322754842626,-12.253177245157374,12.253177245157374,150.14035260124245,-1.0,-1,1,
2026-04-16 12:00:00+00:00,week_016,2026-04-13 04:00:00+00:00,-18.3525,-0.35509248535006066,-17.99740751464994,17.99740751464994,323.9066772483781,-1.0,-1,1,
2026-04-16 13:00:00+00:00,week_016,2026-04-13 04:00:00+00:00,-6.362500000000001,-0.35509248535006066,-6.00740751464994,6.00740751464994,36.08894504707257,-1.0,-1,1,
2026-04-16 14:00:00+00:00,week_016,2026-04-13 04:00:00+00:00,-0.0549999999999997,-0.3090510477968835,0.2540510477968838,0.2540510477968838,0.06454193488669455,-1.0,-1,1,
2026-04-16 15:00:00+00:00,week_016,2026-04-13 04:00:00+00:00,0.3399999999999998,-0.35509248535006066,0.6950924853500604,0.6950924853500604,0.4831535631901239,1.0,-1,1,
2026-04-16 16:00:00+00:00,week_016,2026-04-13 04:00:00+00:00,-1.254999999999999,-0.35509248535006066,-0.8999075146499383,0.8999075146499383,0.809833534923429,-1.0,-1,1,
2026-04-16 17:00:00+00:00,week_016,2026-04-13 04:00:00+00:00,-2.035,-0.35509248535006066,-1.6799075146499396,1.6799075146499396,2.822089257777337,-1.0,-1,1,
2026-04-16 18:00:00+00:00,week_016,2026-04-13 04:00:00+00:00,-5.68,-0.3090510477968835,-5.370948952203117,5.370948952203117,28.847092647171756,-1.0,-1,1,
2026-04-16 19:00:00+00:00,week_016,2026-04-13 04:00:00+00:00,-5.845000000000001,-0.35509248535006066,-5.48990751464994,5.48990751464994,30.13908451940988,-1.0,-1,1,
2026-04-16 20:00:00+00:00,week_016,2026-04-13 04:00:00+00:00,-4.19,-0.35509248535006066,-3.83490751464994,3.83490751464994,14.706515645918579,-1.0,-1,1,
2026-04-16 21:00:00+00:00,week_016,2026-04-13 04:00:00+00:00,-0.3025000000000002,-0.4165008909023594,0.11400089090235921,0.11400089090235921,0.012996203126531606,-1.0,-1,1,
2026-04-16 22:00:00+00:00,week_016,2026-04-13 04:00:00+00:00,-3.5625,-0.4165008909023594,-3.1459991090976405,3.1459991090976405,9.897310394443148,-1.0,-1,1,
2026-04-16 23:00:00+00:00,week_016,2026-04-13 04:00:00+00:00,-21.257500000000004,-0.4165008909023594,-20.840999109097645,20.840999109097645,434.3472438654088,-1.0,-1,1,
2026-04-17 00:00:00+00:00,week_016,2026-04-13 04:00:00+00:00,-41.84,-0.4165008909023594,-41.42349910909764,41.42349910909764,1715.906278441413,-1.0,-1,1,
2026-04-17 01:00:00+00:00,week_016,2026-04-13 04:00:00+00:00,-43.585,-0.4165008909023594,-43.16849910909764,43.16849910909764,1863.5193153321636,-1.0,-1,1,
2026-04-17 02:00:00+00:00,week_016,2026-04-13 04:00:00+00:00,-36.675,-1.404322754842626,-35.27067724515737,35.27067724515737,1244.020673332062,-1.0,-1,1,
2026-04-17 03:00:00+00:00,week_016,2026-04-13 04:00:00+00:00,-18.3525,-1.404322754842626,-16.948177245157375,16.948177245157375,287.24071193327023,-1.0,-1,1,
2026-04-17 04:00:00+00:00,week_016,2026-04-13 04:00:00+00:00,-10.64,-1.404322754842626,-9.235677245157374,9.235677245157374,85.29773417671771,-1.0,-1,1,
2026-04-17 05:00:00+00:00,week_016,2026-04-13 04:00:00+00:00,-6.1850000000000005,-1.404322754842626,-4.780677245157374,4.780677245157374,22.8548749223655,-1.0,-1,1,
2026-04-17 06:00:00+00:00,week_016,2026-04-13 04:00:00+00:00,-5.965,-1.404322754842626,-4.560677245157374,4.560677245157374,20.79977693449625,-1.0,-1,1,
2026-04-17 07:00:00+00:00,week_016,2026-04-13 04:00:00+00:00,-6.512499999999999,-1.404322754842626,-5.108177245157373,5.108177245157373,26.09347476794357,-1.0,-1,1,
2026-04-17 08:00:00+00:00,week_016,2026-04-13 04:00:00+00:00,-5.5725,-1.404322754842626,-4.1681772451573735,4.1681772451573735,17.373701547047713,-1.0,-1,1,
2026-04-17 09:00:00+00:00,week_016,2026-04-13 04:00:00+00:00,-4.847499999999998,-1.404322754842626,-3.443177245157372,3.443177245157372,11.85546954156951,-1.0,-1,1,
2026-04-17 10:00:00+00:00,week_016,2026-04-13 04:00:00+00:00,-6.1175000000000015,-1.404322754842626,-4.713177245157375,4.713177245157375,22.214039744269265,-1.0,-1,1,
2026-04-17 11:00:00+00:00,week_016,2026-04-13 04:00:00+00:00,-4.484999999999999,-0.35509248535006066,-4.129907514649939,4.129907514649939,17.056136079562034,-1.0,-1,1,
2026-04-17 12:00:00+00:00,week_016,2026-04-13 04:00:00+00:00,-4.884999999999998,-0.3090510477968835,-4.575948952203115,4.575948952203115,20.939308813168786,-1.0,-1,1,
2026-04-17 13:00:00+00:00,week_016,2026-04-13 04:00:00+00:00,1.7025000000000006,-0.3090510477968835,2.011551047796884,2.011551047796884,4.046337617892743,1.0,-1,1,
2026-04-17 14:00:00+00:00,week_016,2026-04-13 04:00:00+00:00,4.5025,-0.3090510477968835,4.811551047796884,4.811551047796884,23.151023485555296,1.0,-1,1,
2026-04-17 15:00:00+00:00,week_016,2026-04-13 04:00:00+00:00,4.532500000000001,-0.3090510477968835,4.841551047796884,4.841551047796884,23.4406165484231,1.0,-1,1,
2026-04-17 16:00:00+00:00,week_016,2026-04-13 04:00:00+00:00,5.877500000000001,-0.3090510477968835,6.186551047796884,6.186551047796884,38.27341386699673,1.0,-1,1,
2026-04-17 17:00:00+00:00,week_016,2026-04-13 04:00:00+00:00,7.707500000000001,-0.3090510477968835,8.016551047796884,8.016551047796884,64.26509070193333,1.0,-1,1,
2026-04-17 18:00:00+00:00,week_016,2026-04-13 04:00:00+00:00,8.655000000000001,-0.3090510477968835,8.964051047796884,8.964051047796884,80.35421118750841,1.0,-1,1,
2026-04-17 19:00:00+00:00,week_016,2026-04-13 04:00:00+00:00,3.212500000000002,-0.3090510477968835,3.5215510477968857,3.5215510477968857,12.401321782239343,1.0,-1,1,
2026-04-17 20:00:00+00:00,week_016,2026-04-13 04:00:00+00:00,0.8550000000000004,-0.3090510477968835,1.164051047796884,1.164051047796884,1.3550148418770234,1.0,-1,1,
2026-04-17 21:00:00+00:00,week_016,2026-04-13 04:00:00+00:00,-2.2425,-0.3704594533491823,-1.8720405466508179,1.8720405466508179,3.504535808304693,-1.0,-1,1,
2026-04-17 22:00:00+00:00,week_016,2026-04-13 04:00:00+00:00,-3.61,-0.3704594533491823,-3.239540546650818,3.239540546650818,10.49462295339468,-1.0,-1,1,
2026-04-17 23:00:00+00:00,week_016,2026-04-13 04:00:00+00:00,-18.48,-0.3704594533491823,-18.10954054665082,18.10954054665082,327.95545881079005,-1.0,-1,1,
2026-04-18 00:00:00+00:00,week_016,2026-04-13 04:00:00+00:00,-23.28,-0.3704594533491823,-22.90954054665082,22.90954054665082,524.8470480586379,-1.0,-1,1,
2026-04-18 01:00:00+00:00,week_016,2026-04-13 04:00:00+00:00,-26.7525,-0.3704594533491823,-26.38204054665082,26.38204054665082,696.012063405128,-1.0,-1,1,
2026-04-18 02:00:00+00:00,week_016,2026-04-13 04:00:00+00:00,-27.0,-0.3090510477968835,-26.690948952203115,26.690948952203115,712.4067559691126,-1.0,-1,1,
2026-04-18 03:00:00+00:00,week_016,2026-04-13 04:00:00+00:00,-25.187500000000004,-0.35509248535006066,-24.832407514649944,24.832407514649944,616.648462973643,-1.0,-1,1,
2026-04-18 04:00:00+00:00,week_016,2026-04-13 04:00:00+00:00,-18.85,-0.3090510477968835,-18.540948952203117,18.540948952203117,343.7667880482018,-1.0,-1,1,
2026-04-18 05:00:00+00:00,week_016,2026-04-13 04:00:00+00:00,-8.405000000000001,-0.35509248535006066,-8.04990751464994,8.04990751464994,64.80101099441757,-1.0,-1,1,
2026-04-18 06:00:00+00:00,week_016,2026-04-13 04:00:00+00:00,-12.009999999999998,-1.404322754842626,-10.605677245157372,10.605677245157372,112.48038982844886,-1.0,-1,1,
2026-04-18 07:00:00+00:00,week_016,2026-04-13 04:00:00+00:00,-8.072499999999998,-0.9989040918824652,-7.073595908117532,7.073595908117532,50.0357590713371,-1.0,-1,1,
2026-04-18 08:00:00+00:00,week_016,2026-04-13 04:00:00+00:00,-5.565,-0.35509248535006066,-5.20990751464994,5.20990751464994,27.143136311205915,-1.0,-1,1,
2026-04-18 09:00:00+00:00,week_016,2026-04-13 04:00:00+00:00,-3.0125,-0.3090510477968835,-2.7034489522031167,2.7034489522031167,7.3086362371681295,-1.0,-1,1,
2026-04-18 10:00:00+00:00,week_016,2026-04-13 04:00:00+00:00,-0.5899999999999999,-0.3090510477968835,-0.28094895220311633,0.28094895220311633,0.07893231374402894,-1.0,-1,1,
2026-04-18 11:00:00+00:00,week_016,2026-04-13 04:00:00+00:00,6.139999999999999,-0.3090510477968835,6.449051047796882,6.449051047796882,41.59025941709006,1.0,-1,1,
2026-04-18 12:00:00+00:00,week_016,2026-04-13 04:00:00+00:00,4.4125,-0.3090510477968835,4.721551047796883,4.721551047796883,22.29304429695184,1.0,-1,1,
2026-04-18 13:00:00+00:00,week_016,2026-04-13 04:00:00+00:00,-0.0775000000000005,-0.3090510477968835,0.231551047796883,0.231551047796883,0.0536158877358344,-1.0,-1,1,
2026-04-18 14:00:00+00:00,week_016,2026-04-13 04:00:00+00:00,4.364999999999998,-0.3090510477968835,4.6740510477968815,4.6740510477968815,21.846753197411125,1.0,-1,1,
2026-04-18 15:00:00+00:00,week_016,2026-04-13 04:00:00+00:00,0.3325000000000013,-0.3090510477968835,0.6415510477968849,0.6415510477968849,0.41158774692928085,1.0,-1,1,
2026-04-18 16:00:00+00:00,week_016,2026-04-13 04:00:00+00:00,-4.487500000000001,-0.3090510477968835,-4.178448952203118,4.178448952203118,17.459435646167332,-1.0,-1,1,
2026-04-18 17:00:00+00:00,week_016,2026-04-13 04:00:00+00:00,-1.1974999999999998,-0.3090510477968835,-0.8884489522031163,0.8884489522031163,0.7893415406708152,-1.0,-1,1,
2026-04-18 18:00:00+00:00,week_016,2026-04-13 04:00:00+00:00,1.4474999999999998,-0.3090510477968835,1.7565510477968833,1.7565510477968833,3.0854715835163287,1.0,-1,1,
2026-04-18 19:00:00+00:00,week_016,2026-04-13 04:00:00+00:00,6.5075,-0.3090510477968835,6.816551047796883,6.816551047796883,46.46536818722079,1.0,-1,1,
2026-04-18 20:00:00+00:00,week_016,2026-04-13 04:00:00+00:00,6.567499999999997,0.21946734321012867,6.348032656789869,6.348032656789869,40.29751861167064,1.0,1,1,
2026-04-18 21:00:00+00:00,week_016,2026-04-13 04:00:00+00:00,10.3375,0.1580589376578299,10.179441062342171,10.179441062342171,103.62102034169791,1.0,1,1,
2026-04-18 22:00:00+00:00,week_016,2026-04-13 04:00:00+00:00,4.9,0.1580589376578299,4.74194106234217,4.74194106234217,22.48600503872679,1.0,1,1,
2026-04-18 23:00:00+00:00,week_016,2026-04-13 04:00:00+00:00,0.5425000000000004,0.1580589376578299,0.3844410623421705,0.3844410623421705,0.14779493041477665,1.0,1,1,
2026-04-19 00:00:00+00:00,week_016,2026-04-13 04:00:00+00:00,12.595,0.1580589376578299,12.436941062342171,12.436941062342171,154.67750298817282,1.0,1,1,
2026-04-19 01:00:00+00:00,week_016,2026-04-13 04:00:00+00:00,27.200000000000003,-0.3704594533491823,27.570459453349184,27.570459453349184,760.1302344687714,1.0,-1,1,
2026-04-19 02:00:00+00:00,week_016,2026-04-13 04:00:00+00:00,48.5775,1.3129943951661895,47.26450560483381,47.26450560483381,2233.9334900693666,1.0,1,1,
2026-04-19 03:00:00+00:00,week_016,2026-04-13 04:00:00+00:00,37.62,2.8389285533993136,34.781071446600684,34.781071446600684,1209.7229309735415,1.0,1,1,
2026-04-19 04:00:00+00:00,week_016,2026-04-13 04:00:00+00:00,-1.730000000000004,2.8389285533993136,-4.568928553399317,4.568928553399317,20.875108126067577,-1.0,1,1,
2026-04-19 05:00:00+00:00,week_016,2026-04-13 04:00:00+00:00,6.537500000000001,1.7896982839067495,4.747801716093252,4.747801716093252,22.54162113533803,1.0,1,1,
2026-04-19 06:00:00+00:00,week_016,2026-04-13 04:00:00+00:00,5.422500000000003,1.7896982839067495,3.6328017160932538,3.6328017160932538,13.197248308450089,1.0,1,1,
2026-04-19 07:00:00+00:00,week_016,2026-04-13 04:00:00+00:00,2.6274999999999977,1.7896982839067495,0.8378017160932483,0.8378017160932483,0.7019117154887918,1.0,1,1,
2026-04-19 08:00:00+00:00,week_016,2026-04-13 04:00:00+00:00,0.144999999999996,1.7896982839067495,-1.6446982839067534,1.6446982839067534,2.70503244508582,1.0,1,1,
2026-04-19 09:00:00+00:00,week_016,2026-04-13 04:00:00+00:00,8.357500000000002,1.7896982839067495,6.5678017160932525,6.5678017160932525,43.13601938191747,1.0,1,1,
2026-04-19 10:00:00+00:00,week_016,2026-04-13 04:00:00+00:00,9.412499999999994,1.7896982839067495,7.622801716093245,7.622801716093245,58.107106002874126,1.0,1,1,
2026-04-19 11:00:00+00:00,week_016,2026-04-13 04:00:00+00:00,17.14,1.7896982839067495,15.35030171609325,15.35030171609325,235.63176277509538,1.0,1,1,
2026-04-19 12:00:00+00:00,week_016,2026-04-13 04:00:00+00:00,42.47749999999999,1.9378375428727235,40.53966245712727,40.53966245712727,1643.4642321378144,1.0,1,1,
2026-04-19 13:00:00+00:00,week_016,2026-04-13 04:00:00+00:00,-4.51,1.7896982839067495,-6.299698283906749,6.299698283906749,39.686198468257636,-1.0,1,1,
2026-04-19 14:00:00+00:00,week_016,2026-04-13 04:00:00+00:00,-5.6000000000000005,1.7896982839067495,-7.38969828390675,7.38969828390675,54.60764072717436,-1.0,1,1,
2026-04-19 15:00:00+00:00,week_016,2026-04-13 04:00:00+00:00,-2.1725,1.1590401730091582,-3.331540173009158,3.331540173009158,11.099159924373891,-1.0,1,1,
2026-04-19 16:00:00+00:00,week_016,2026-04-13 04:00:00+00:00,-2.245,1.1590401730091582,-3.4040401730091583,3.4040401730091583,11.58748949946022,-1.0,1,1,
2026-04-19 17:00:00+00:00,week_016,2026-04-13 04:00:00+00:00,-4.2700000000000005,1.1590401730091582,-5.429040173009159,5.429040173009159,29.474477200147316,-1.0,1,1,
2026-04-19 18:00:00+00:00,week_016,2026-04-13 04:00:00+00:00,-5.1025,0.7634238492997885,-5.865923849299788,5.865923849299788,34.409062605784044,-1.0,1,1,
2026-04-19 19:00:00+00:00,week_016,2026-04-13 04:00:00+00:00,-6.77,-1.404322754842626,-5.365677245157373,5.365677245157373,28.79049229919962,-1.0,-1,1,
2026-04-19 20:00:00+00:00,week_016,2026-04-13 04:00:00+00:00,-5.6375,-1.404322754842626,-4.233177245157374,4.233177245157374,17.919789588918174,-1.0,-1,1,
2026-04-19 21:00:00+00:00,week_016,2026-04-13 04:00:00+00:00,-5.380000000000001,-1.4657311603949246,-3.914268839605076,3.914268839605076,15.321500548703268,-1.0,-1,1,
2026-04-19 22:00:00+00:00,week_016,2026-04-13 04:00:00+00:00,-1.9225,-1.4657311603949246,-0.4567688396050755,0.4567688396050755,0.2086377728341672,-1.0,-1,1,
2026-04-19 23:00:00+00:00,week_016,2026-04-13 04:00:00+00:00,3.93,0.11201750010465278,3.8179824998953475,3.8179824998953475,14.576990369507127,1.0,1,1,
2026-04-20 00:00:00+00:00,week_016,2026-04-13 04:00:00+00:00,4.215000000000003,-1.4657311603949246,5.680731160394928,5.680731160394928,32.270706516681905,1.0,-1,1,
2026-04-20 01:00:00+00:00,week_016,2026-04-13 04:00:00+00:00,4.557499999999997,-1.4657311603949246,6.023231160394922,6.023231160394922,36.27931361155236,1.0,-1,1,
2026-04-20 02:00:00+00:00,week_016,2026-04-13 04:00:00+00:00,-10.509999999999998,-0.35509248535006066,-10.154907514649937,10.154907514649937,103.12214663109376,-1.0,-1,1,
2026-04-20 03:00:00+00:00,week_016,2026-04-13 04:00:00+00:00,-11.2475,-0.35509248535006066,-10.892407514649939,10.892407514649939,118.64454146520247,-1.0,-1,1,
2026-04-20 04:00:00+00:00,week_016,2026-04-13 04:00:00+00:00,-1.962500000000002,0.7634238492997885,-2.7259238492997904,2.7259238492997904,7.4306608321813865,-1.0,1,1,
2026-04-20 05:00:00+00:00,week_017,2026-04-20 04:00:00+00:00,1.7699999999999996,-1.4734687038476861,3.243468703847686,3.243468703847686,10.520089232839387,1.0,-1,1,
2026-04-20 06:00:00+00:00,week_017,2026-04-20 04:00:00+00:00,-0.764999999999997,1.1044324799759024,-1.8694324799758995,1.8694324799758995,3.4947777971888416,-1.0,1,1,
2026-04-20 07:00:00+00:00,week_017,2026-04-20 04:00:00+00:00,-7.967499999999998,2.968210728552938,-10.935710728552936,10.935710728552936,119.58976913858778,-1.0,1,1,
2026-04-20 08:00:00+00:00,week_017,2026-04-20 04:00:00+00:00,-15.59,2.4383164146040115,-18.02831641460401,18.02831641460401,325.0201927450804,-1.0,1,1,
2026-04-20 09:00:00+00:00,week_017,2026-04-20 04:00:00+00:00,-15.1725,3.1060606617112607,-18.27856066171126,18.27856066171126,334.1057798638584,-1.0,1,1,
2026-04-20 10:00:00+00:00,week_017,2026-04-20 04:00:00+00:00,-18.3825,-0.13958476921957721,-18.242915230780422,18.242915230780422,332.8039561174403,-1.0,-1,1,
2026-04-20 11:00:00+00:00,week_017,2026-04-20 04:00:00+00:00,1.4225000000000063,3.0128597456009794,-1.590359745600973,1.590359745600973,2.529244120427992,1.0,1,1,
2026-04-20 12:00:00+00:00,week_017,2026-04-20 04:00:00+00:00,4.887500000000003,0.6744981977429956,4.213001802257008,4.213001802257008,17.749384185820794,1.0,1,1,
2026-04-20 13:00:00+00:00,week_017,2026-04-20 04:00:00+00:00,109.21249999999998,3.252399381566582,105.9601006184334,105.9601006184334,11227.542923068531,1.0,1,1,
2026-04-20 14:00:00+00:00,week_017,2026-04-20 04:00:00+00:00,41.0125,-0.3579375534393068,41.37043755343931,41.37043755343931,1711.5131033630214,1.0,-1,1,
2026-04-20 15:00:00+00:00,week_017,2026-04-20 04:00:00+00:00,33.36749999999999,-0.3579375534393068,33.7254375534393,33.7254375534393,1137.4051381709337,1.0,-1,1,
2026-04-20 16:00:00+00:00,week_017,2026-04-20 04:00:00+00:00,9.854999999999997,-0.3579375534393068,10.212937553439303,10.212937553439303,104.30409347045078,1.0,-1,1,
2026-04-20 17:00:00+00:00,week_017,2026-04-20 04:00:00+00:00,7.4475,-0.3579375534393068,7.805437553439306,7.805437553439306,60.92485540064058,1.0,-1,1,
2026-04-20 18:00:00+00:00,week_017,2026-04-20 04:00:00+00:00,5.727499999999999,-0.4027313432193622,6.130231343219362,6.130231343219362,37.579736321389056,1.0,-1,1,
2026-04-20 19:00:00+00:00,week_017,2026-04-20 04:00:00+00:00,13.805,-0.3579375534393068,14.162937553439306,14.162937553439306,200.58880014262135,1.0,-1,1,
2026-04-20 20:00:00+00:00,week_017,2026-04-20 04:00:00+00:00,20.0775,-0.3579375534393068,20.435437553439307,20.435437553439307,417.6071080005175,1.0,-1,1,
2026-04-20 21:00:00+00:00,week_017,2026-04-20 04:00:00+00:00,19.87,-0.3579375534393068,20.227937553439308,20.227937553439308,409.1694576658402,1.0,-1,1,
2026-04-20 22:00:00+00:00,week_017,2026-04-20 04:00:00+00:00,26.255000000000003,-0.3579375534393068,26.61293755343931,26.61293755343931,708.2484452232602,1.0,-1,1,
2026-04-20 23:00:00+00:00,week_017,2026-04-20 04:00:00+00:00,11.012500000000005,-0.3579375534393068,11.370437553439311,11.370437553439311,129.28685015666295,1.0,-1,1,
2026-04-21 00:00:00+00:00,week_017,2026-04-20 04:00:00+00:00,15.9925,-0.4027313432193622,16.39523134321936,16.39523134321936,268.80361079768255,1.0,-1,1,
2026-04-21 01:00:00+00:00,week_017,2026-04-20 04:00:00+00:00,11.0775,-0.4027313432193622,11.480231343219362,11.480231343219362,131.79571169383624,1.0,-1,1,
2026-04-21 02:00:00+00:00,week_017,2026-04-20 04:00:00+00:00,-5.327500000000001,-1.434985979543587,-3.8925140204564137,3.8925140204564137,15.151665399449755,-1.0,-1,1,
2026-04-21 03:00:00+00:00,week_017,2026-04-20 04:00:00+00:00,-4.167499999999997,-1.434985979543587,-2.73251402045641,2.73251402045641,7.4666328719908535,-1.0,-1,1,
2026-04-21 04:00:00+00:00,week_017,2026-04-20 04:00:00+00:00,1.7575000000000038,-0.4027313432193622,2.1602313432193663,2.1602313432193663,4.666599456227347,1.0,-1,1,
2026-04-21 05:00:00+00:00,week_017,2026-04-20 04:00:00+00:00,7.290000000000003,-0.3579375534393068,7.647937553439309,7.647937553439309,58.49094882130725,1.0,-1,1,
2026-04-21 06:00:00+00:00,week_017,2026-04-20 04:00:00+00:00,10.3975,-0.3579375534393068,10.755437553439307,10.755437553439307,115.67943696593251,1.0,-1,1,
2026-04-21 07:00:00+00:00,week_017,2026-04-20 04:00:00+00:00,13.215000000000003,-0.3579375534393068,13.57293755343931,13.57293755343931,184.2246338295631,1.0,-1,1,
2026-04-21 08:00:00+00:00,week_017,2026-04-20 04:00:00+00:00,7.682499999999997,-0.3579375534393068,8.040437553439304,8.040437553439304,64.64863605075702,1.0,-1,1,
2026-04-21 09:00:00+00:00,week_017,2026-04-20 04:00:00+00:00,8.630000000000003,-0.21159883358398543,8.841598833583989,8.841598833583989,78.17386993403375,1.0,-1,1,
2026-04-21 10:00:00+00:00,week_017,2026-04-20 04:00:00+00:00,9.775,-0.21159883358398543,9.986598833583987,9.986598833583987,99.73215626294105,1.0,-1,1,
2026-04-21 11:00:00+00:00,week_017,2026-04-20 04:00:00+00:00,-2.697499999999998,0.07718160531304619,-2.7746816053130443,2.7746816053130443,7.698858010862573,-1.0,1,1,
2026-04-21 12:00:00+00:00,week_017,2026-04-20 04:00:00+00:00,-6.807499999999997,0.07718160531304619,-6.884681605313044,6.884681605313044,47.39884080653579,-1.0,1,1,
2026-04-21 13:00:00+00:00,week_017,2026-04-20 04:00:00+00:00,-35.18000000000001,0.08895026226394587,-35.26895026226395,35.26895026226395,1243.8988526020482,-1.0,1,1,
2026-04-21 14:00:00+00:00,week_017,2026-04-20 04:00:00+00:00,-7.094999999999999,-0.21159883358398543,-6.8834011664160135,6.8834011664160135,47.381211617817335,-1.0,-1,1,
2026-04-21 15:00:00+00:00,week_017,2026-04-20 04:00:00+00:00,6.274999999999999,-0.16382916080588042,6.438829160805879,6.438829160805879,41.45852096204414,1.0,-1,1,
2026-04-21 16:00:00+00:00,week_017,2026-04-20 04:00:00+00:00,1.8874999999999995,-0.16382916080588042,2.05132916080588,2.05132916080588,4.207951325972556,1.0,-1,1,
2026-04-21 17:00:00+00:00,week_017,2026-04-20 04:00:00+00:00,0.6875,-0.16382916080588042,0.8513291608058804,0.8513291608058804,0.7247613400384445,1.0,-1,1,
2026-04-21 18:00:00+00:00,week_017,2026-04-20 04:00:00+00:00,2.567499999999999,-0.16382916080588042,2.7313291608058794,2.7313291608058794,7.460158984668549,1.0,-1,1,
2026-04-21 19:00:00+00:00,week_017,2026-04-20 04:00:00+00:00,3.674999999999997,-0.3579375534393068,4.032937553439304,4.032937553439304,16.264585309940998,1.0,-1,1,
2026-04-21 20:00:00+00:00,week_017,2026-04-20 04:00:00+00:00,3.580000000000002,-0.3579375534393068,3.9379375534393084,3.9379375534393084,15.507352174787567,1.0,-1,1,
2026-04-21 21:00:00+00:00,week_017,2026-04-20 04:00:00+00:00,10.332499999999996,-0.3579375534393068,10.690437553439303,10.690437553439303,114.2854550839853,1.0,-1,1,
2026-04-21 22:00:00+00:00,week_017,2026-04-20 04:00:00+00:00,-1.1400000000000006,-0.3579375534393068,-0.7820624465606938,0.7820624465606938,0.6116216703204981,-1.0,-1,1,
2026-04-21 23:00:00+00:00,week_017,2026-04-20 04:00:00+00:00,-14.665,-0.3579375534393068,-14.307062446560693,14.307062446560693,204.69203584978723,-1.0,-1,1,
2026-04-22 00:00:00+00:00,week_017,2026-04-20 04:00:00+00:00,-19.2225,-0.3579375534393068,-18.864562446560694,18.864562446560694,355.871716300188,-1.0,-1,1,
2026-04-22 01:00:00+00:00,week_017,2026-04-20 04:00:00+00:00,-6.357500000000002,-0.3579375534393068,-5.999562446560695,5.999562446560695,35.99474955018135,-1.0,-1,1,
2026-04-22 02:00:00+00:00,week_017,2026-04-20 04:00:00+00:00,-7.435000000000002,-0.3579375534393068,-7.077062446560696,7.077062446560696,50.08481287251966,-1.0,-1,1,
2026-04-22 03:00:00+00:00,week_017,2026-04-20 04:00:00+00:00,-0.5749999999999993,-0.3579375534393068,-0.2170624465606925,0.2170624465606925,0.04711610570691349,-1.0,-1,1,
2026-04-22 04:00:00+00:00,week_017,2026-04-20 04:00:00+00:00,5.802500000000002,-0.3579375534393068,6.1604375534393085,6.1604375534393085,37.950990849825295,1.0,-1,1,
2026-04-22 05:00:00+00:00,week_017,2026-04-20 04:00:00+00:00,3.442499999999999,-0.3579375534393068,3.8004375534393056,3.8004375534393056,14.443325597591734,1.0,-1,1,
2026-04-22 06:00:00+00:00,week_017,2026-04-20 04:00:00+00:00,-0.3725000000000023,-0.3579375534393068,-0.014562446560695497,0.014562446560695497,0.0002120648498331121,-1.0,-1,1,
2026-04-22 07:00:00+00:00,week_017,2026-04-20 04:00:00+00:00,-3.3800000000000026,-0.3579375534393068,-3.022062446560696,3.022062446560696,9.132861430912419,-1.0,-1,1,
2026-04-22 08:00:00+00:00,week_017,2026-04-20 04:00:00+00:00,-4.337499999999999,-0.3579375534393068,-3.979562446560692,3.979562446560692,15.83691726607612,-1.0,-1,1,
2026-04-22 09:00:00+00:00,week_017,2026-04-20 04:00:00+00:00,-0.6124999999999972,-0.16382916080588042,-0.44867083919411677,0.44867083919411677,0.201305521943153,-1.0,-1,1,
2026-04-22 10:00:00+00:00,week_017,2026-04-20 04:00:00+00:00,-4.019999999999996,-0.16382916080588042,-3.8561708391941156,3.8561708391941156,14.87005354105105,-1.0,-1,1,
2026-04-22 11:00:00+00:00,week_017,2026-04-20 04:00:00+00:00,-10.269999999999996,-0.16382916080588042,-10.106170839194116,10.106170839194116,102.1346890309775,-1.0,-1,1,
2026-04-22 12:00:00+00:00,week_017,2026-04-20 04:00:00+00:00,-12.4,-0.16382916080588042,-12.23617083919412,12.23617083919412,149.72387680594454,-1.0,-1,1,
2026-04-22 13:00:00+00:00,week_017,2026-04-20 04:00:00+00:00,-10.6525,-0.16382916080588042,-10.48867083919412,10.48867083919412,110.01221597296107,-1.0,-1,1,
2026-04-22 14:00:00+00:00,week_017,2026-04-20 04:00:00+00:00,-2.392500000000002,-0.16382916080588042,-2.2286708391941215,2.2286708391941215,4.96697370947423,-1.0,-1,1,
2026-04-22 15:00:00+00:00,week_017,2026-04-20 04:00:00+00:00,-2.077499999999997,-0.16382916080588042,-1.9136708391941166,1.9136708391941166,3.6621360807819148,-1.0,-1,1,
2026-04-22 16:00:00+00:00,week_017,2026-04-20 04:00:00+00:00,-0.8625000000000007,-0.16382916080588042,-0.6986708391941203,0.6986708391941203,0.4881409415402163,-1.0,-1,1,
2026-04-22 17:00:00+00:00,week_017,2026-04-20 04:00:00+00:00,-0.7024999999999988,-0.16382916080588042,-0.5386708391941184,0.5386708391941184,0.2901662729980958,-1.0,-1,1,
2026-04-22 18:00:00+00:00,week_017,2026-04-20 04:00:00+00:00,-0.5250000000000004,-0.16382916080588042,-0.36117083919411996,0.36117083919411996,0.13044437508418485,-1.0,-1,1,
2026-04-22 19:00:00+00:00,week_017,2026-04-20 04:00:00+00:00,-3.4224999999999994,-0.3579375534393068,-3.064562446560693,3.064562446560693,9.391542988870059,-1.0,-1,1,
2026-04-22 20:00:00+00:00,week_017,2026-04-20 04:00:00+00:00,-13.4325,-0.3579375534393068,-13.074562446560693,13.074562446560693,170.94418316901513,-1.0,-1,1,
2026-04-22 21:00:00+00:00,week_017,2026-04-20 04:00:00+00:00,-14.3775,-0.3579375534393068,-14.019562446560693,14.019562446560693,196.54813119301485,-1.0,-1,1,
2026-04-22 22:00:00+00:00,week_017,2026-04-20 04:00:00+00:00,-20.2425,-0.3579375534393068,-19.884562446560693,19.884562446560693,395.39582369117176,-1.0,-1,1,
2026-04-22 23:00:00+00:00,week_017,2026-04-20 04:00:00+00:00,-17.412499999999998,-0.3579375534393068,-17.05456244656069,17.05456244656069,290.8581002436382,-1.0,-1,1,
2026-04-23 00:00:00+00:00,week_017,2026-04-20 04:00:00+00:00,-14.975,-0.4027313432193622,-14.572268656780638,14.572268656780638,212.35101380539137,-1.0,-1,1,
2026-04-23 01:00:00+00:00,week_017,2026-04-20 04:00:00+00:00,-7.877500000000001,-0.4027313432193622,-7.474768656780639,7.474768656780639,55.872166472390234,-1.0,-1,1,
2026-04-23 02:00:00+00:00,week_017,2026-04-20 04:00:00+00:00,-15.8425,-0.4027313432193622,-15.439768656780638,15.439768656780638,238.3864561749058,-1.0,-1,1,
2026-04-23 03:00:00+00:00,week_017,2026-04-20 04:00:00+00:00,-3.745000000000001,-0.4027313432193622,-3.3422686567806386,3.3422686567806386,11.170759774098254,-1.0,-1,1,
2026-04-23 04:00:00+00:00,week_017,2026-04-20 04:00:00+00:00,-1.3550000000000004,-0.4027313432193622,-0.9522686567806382,0.9522686567806382,0.906815594686801,-1.0,-1,1,
2026-04-23 05:00:00+00:00,week_017,2026-04-20 04:00:00+00:00,-2.3200000000000003,2.4818197986943225,-4.801819798694323,4.801819798694323,23.05747337913279,-1.0,1,1,
2026-04-23 06:00:00+00:00,week_017,2026-04-20 04:00:00+00:00,-2.0075000000000003,2.4818197986943225,-4.489319798694323,4.489319798694323,20.15399225494884,-1.0,1,1,
2026-04-23 07:00:00+00:00,week_017,2026-04-20 04:00:00+00:00,-1.5524999999999984,3.4397780997193608,-4.992278099719359,4.992278099719359,24.922840624937532,-1.0,1,1,
2026-04-23 08:00:00+00:00,week_017,2026-04-20 04:00:00+00:00,-1.0600000000000025,3.4397780997193608,-4.4997780997193635,4.4997780997193635,20.248002946714006,-1.0,1,1,
2026-04-23 09:00:00+00:00,week_017,2026-04-20 04:00:00+00:00,-1.1024999999999991,3.4397780997193608,-4.5422780997193595,4.5422780997193595,20.632290335190117,-1.0,1,1,
2026-04-23 10:00:00+00:00,week_017,2026-04-20 04:00:00+00:00,0.4599999999999973,3.4397780997193608,-2.9797780997193635,2.9797780997193635,8.87907752356714,1.0,1,1,
2026-04-23 11:00:00+00:00,week_017,2026-04-20 04:00:00+00:00,4.9375,3.4397780997193608,1.4977219002806392,1.4977219002806392,2.243170890580249,1.0,1,1,
2026-04-23 12:00:00+00:00,week_017,2026-04-20 04:00:00+00:00,1.6125000000000007,3.4397780997193608,-1.82727809971936,1.82727809971936,3.3389452537139954,1.0,1,1,
2026-04-23 13:00:00+00:00,week_017,2026-04-20 04:00:00+00:00,-1.7650000000000006,3.4397780997193608,-5.204778099719361,5.204778099719361,27.08971506731828,-1.0,1,1,
2026-04-23 14:00:00+00:00,week_017,2026-04-20 04:00:00+00:00,1.5649999999999975,3.4397780997193608,-1.8747780997193633,1.8747780997193633,3.514792923187347,1.0,1,1,
2026-04-23 15:00:00+00:00,week_017,2026-04-20 04:00:00+00:00,2.2524999999999977,3.4397780997193608,-1.187278099719363,1.187278099719363,1.4096292860732218,1.0,1,1,
2026-04-23 16:00:00+00:00,week_017,2026-04-20 04:00:00+00:00,1.977500000000001,3.4397780997193608,-1.4622780997193598,1.4622780997193598,2.138257240918862,1.0,1,1,
2026-04-23 17:00:00+00:00,week_017,2026-04-20 04:00:00+00:00,2.129999999999999,3.4397780997193608,-1.3097780997193618,1.3097780997193618,1.7155186705044623,1.0,1,1,
2026-04-23 18:00:00+00:00,week_017,2026-04-20 04:00:00+00:00,-2.4450000000000003,3.4397780997193608,-5.884778099719361,5.884778099719361,34.63061328293661,-1.0,1,1,
2026-04-23 19:00:00+00:00,week_017,2026-04-20 04:00:00+00:00,-6.2125,3.4397780997193608,-9.65227809971936,9.65227809971936,93.166472514322,-1.0,1,1,
2026-04-23 20:00:00+00:00,week_017,2026-04-20 04:00:00+00:00,-7.415000000000001,3.4397780997193608,-10.854778099719361,10.854778099719361,117.82620759414706,-1.0,1,1,
2026-04-23 21:00:00+00:00,week_017,2026-04-20 04:00:00+00:00,-6.515000000000001,3.4397780997193608,-9.954778099719361,9.954778099719361,99.09760701465221,-1.0,1,1,
2026-04-23 22:00:00+00:00,week_017,2026-04-20 04:00:00+00:00,-8.7625,3.4397780997193608,-12.20227809971936,12.20227809971936,148.8955908228907,-1.0,1,1,
2026-04-23 23:00:00+00:00,week_017,2026-04-20 04:00:00+00:00,-6.807500000000001,3.4397780997193608,-10.247278099719361,10.247278099719361,105.00670845298805,-1.0,1,1,
2026-04-24 00:00:00+00:00,week_017,2026-04-20 04:00:00+00:00,-15.074999999999996,3.4397780997193608,-18.514778099719358,18.514778099719358,342.79700808184754,-1.0,1,1,
2026-04-24 01:00:00+00:00,week_017,2026-04-20 04:00:00+00:00,-13.0425,3.4397780997193608,-16.482278099719363,16.482278099719363,271.66549135648853,-1.0,1,1,
2026-04-24 02:00:00+00:00,week_017,2026-04-20 04:00:00+00:00,-17.5575,3.4397780997193608,-20.997278099719363,20.997278099719363,440.88568759695437,-1.0,1,1,
2026-04-24 03:00:00+00:00,week_017,2026-04-20 04:00:00+00:00,-13.305,3.4397780997193608,-16.744778099719362,16.744778099719362,280.38759360884114,-1.0,1,1,
2026-04-24 04:00:00+00:00,week_017,2026-04-20 04:00:00+00:00,-7.232500000000002,3.4397780997193608,-10.672278099719362,10.672278099719362,113.89751983774951,-1.0,1,1,
2026-04-24 05:00:00+00:00,week_017,2026-04-20 04:00:00+00:00,-7.702500000000002,-0.3579375534393068,-7.344562446560696,7.344562446560696,53.942597531429634,-1.0,-1,1,
2026-04-24 06:00:00+00:00,week_017,2026-04-20 04:00:00+00:00,-6.869999999999997,-0.4027313432193622,-6.467268656780635,6.467268656780635,41.8255638789772,-1.0,-1,1,
2026-04-24 07:00:00+00:00,week_017,2026-04-20 04:00:00+00:00,-6.575000000000001,-0.4027313432193622,-6.172268656780639,6.172268656780639,38.09690037147667,-1.0,-1,1,
2026-04-24 08:00:00+00:00,week_017,2026-04-20 04:00:00+00:00,-4.274999999999999,-0.3579375534393068,-3.917062446560692,3.917062446560692,15.343378210256034,-1.0,-1,1,
2026-04-24 09:00:00+00:00,week_017,2026-04-20 04:00:00+00:00,-6.055,-0.3579375534393068,-5.697062446560693,5.697062446560693,32.45652052001211,-1.0,-1,1,
2026-04-24 10:00:00+00:00,week_017,2026-04-20 04:00:00+00:00,-7.560000000000002,-0.3579375534393068,-7.202062446560696,7.202062446560696,51.869703484159835,-1.0,-1,1,
2026-04-24 11:00:00+00:00,week_017,2026-04-20 04:00:00+00:00,-20.7425,-0.3579375534393068,-20.384562446560693,20.384562446560693,415.5303861377325,-1.0,-1,1,
2026-04-24 12:00:00+00:00,week_017,2026-04-20 04:00:00+00:00,-17.08,-0.3579375534393068,-16.72206244656069,16.72206244656069,279.62737246667535,-1.0,-1,1,
2026-04-24 13:00:00+00:00,week_017,2026-04-20 04:00:00+00:00,-16.0625,-0.3579375534393068,-15.704562446560693,15.704562446560693,246.6332816379244,-1.0,-1,1,
2026-04-24 14:00:00+00:00,week_017,2026-04-20 04:00:00+00:00,-21.7525,-0.3579375534393068,-21.394562446560695,21.394562446560695,457.72730227978514,-1.0,-1,1,
2026-04-24 15:00:00+00:00,week_017,2026-04-20 04:00:00+00:00,-24.1225,-0.3579375534393068,-23.764562446560692,23.764562446560692,564.7544282764827,-1.0,-1,1,
2026-04-24 16:00:00+00:00,week_017,2026-04-20 04:00:00+00:00,-23.5625,-0.3579375534393068,-23.204562446560693,23.204562446560693,538.4517183363348,-1.0,-1,1,
2026-04-24 17:00:00+00:00,week_017,2026-04-20 04:00:00+00:00,-20.6625,-0.3579375534393068,-20.304562446560695,20.304562446560695,412.27525614628286,-1.0,-1,1,
2026-04-24 18:00:00+00:00,week_017,2026-04-20 04:00:00+00:00,-16.08,-0.3751026536359855,-15.704897346364012,15.704897346364012,246.64380065983138,-1.0,-1,1,
2026-04-24 19:00:00+00:00,week_017,2026-04-20 04:00:00+00:00,-12.1825,-0.4027313432193622,-11.779768656780638,11.779768656780638,138.7629496072715,-1.0,-1,1,
2026-04-24 20:00:00+00:00,week_017,2026-04-20 04:00:00+00:00,10.629999999999995,-0.4027313432193622,11.032731343219357,11.032731343219357,121.7211608916548,1.0,-1,1,
2026-04-24 21:00:00+00:00,week_017,2026-04-20 04:00:00+00:00,9.105000000000004,-1.434985979543587,10.53998597954359,10.53998597954359,111.09130444897546,1.0,-1,1,
2026-04-24 22:00:00+00:00,week_017,2026-04-20 04:00:00+00:00,-19.285,-0.4027313432193622,-18.88226865678064,18.88226865678064,356.5400696268405,-1.0,-1,1,
2026-04-24 23:00:00+00:00,week_017,2026-04-20 04:00:00+00:00,71.9325,-1.4734687038476861,73.40596870384769,73.40596870384769,5388.436241350267,1.0,-1,1,
2026-04-25 00:00:00+00:00,week_017,2026-04-20 04:00:00+00:00,433.6925,-1.4734687038476861,435.1659687038477,435.1659687038477,189369.42031795814,1.0,-1,1,
2026-04-25 01:00:00+00:00,week_017,2026-04-20 04:00:00+00:00,354.5675,1.673051109744015,352.894448890256,352.894448890256,124534.49205755751,1.0,1,1,
2026-04-25 02:00:00+00:00,week_017,2026-04-20 04:00:00+00:00,-53.954999999999984,-1.1981394506746932,-52.75686054932529,52.75686054932529,2783.286335020955,-1.0,-1,1,
2026-04-25 03:00:00+00:00,week_017,2026-04-20 04:00:00+00:00,-67.0225,-1.3923964241583928,-65.6301035758416,65.6301035758416,4307.3104953756965,-1.0,-1,1,
2026-04-25 04:00:00+00:00,week_017,2026-04-20 04:00:00+00:00,-21.0575,-0.4027313432193622,-20.65476865678064,20.65476865678064,426.6194682651279,-1.0,-1,1,
2026-04-25 05:00:00+00:00,week_017,2026-04-20 04:00:00+00:00,-3.6625000000000014,-0.4027313432193622,-3.259768656780639,3.259768656780639,10.626091695729452,-1.0,-1,1,
2026-04-25 06:00:00+00:00,week_017,2026-04-20 04:00:00+00:00,0.1174999999999997,-1.4734687038476861,1.5909687038476859,1.5909687038476859,2.5311814166227857,1.0,-1,1,
2026-04-25 07:00:00+00:00,week_017,2026-04-20 04:00:00+00:00,3.990000000000002,-1.4734687038476861,5.463468703847688,5.463468703847688,29.849490277923138,1.0,-1,1,
2026-04-25 08:00:00+00:00,week_017,2026-04-20 04:00:00+00:00,4.182500000000001,-1.4734687038476861,5.655968703847687,5.655968703847687,31.98998197890449,1.0,-1,1,
2026-04-25 09:00:00+00:00,week_017,2026-04-20 04:00:00+00:00,6.4375,-0.4027313432193622,6.840231343219362,6.840231343219362,46.78876482876056,1.0,-1,1,
2026-04-25 10:00:00+00:00,week_017,2026-04-20 04:00:00+00:00,6.5425,-0.4027313432193622,6.945231343219363,6.945231343219363,48.236238410836634,1.0,-1,1,
2026-04-25 11:00:00+00:00,week_017,2026-04-20 04:00:00+00:00,1.787499999999998,-0.4027313432193622,2.1902313432193603,2.1902313432193603,4.797113336820483,1.0,-1,1,
2026-04-25 12:00:00+00:00,week_017,2026-04-20 04:00:00+00:00,6.065000000000001,-0.3579375534393068,6.422937553439308,6.422937553439308,41.25412681538092,1.0,-1,1,
2026-04-25 13:00:00+00:00,week_017,2026-04-20 04:00:00+00:00,6.684999999999999,-0.3579375534393068,7.042937553439305,7.042937553439305,49.60296938164563,1.0,-1,1,
2026-04-25 14:00:00+00:00,week_017,2026-04-20 04:00:00+00:00,7.225,-0.3579375534393068,7.582937553439306,7.582937553439306,57.50094193936009,1.0,-1,1,
2026-04-25 15:00:00+00:00,week_017,2026-04-20 04:00:00+00:00,7.857499999999998,-0.3579375534393068,8.215437553439305,8.215437553439305,67.49341419446078,1.0,-1,1,
2026-04-25 16:00:00+00:00,week_017,2026-04-20 04:00:00+00:00,5.870000000000001,-0.3579375534393068,6.2279375534393075,6.2279375534393075,38.78720616953959,1.0,-1,1,
2026-04-25 17:00:00+00:00,week_017,2026-04-20 04:00:00+00:00,6.537500000000001,-0.3579375534393068,6.895437553439308,6.895437553439308,47.54705905338107,1.0,-1,1,
2026-04-25 18:00:00+00:00,week_017,2026-04-20 04:00:00+00:00,4.897500000000001,-0.3579375534393068,5.255437553439307,5.255437553439307,27.619623878100132,1.0,-1,1,
2026-04-25 19:00:00+00:00,week_017,2026-04-20 04:00:00+00:00,17.58,-0.4027313432193622,17.98273134321936,17.98273134321936,323.37862656240395,1.0,-1,1,
2026-04-25 20:00:00+00:00,week_017,2026-04-20 04:00:00+00:00,9.545000000000002,-0.4027313432193622,9.947731343219363,9.947731343219363,98.95735887686892,1.0,-1,1,
2026-04-25 21:00:00+00:00,week_017,2026-04-20 04:00:00+00:00,8.1075,-0.3579375534393068,8.465437553439306,8.465437553439306,71.66363297118048,1.0,-1,1,
2026-04-25 22:00:00+00:00,week_017,2026-04-20 04:00:00+00:00,36.535,-0.3579375534393068,36.8929375534393,36.8929375534393,1361.088841321972,1.0,-1,1,
2026-04-25 23:00:00+00:00,week_017,2026-04-20 04:00:00+00:00,68.065,2.392698246114437,65.67230175388556,65.67230175388556,4312.8512176534,1.0,1,1,
2026-04-26 00:00:00+00:00,week_017,2026-04-20 04:00:00+00:00,34.817499999999995,-0.3579375534393068,35.1754375534393,35.1754375534393,1237.311407075908,1.0,-1,1,
2026-04-26 01:00:00+00:00,week_017,2026-04-20 04:00:00+00:00,41.58500000000001,-0.3579375534393068,41.942937553439315,41.942937553439315,1759.21001061171,1.0,-1,1,
2026-04-26 02:00:00+00:00,week_017,2026-04-20 04:00:00+00:00,11.409999999999997,-0.3579375534393068,11.767937553439303,11.767937553439303,138.484354261647,1.0,-1,1,
2026-04-26 03:00:00+00:00,week_017,2026-04-20 04:00:00+00:00,-5.9925,-0.3579375534393068,-5.634562446560693,5.634562446560693,31.748293964192023,-1.0,-1,1,
2026-04-26 04:00:00+00:00,week_017,2026-04-20 04:00:00+00:00,0.5725000000000016,-0.3579375534393068,0.9304375534393083,0.9304375534393083,0.8657140408501257,1.0,-1,1,
2026-04-26 05:00:00+00:00,week_017,2026-04-20 04:00:00+00:00,-2.2200000000000024,-0.3579375534393068,-1.8620624465606956,1.8620624465606956,3.4672765548916034,-1.0,-1,1,
2026-04-26 06:00:00+00:00,week_017,2026-04-20 04:00:00+00:00,-1.6450000000000031,-0.3579375534393068,-1.2870624465606963,1.2870624465606963,1.6565297413468054,-1.0,-1,1,
2026-04-26 07:00:00+00:00,week_017,2026-04-20 04:00:00+00:00,2.710000000000001,-0.4027313432193622,3.1127313432193633,3.1127313432193633,9.689096415060222,1.0,-1,1,
2026-04-26 08:00:00+00:00,week_017,2026-04-20 04:00:00+00:00,4.125,-0.4027313432193622,4.527731343219362,4.527731343219362,20.50035111637101,1.0,-1,1,
2026-04-26 09:00:00+00:00,week_017,2026-04-20 04:00:00+00:00,1.8249999999999995,-0.3579375534393068,2.1829375534393063,2.1829375534393063,4.765216362215584,1.0,-1,1,
2026-04-26 10:00:00+00:00,week_017,2026-04-20 04:00:00+00:00,0.1324999999999967,-0.4027313432193622,0.535231343219359,0.535231343219359,0.28647259076439924,1.0,-1,1,
2026-04-26 11:00:00+00:00,week_017,2026-04-20 04:00:00+00:00,1.6125000000000007,-0.4027313432193622,2.015231343219363,2.015231343219363,4.061157366693719,1.0,-1,1,
2026-04-26 12:00:00+00:00,week_017,2026-04-20 04:00:00+00:00,4.940000000000001,-0.3579375534393068,5.297937553439308,5.297937553439308,28.068142320142478,1.0,-1,1,
2026-04-26 13:00:00+00:00,week_017,2026-04-20 04:00:00+00:00,12.009999999999998,-0.3579375534393068,12.367937553439305,12.367937553439305,152.9658793257742,1.0,-1,1,
2026-04-26 14:00:00+00:00,week_017,2026-04-20 04:00:00+00:00,11.0875,-0.3579375534393068,11.445437553439307,11.445437553439307,130.99804078967875,1.0,-1,1,
2026-04-26 15:00:00+00:00,week_017,2026-04-20 04:00:00+00:00,10.8375,-0.3579375534393068,11.195437553439307,11.195437553439307,125.3378220129591,1.0,-1,1,
2026-04-26 16:00:00+00:00,week_017,2026-04-20 04:00:00+00:00,8.137500000000001,-0.3579375534393068,8.495437553439308,8.495437553439308,72.17245922438686,1.0,-1,1,
2026-04-26 17:00:00+00:00,week_017,2026-04-20 04:00:00+00:00,6.777500000000002,-0.3579375534393068,7.135437553439308,7.135437553439308,50.91446907903194,1.0,-1,1,
2026-04-26 18:00:00+00:00,week_017,2026-04-20 04:00:00+00:00,5.73,-0.3579375534393068,6.087937553439307,6.087937553439307,37.06298365457658,1.0,-1,1,
2026-04-26 19:00:00+00:00,week_017,2026-04-20 04:00:00+00:00,3.26,-0.3579375534393068,3.6179375534393063,3.6179375534393063,13.089472140586393,1.0,-1,1,
2026-04-26 20:00:00+00:00,week_017,2026-04-20 04:00:00+00:00,-1.99,-0.3579375534393068,-1.6320624465606932,1.6320624465606932,2.6636278294736755,-1.0,-1,1,
2026-04-26 21:00:00+00:00,week_017,2026-04-20 04:00:00+00:00,3.0725,-0.3579375534393068,3.4304375534393063,3.4304375534393063,11.767901808046654,1.0,-1,1,
2026-04-26 22:00:00+00:00,week_017,2026-04-20 04:00:00+00:00,3.407499999999999,-0.3427156804149669,3.750215680414966,3.750215680414966,14.064117649630287,1.0,-1,1,
2026-04-26 23:00:00+00:00,week_017,2026-04-20 04:00:00+00:00,2.515000000000001,-0.38750947019502235,2.9025094701950236,2.9025094701950236,8.424561224571796,1.0,-1,1,
2026-04-27 00:00:00+00:00,week_017,2026-04-20 04:00:00+00:00,-9.010000000000003,-0.4027313432193622,-8.607268656780642,8.607268656780642,74.08507372999843,-1.0,-1,1,
2026-04-27 01:00:00+00:00,week_017,2026-04-20 04:00:00+00:00,-9.957499999999996,-0.4027313432193622,-9.554768656780634,9.554768656780634,91.2936040845976,-1.0,-1,1,
2026-04-27 02:00:00+00:00,week_017,2026-04-20 04:00:00+00:00,4.017499999999998,-0.4027313432193622,4.420231343219361,4.420231343219361,19.538445127578836,1.0,-1,1,
2026-04-27 03:00:00+00:00,week_017,2026-04-20 04:00:00+00:00,-2.8225000000000016,-0.4027313432193622,-2.419768656780639,2.419768656780639,5.855280352337979,-1.0,-1,1,
2026-04-27 04:00:00+00:00,week_017,2026-04-20 04:00:00+00:00,-1.432500000000001,-0.3579375534393068,-1.0745624465606942,1.0745624465606942,1.1546844515585049,-1.0,-1,1,
2026-04-27 05:00:00+00:00,week_018,2026-04-27 04:00:00+00:00,-5.752499999999998,-0.3727812926624581,-5.37971870733754,5.37971870733754,28.941373370077493,-1.0,-1,1,
2026-04-27 06:00:00+00:00,week_018,2026-04-27 04:00:00+00:00,-3.232499999999998,-0.3727812926624581,-2.85971870733754,2.85971870733754,8.177991085096291,-1.0,-1,1,
2026-04-27 07:00:00+00:00,week_018,2026-04-27 04:00:00+00:00,-2.379999999999999,-1.3103165180759508,-1.0696834819240482,1.0696834819240482,1.1442227515011554,-1.0,-1,1,
2026-04-27 08:00:00+00:00,week_018,2026-04-27 04:00:00+00:00,-3.719999999999999,-0.3727812926624581,-3.347218707337541,3.347218707337541,11.203873074750398,-1.0,-1,1,
2026-04-27 09:00:00+00:00,week_018,2026-04-27 04:00:00+00:00,-2.6075000000000017,-0.3727812926624581,-2.2347187073375436,2.2347187073375436,4.993967700924382,-1.0,-1,1,
2026-04-27 10:00:00+00:00,week_018,2026-04-27 04:00:00+00:00,-2.280000000000001,-0.3727812926624581,-1.907218707337543,1.907218707337543,3.637483197618289,-1.0,-1,1,
2026-04-27 11:00:00+00:00,week_018,2026-04-27 04:00:00+00:00,0.8250000000000028,-0.3727812926624581,1.197781292662461,1.197781292662461,1.4346800250521559,1.0,-1,1,
2026-04-27 12:00:00+00:00,week_018,2026-04-27 04:00:00+00:00,-2.1499999999999986,-0.3727812926624581,-1.7772187073375405,1.7772187073375405,3.1585063337105184,-1.0,-1,1,
2026-04-27 13:00:00+00:00,week_018,2026-04-27 04:00:00+00:00,0.3674999999999997,-0.3727812926624581,0.7402812926624578,0.7402812926624578,0.5480163922659995,1.0,-1,1,
2026-04-27 14:00:00+00:00,week_018,2026-04-27 04:00:00+00:00,4.424999999999999,-0.3727812926624581,4.797781292662457,4.797781292662457,23.01870533222183,1.0,-1,1,
2026-04-27 15:00:00+00:00,week_018,2026-04-27 04:00:00+00:00,1.799999999999999,-0.3727812926624581,2.172781292662457,2.172781292662457,4.720978545743938,1.0,-1,1,
2026-04-27 16:00:00+00:00,week_018,2026-04-27 04:00:00+00:00,0.6624999999999979,-0.3727812926624581,1.035281292662456,1.035281292662456,1.0718073549368456,1.0,-1,1,
2026-04-27 17:00:00+00:00,week_018,2026-04-27 04:00:00+00:00,19.14,-1.3103165180759508,20.45031651807595,20.45031651807595,418.2154456894901,1.0,-1,1,
2026-04-27 18:00:00+00:00,week_018,2026-04-27 04:00:00+00:00,33.980000000000004,-1.3103165180759508,35.290316518075954,35.290316518075954,1245.4064399459846,1.0,-1,1,
2026-04-27 19:00:00+00:00,week_018,2026-04-27 04:00:00+00:00,21.83,-1.3103165180759508,23.14031651807595,23.14031651807595,535.4742485567386,1.0,-1,1,
2026-04-27 20:00:00+00:00,week_018,2026-04-27 04:00:00+00:00,56.52250000000001,-1.3103165180759508,57.83281651807596,57.83281651807596,3344.6346664134394,1.0,-1,1,
2026-04-27 21:00:00+00:00,week_018,2026-04-27 04:00:00+00:00,53.625,-1.3103165180759508,54.93531651807595,54.93531651807595,3017.8890009411884,1.0,-1,1,
2026-04-27 22:00:00+00:00,week_018,2026-04-27 04:00:00+00:00,85.08500000000001,-0.6426234734936799,85.7276234734937,85.7276234734937,7349.225426413107,1.0,-1,1,
2026-04-27 23:00:00+00:00,week_018,2026-04-27 04:00:00+00:00,175.9275,-0.20265143199310615,176.1301514319931,176.1301514319931,31021.830243456825,1.0,-1,1,
2026-04-28 00:00:00+00:00,week_018,2026-04-27 04:00:00+00:00,-38.58000000000004,-0.3727812926624581,-38.20721870733758,38.20721870733758,1459.791561350327,-1.0,-1,1,
2026-04-28 01:00:00+00:00,week_018,2026-04-27 04:00:00+00:00,87.42749999999995,0.6592326134412649,86.76826738655869,86.76826738655869,7528.732225265345,1.0,1,1,
2026-04-28 02:00:00+00:00,week_018,2026-04-27 04:00:00+00:00,269.695,-3.1580119955455648,272.85301199554556,272.85301199554556,74448.76615504133,1.0,-1,1,
2026-04-28 03:00:00+00:00,week_018,2026-04-27 04:00:00+00:00,-187.3475,-1.720819170779617,-185.6266808292204,185.6266808292204,34457.26463567326,-1.0,-1,1,
2026-04-28 04:00:00+00:00,week_018,2026-04-27 04:00:00+00:00,-93.36,-0.20543011626136765,-93.15456988373863,93.15456988373863,8677.773890224344,-1.0,-1,1,
2026-04-28 05:00:00+00:00,week_018,2026-04-27 04:00:00+00:00,-28.187500000000004,-0.3727812926624581,-27.814718707337544,27.814718707337544,773.6585767683132,-1.0,-1,1,
2026-04-28 06:00:00+00:00,week_018,2026-04-27 04:00:00+00:00,-7.607499999999998,2.453329000133795,-10.060829000133793,10.060829000133793,101.22028016993315,-1.0,1,1,
2026-04-28 07:00:00+00:00,week_018,2026-04-27 04:00:00+00:00,-9.852500000000004,-0.3727812926624581,-9.479718707337547,9.479718707337547,89.86506677024545,-1.0,-1,1,
2026-04-28 08:00:00+00:00,week_018,2026-04-27 04:00:00+00:00,-7.765000000000001,3.0420672734152006,-10.807067273415202,10.807067273415202,116.79270305212188,-1.0,1,1,
2026-04-28 09:00:00+00:00,week_018,2026-04-27 04:00:00+00:00,-9.247500000000002,0.27950052486675214,-9.527000524866754,9.527000524866754,90.7637390008114,-1.0,1,1,
2026-04-28 10:00:00+00:00,week_018,2026-04-27 04:00:00+00:00,-3.3774999999999977,3.105610817663005,-6.483110817663002,6.483110817663002,42.03072587409904,-1.0,1,1,
2026-04-28 11:00:00+00:00,week_018,2026-04-27 04:00:00+00:00,6.6875,2.868346099706565,3.819153900293435,3.819153900293435,14.585936514126557,1.0,1,1,
2026-04-28 12:00:00+00:00,week_018,2026-04-27 04:00:00+00:00,5.625,-0.3727812926624581,5.997781292662458,5.997781292662458,35.97338043461174,1.0,-1,1,
2026-04-28 13:00:00+00:00,week_018,2026-04-27 04:00:00+00:00,5.592499999999998,3.105610817663005,2.4868891823369927,2.4868891823369927,6.1846178052247565,1.0,1,1,
2026-04-28 14:00:00+00:00,week_018,2026-04-27 04:00:00+00:00,6.720000000000002,-0.3727812926624581,7.09278129266246,7.09278129266246,50.30754646554256,1.0,-1,1,
2026-04-28 15:00:00+00:00,week_018,2026-04-27 04:00:00+00:00,6.145,-0.3727812926624581,6.517781292662457,6.517781292662457,42.48147297898069,1.0,-1,1,
2026-04-28 16:00:00+00:00,week_018,2026-04-27 04:00:00+00:00,7.9175,-0.3727812926624581,8.290281292662458,8.290281292662458,68.72876391146912,1.0,-1,1,
2026-04-28 17:00:00+00:00,week_018,2026-04-27 04:00:00+00:00,1.3599999999999994,-0.3727812926624581,1.7327812926624575,1.7327812926624575,3.002531008200977,1.0,-1,1,
2026-04-28 18:00:00+00:00,week_018,2026-04-27 04:00:00+00:00,0.5124999999999993,-0.3727812926624581,0.8852812926624574,0.8852812926624574,0.7837229671381115,1.0,-1,1,
2026-04-28 19:00:00+00:00,week_018,2026-04-27 04:00:00+00:00,9.645,-0.3727812926624581,10.017781292662457,10.017781292662457,100.35594202761789,1.0,-1,1,
2026-04-28 20:00:00+00:00,week_018,2026-04-27 04:00:00+00:00,22.3425,-0.3451155912273147,22.687615591227317,22.687615591227317,514.7279012153008,1.0,-1,1,
2026-04-28 21:00:00+00:00,week_018,2026-04-27 04:00:00+00:00,5.582500000000003,-0.3451155912273147,5.927615591227318,5.927615591227318,35.136626597361186,1.0,-1,1,
2026-04-28 22:00:00+00:00,week_018,2026-04-27 04:00:00+00:00,-17.3125,-2.8420622677810967,-14.470437732218903,14.470437732218903,209.39356816202454,-1.0,-1,1,
2026-04-28 23:00:00+00:00,week_018,2026-04-27 04:00:00+00:00,-43.065000000000005,-2.8420622677810967,-40.22293773221891,40.22293773221891,1617.8847198099597,-1.0,-1,1,
2026-04-29 00:00:00+00:00,week_018,2026-04-27 04:00:00+00:00,-142.1575,-2.8697279692162403,-139.28777203078377,139.28777203078377,19401.08343729959,-1.0,-1,1,
2026-04-29 01:00:00+00:00,week_018,2026-04-27 04:00:00+00:00,-187.705,-1.775977432996149,-185.92902256700387,185.92902256700387,34569.601432721436,-1.0,-1,1,
2026-04-29 02:00:00+00:00,week_018,2026-04-27 04:00:00+00:00,-171.8375,-1.775977432996149,-170.06152256700386,170.06152256700386,28920.921457807563,-1.0,-1,1,
2026-04-29 03:00:00+00:00,week_018,2026-04-27 04:00:00+00:00,-122.0225,-2.4268247135073238,-119.59567528649266,119.59567528649266,14303.125547232192,-1.0,-1,1,
2026-04-29 04:00:00+00:00,week_018,2026-04-27 04:00:00+00:00,-28.55,-0.3727812926624581,-28.17721870733754,28.17721870733754,793.9556540811327,-1.0,-1,1,
2026-04-29 05:00:00+00:00,week_018,2026-04-27 04:00:00+00:00,-11.3525,-0.3727812926624581,-10.979718707337542,10.979718707337542,120.55422289225797,-1.0,-1,1,
2026-04-29 06:00:00+00:00,week_018,2026-04-27 04:00:00+00:00,-7.622499999999995,-0.3727812926624581,-7.2497187073375375,7.2497187073375375,52.55842133551985,-1.0,-1,1,
2026-04-29 07:00:00+00:00,week_018,2026-04-27 04:00:00+00:00,-6.822499999999998,-0.3727812926624581,-6.44971870733754,6.44971870733754,41.59887140377983,-1.0,-1,1,
2026-04-29 08:00:00+00:00,week_018,2026-04-27 04:00:00+00:00,-8.304999999999996,-0.3727812926624581,-7.9322187073375385,7.9322187073375385,62.92009362103561,-1.0,-1,1,
2026-04-29 09:00:00+00:00,week_018,2026-04-27 04:00:00+00:00,-6.487500000000001,-0.3727812926624581,-6.114718707337543,6.114718707337543,37.38978486986371,-1.0,-1,1,
2026-04-29 10:00:00+00:00,week_018,2026-04-27 04:00:00+00:00,-5.262499999999999,-0.3727812926624581,-4.889718707337542,4.889718707337542,23.90934903688672,-1.0,-1,1,
2026-04-29 11:00:00+00:00,week_018,2026-04-27 04:00:00+00:00,1.8000000000000007,-0.3727812926624581,2.172781292662459,2.172781292662459,4.720978545743946,1.0,-1,1,
2026-04-29 12:00:00+00:00,week_018,2026-04-27 04:00:00+00:00,-2.0400000000000027,-0.3727812926624581,-1.6672187073375446,1.6672187073375446,2.779618218096273,-1.0,-1,1,
2026-04-29 13:00:00+00:00,week_018,2026-04-27 04:00:00+00:00,5.987499999999997,-0.3727812926624581,6.360281292662455,6.360281292662455,40.453178121791986,1.0,-1,1,
2026-04-29 14:00:00+00:00,week_018,2026-04-27 04:00:00+00:00,2.977499999999999,-0.3727812926624581,3.3502812926624572,3.3502812926624572,11.224384739964025,1.0,-1,1,
2026-04-29 15:00:00+00:00,week_018,2026-04-27 04:00:00+00:00,1.942499999999999,-0.3727812926624581,2.315281292662457,2.315281292662457,5.360527464152738,1.0,-1,1,
2026-04-29 16:00:00+00:00,week_018,2026-04-27 04:00:00+00:00,-9.91,-0.3727812926624581,-9.537218707337543,9.537218707337543,90.95854067158919,-1.0,-1,1,
2026-04-29 17:00:00+00:00,week_018,2026-04-27 04:00:00+00:00,-14.357500000000002,-0.3727812926624581,-13.984718707337544,13.984718707337544,195.57235732335667,-1.0,-1,1,
2026-04-29 18:00:00+00:00,week_018,2026-04-27 04:00:00+00:00,-8.3125,-0.3727812926624581,-7.939718707337542,7.939718707337542,63.039133151645736,-1.0,-1,1,
2026-04-29 19:00:00+00:00,week_018,2026-04-27 04:00:00+00:00,5.730000000000004,-0.3727812926624581,6.102781292662462,6.102781292662462,37.24393950607091,1.0,-1,1,
2026-04-29 20:00:00+00:00,week_018,2026-04-27 04:00:00+00:00,20.9325,-0.3727812926624581,21.30528129266246,21.30528129266246,453.915010959473,1.0,-1,1,
2026-04-29 21:00:00+00:00,week_018,2026-04-27 04:00:00+00:00,0.5075000000000003,-0.3727812926624581,0.8802812926624584,0.8802812926624584,0.7748951542114887,1.0,-1,1,
2026-04-29 22:00:00+00:00,week_018,2026-04-27 04:00:00+00:00,3.0500000000000043,-0.3727812926624581,3.4227812926624623,3.4227812926624623,11.715431777400116,1.0,-1,1,
2026-04-29 23:00:00+00:00,week_018,2026-04-27 04:00:00+00:00,-4.730000000000004,-0.3727812926624581,-4.357218707337546,4.357218707337546,18.98535486357228,-1.0,-1,1,
2026-04-30 00:00:00+00:00,week_018,2026-04-27 04:00:00+00:00,-16.04,-0.3727812926624581,-15.667218707337542,15.667218707337542,245.46174202354743,-1.0,-1,1,
2026-04-30 01:00:00+00:00,week_018,2026-04-27 04:00:00+00:00,-23.715000000000003,-0.20543011626136765,-23.509569883738635,23.509569883738635,552.6998761183906,-1.0,-1,1,
2026-04-30 02:00:00+00:00,week_018,2026-04-27 04:00:00+00:00,-24.155,4.191059652598247,-28.34605965259825,28.34605965259825,803.4990978286584,-1.0,1,1,
2026-04-30 03:00:00+00:00,week_018,2026-04-27 04:00:00+00:00,-16.374999999999993,3.105610817663005,-19.480610817663,19.480610817663,379.49419782924866,-1.0,1,1,
2026-04-30 04:00:00+00:00,week_018,2026-04-27 04:00:00+00:00,-3.3300000000000054,3.105610817663005,-6.43561081766301,6.43561081766301,41.41708659642115,-1.0,1,1,
2026-04-30 05:00:00+00:00,week_018,2026-04-27 04:00:00+00:00,9.799999999999995,3.105610817663005,6.694389182336991,6.694389182336991,44.81484652459053,1.0,1,1,
2026-04-30 06:00:00+00:00,week_018,2026-04-27 04:00:00+00:00,8.535000000000004,-0.3727812926624581,8.907781292662461,8.907781292662461,79.34856755790732,1.0,-1,1,
2026-04-30 07:00:00+00:00,week_018,2026-04-27 04:00:00+00:00,3.302500000000002,-0.3363871402876643,3.6388871402876664,3.6388871402876664,13.24149961975095,1.0,-1,1,
2026-04-30 08:00:00+00:00,week_018,2026-04-27 04:00:00+00:00,-0.6325000000000003,-0.1724855881014734,-0.4600144118985269,0.4600144118985269,0.21161325915434753,-1.0,-1,1,
2026-04-30 09:00:00+00:00,week_018,2026-04-27 04:00:00+00:00,-2.3149999999999977,0.3258232403145353,-2.640823240314533,2.640823240314533,6.973947386585349,-1.0,1,1,
2026-04-30 10:00:00+00:00,week_018,2026-04-27 04:00:00+00:00,-1.7424999999999995,1.4258379811070934,-3.1683379811070926,3.1683379811070926,10.038365562525767,-1.0,1,1,
2026-04-30 11:00:00+00:00,week_018,2026-04-27 04:00:00+00:00,0.8675000000000068,2.1609721379009863,-1.2934721379009795,1.2934721379009795,1.6730701715261305,1.0,1,1,
2026-04-30 12:00:00+00:00,week_018,2026-04-27 04:00:00+00:00,-6.052499999999995,1.5821646657692126,-7.634664665769208,7.634664665769208,58.28810455874485,-1.0,1,1,
2026-04-30 13:00:00+00:00,week_018,2026-04-27 04:00:00+00:00,-4.727499999999999,1.600928775610951,-6.32842877561095,6.32842877561095,40.04901076798071,-1.0,1,1,
2026-04-30 14:00:00+00:00,week_018,2026-04-27 04:00:00+00:00,18.5625,-0.0011890732177557142,18.563689073217756,18.563689073217756,344.6105520071043,1.0,-1,1,
2026-04-30 15:00:00+00:00,week_018,2026-04-27 04:00:00+00:00,5.109999999999999,0.27950052486675214,4.830499475133247,4.830499475133247,23.333725179262576,1.0,1,1,
2026-04-30 16:00:00+00:00,week_018,2026-04-27 04:00:00+00:00,-1.4549999999999983,2.216064282177355,-3.6710642821773534,3.6710642821773534,13.476712963878327,-1.0,1,1,
2026-04-30 17:00:00+00:00,week_018,2026-04-27 04:00:00+00:00,-2.1424999999999983,-0.3727812926624581,-1.7697187073375402,1.7697187073375402,3.1319043031004545,-1.0,-1,1,
2026-04-30 18:00:00+00:00,week_018,2026-04-27 04:00:00+00:00,2.312500000000007,-0.3727812926624581,2.685281292662465,2.685281292662465,7.210735620723,1.0,-1,1,
2026-04-30 19:00:00+00:00,week_018,2026-04-27 04:00:00+00:00,16.457499999999996,-0.3727812926624581,16.830281292662455,16.830281292662455,283.2583683901438,1.0,-1,1,
2026-04-30 20:00:00+00:00,week_018,2026-04-27 04:00:00+00:00,15.9225,-0.3727812926624581,16.29528129266246,16.29528129266246,265.5361924069951,1.0,-1,1,
2026-04-30 21:00:00+00:00,week_018,2026-04-27 04:00:00+00:00,14.012500000000005,-0.3727812926624581,14.385281292662462,14.385281292662462,206.9363178690246,1.0,-1,1,
2026-04-30 22:00:00+00:00,week_018,2026-04-27 04:00:00+00:00,-24.4225,-0.3727812926624581,-24.04971870733754,24.04971870733754,578.3889699020613,-1.0,-1,1,
2026-04-30 23:00:00+00:00,week_018,2026-04-27 04:00:00+00:00,4.094999999999999,-0.3727812926624581,4.4677812926624565,4.4677812926624565,19.96106967906461,1.0,-1,1,
2026-05-01 00:00:00+00:00,week_018,2026-04-27 04:00:00+00:00,-7.417500000000004,-0.3727812926624581,-7.044718707337546,7.044718707337546,49.62806166551159,-1.0,-1,1,
2026-05-01 01:00:00+00:00,week_018,2026-04-27 04:00:00+00:00,-3.155000000000001,-0.3176230304459259,-2.837376969554075,2.837376969554075,8.050708067355867,-1.0,-1,1,
2026-05-01 02:00:00+00:00,week_018,2026-04-27 04:00:00+00:00,-4.047499999999999,-0.1724855881014734,-3.875014411898526,3.875014411898526,15.01573669242128,-1.0,-1,1,
2026-05-01 03:00:00+00:00,week_018,2026-04-27 04:00:00+00:00,1.3000000000000045,-0.3176230304459259,1.6176230304459303,1.6176230304459303,2.616704268629075,1.0,-1,1,
2026-05-01 04:00:00+00:00,week_018,2026-04-27 04:00:00+00:00,7.462500000000006,-0.3727812926624581,7.835281292662463,7.835281292662463,61.39163293514636,1.0,-1,1,
2026-05-01 05:00:00+00:00,week_018,2026-04-27 04:00:00+00:00,-20.4675,-0.3727812926624581,-20.09471870733754,20.09471870733754,403.7977199270214,-1.0,-1,1,
2026-05-01 06:00:00+00:00,week_018,2026-04-27 04:00:00+00:00,-9.32,-0.00519700726944712,-9.314802992730554,9.314802992730554,86.76555479338208,-1.0,-1,1,
2026-05-01 07:00:00+00:00,week_018,2026-04-27 04:00:00+00:00,-7.230000000000004,2.397595876896603,-9.627595876896606,9.627595876896606,92.69060236883654,-1.0,1,1,
2026-05-01 08:00:00+00:00,week_018,2026-04-27 04:00:00+00:00,-10.027499999999996,-0.19124969794321184,-9.836250302056785,9.836250302056785,96.75182000471219,-1.0,-1,1,
2026-05-01 09:00:00+00:00,week_018,2026-04-27 04:00:00+00:00,-8.605,2.5713170506052374,-11.176317050605238,11.176317050605238,124.91006281564937,-1.0,1,1,
2026-05-01 10:00:00+00:00,week_018,2026-04-27 04:00:00+00:00,-1.3800000000000026,2.2524584345521492,-3.632458434552152,3.632458434552152,13.19475427874907,-1.0,1,1,
2026-05-01 11:00:00+00:00,week_018,2026-04-27 04:00:00+00:00,2.285,-0.3915454025041965,2.6765454025041966,2.6765454025041966,7.163895291666352,1.0,-1,1,
2026-05-01 12:00:00+00:00,week_018,2026-04-27 04:00:00+00:00,8.925,-0.3727812926624581,9.297781292662458,9.297781292662458,86.44873696618397,1.0,-1,1,
2026-05-01 13:00:00+00:00,week_018,2026-04-27 04:00:00+00:00,9.614999999999998,-0.3915454025041965,10.006545402504194,10.006545402504194,100.13095089237783,1.0,-1,1,
2026-05-01 14:00:00+00:00,week_018,2026-04-27 04:00:00+00:00,3.549999999999997,-0.3727812926624581,3.9227812926624552,3.9227812926624552,15.388213070062523,1.0,-1,1,
2026-05-01 15:00:00+00:00,week_018,2026-04-27 04:00:00+00:00,20.74750000000001,-0.3727812926624581,21.12028129266247,21.12028129266247,446.0662818811882,1.0,-1,1,
2026-05-01 16:00:00+00:00,week_018,2026-04-27 04:00:00+00:00,7.395000000000003,-0.3727812926624581,7.767781292662461,7.767781292662461,60.33842621063689,1.0,-1,1,
2026-05-01 17:00:00+00:00,week_018,2026-04-27 04:00:00+00:00,3.905000000000001,-0.3727812926624581,4.277781292662459,4.277781292662459,18.299412787852898,1.0,-1,1,
2026-05-01 18:00:00+00:00,week_018,2026-04-27 04:00:00+00:00,2.1975000000000016,-0.3727812926624581,2.5702812926624596,2.5702812926624596,6.606345923410604,1.0,-1,1,
2026-05-01 19:00:00+00:00,week_018,2026-04-27 04:00:00+00:00,-6.550000000000001,-0.3727812926624581,-6.177218707337543,6.177218707337543,38.158030958280904,-1.0,-1,1,
2026-05-01 20:00:00+00:00,week_018,2026-04-27 04:00:00+00:00,-7.215,-0.3727812926624581,-6.842218707337542,6.842218707337542,46.81595683903983,-1.0,-1,1,
2026-05-01 21:00:00+00:00,week_018,2026-04-27 04:00:00+00:00,-7.199999999999999,-0.3727812926624581,-6.827218707337542,6.827218707337542,46.61091527781969,-1.0,-1,1,
2026-05-01 22:00:00+00:00,week_018,2026-04-27 04:00:00+00:00,-2.129999999999999,-0.3727812926624581,-1.757218707337541,1.757218707337541,3.0878175854170182,-1.0,-1,1,
2026-05-01 23:00:00+00:00,week_018,2026-04-27 04:00:00+00:00,1.4050000000000011,-0.3727812926624581,1.7777812926624592,1.7777812926624592,3.1605063245406044,1.0,-1,1,
2026-05-02 00:00:00+00:00,week_018,2026-04-27 04:00:00+00:00,12.420000000000002,-0.3727812926624581,12.79278129266246,12.79278129266246,163.6552532018946,1.0,-1,1,
2026-05-02 01:00:00+00:00,week_018,2026-04-27 04:00:00+00:00,12.767500000000004,-0.3727812926624581,13.140281292662461,13.140281292662461,172.66699245029506,1.0,-1,1,
2026-05-02 02:00:00+00:00,week_018,2026-04-27 04:00:00+00:00,-2.594999999999999,2.653624704694779,-5.2486247046947785,5.2486247046947785,27.54806129073235,-1.0,1,1,
2026-05-02 03:00:00+00:00,week_018,2026-04-27 04:00:00+00:00,-2.934999999999995,3.305906522223989,-6.240906522223984,6.240906522223984,38.94891421913786,-1.0,1,1,
2026-05-02 04:00:00+00:00,week_018,2026-04-27 04:00:00+00:00,16.285000000000004,2.653624704694779,13.631375295305224,13.631375295305224,185.81439244145758,1.0,1,1,
2026-05-02 05:00:00+00:00,week_018,2026-04-27 04:00:00+00:00,3.057499999999997,2.3683712968104955,0.6891287031895015,0.6891287031895015,0.47489836955964404,1.0,1,1,
2026-05-02 06:00:00+00:00,week_018,2026-04-27 04:00:00+00:00,23.6975,3.4993945814662344,20.198105418533768,20.198105418533768,407.96346249820317,1.0,1,1,
2026-05-02 07:00:00+00:00,week_018,2026-04-27 04:00:00+00:00,40.0425,3.4993945814662344,36.54310541853376,36.54310541853376,1335.3985536300718,1.0,1,1,
2026-05-02 08:00:00+00:00,week_018,2026-04-27 04:00:00+00:00,23.73749999999999,3.4993945814662344,20.238105418533756,20.238105418533756,409.58091093168537,1.0,1,1,
2026-05-02 09:00:00+00:00,week_018,2026-04-27 04:00:00+00:00,29.872499999999995,3.4993945814662344,26.37310541853376,26.37310541853376,695.5406894170949,1.0,1,1,
2026-05-02 10:00:00+00:00,week_018,2026-04-27 04:00:00+00:00,-4.850000000000001,3.4993945814662344,-8.349394581466235,8.349394581466235,69.71238987701773,-1.0,1,1,
2026-05-02 11:00:00+00:00,week_018,2026-04-27 04:00:00+00:00,-12.802500000000002,4.43692980687973,-17.239429806879734,17.239429806879734,297.19794006633344,-1.0,1,1,
2026-05-02 12:00:00+00:00,week_018,2026-04-27 04:00:00+00:00,-10.262500000000005,3.4993945814662344,-13.761894581466239,13.761894581466239,189.3897424713898,-1.0,1,1,
2026-05-02 13:00:00+00:00,week_018,2026-04-27 04:00:00+00:00,-7.795,2.5396678116942133,-10.334667811694214,10.334667811694214,106.80535877806847,-1.0,1,1,
2026-05-02 14:00:00+00:00,week_018,2026-04-27 04:00:00+00:00,-1.2100000000000002,2.1680755922495103,-3.3780755922495107,3.3780755922495107,11.411394706951883,-1.0,1,1,
2026-05-02 15:00:00+00:00,week_018,2026-04-27 04:00:00+00:00,0.1274999999999999,-1.1430279372439247,1.2705279372439247,1.2705279372439247,1.6142412393173022,1.0,-1,1,
2026-05-02 16:00:00+00:00,week_018,2026-04-27 04:00:00+00:00,0.8399999999999999,-1.3290806279176892,2.169080627917689,2.169080627917689,4.704910770407796,1.0,-1,1,
2026-05-02 17:00:00+00:00,week_018,2026-04-27 04:00:00+00:00,-0.2399999999999997,6.411037729384348,-6.651037729384347,6.651037729384347,44.236302877694094,-1.0,1,1,
2026-05-02 18:00:00+00:00,week_018,2026-04-27 04:00:00+00:00,5.237500000000001,3.648470980835898,1.5890290191641028,1.5890290191641028,2.5250132237456304,1.0,1,1,
2026-05-02 19:00:00+00:00,week_018,2026-04-27 04:00:00+00:00,10.2275,3.648470980835898,6.579029019164102,6.579029019164102,43.283622835003364,1.0,1,1,
2026-05-02 20:00:00+00:00,week_018,2026-04-27 04:00:00+00:00,12.634999999999998,5.163692194682727,7.471307805317271,7.471307805317271,55.82044032179478,1.0,1,1,
2026-05-02 21:00:00+00:00,week_018,2026-04-27 04:00:00+00:00,15.7225,5.163692194682727,10.558807805317272,10.558807805317272,111.48842226962896,1.0,1,1,
2026-05-02 22:00:00+00:00,week_018,2026-04-27 04:00:00+00:00,4.024999999999999,3.648470980835898,0.37652901916410064,0.37652901916410064,0.14177410227267967,1.0,1,1,
2026-05-02 23:00:00+00:00,week_018,2026-04-27 04:00:00+00:00,8.567499999999999,-0.9562524217546219,9.52375242175462,9.52375242175462,90.701860190877,1.0,-1,1,
2026-05-03 00:00:00+00:00,week_018,2026-04-27 04:00:00+00:00,-3.842500000000001,1.5679979798770483,-5.410497979877049,5.410497979877049,29.27348839025363,-1.0,1,1,
2026-05-03 01:00:00+00:00,week_018,2026-04-27 04:00:00+00:00,-23.129999999999995,-0.306009842391519,-22.823990157608478,22.823990157608478,520.9345267146086,-1.0,-1,1,
2026-05-03 02:00:00+00:00,week_018,2026-04-27 04:00:00+00:00,-31.8225,0.021002471140772284,-31.843502471140773,31.843502471140773,1014.0086496295486,-1.0,1,1,
2026-05-03 03:00:00+00:00,week_018,2026-04-27 04:00:00+00:00,-13.752500000000005,0.021002471140772284,-13.773502471140777,13.773502471140777,189.7093703225211,-1.0,1,1,
2026-05-03 04:00:00+00:00,week_018,2026-04-27 04:00:00+00:00,-6.91,-0.9387242986312495,-5.971275701368751,5.971275701368751,35.65613350175687,-1.0,-1,1,
2026-05-03 05:00:00+00:00,week_018,2026-04-27 04:00:00+00:00,-5.452500000000001,0.9728734957288364,-6.425373495728837,6.425373495728837,41.28542455961462,-1.0,1,1,
2026-05-03 06:00:00+00:00,week_018,2026-04-27 04:00:00+00:00,-4.400000000000002,0.9177152335123041,-5.317715233512306,5.317715233512306,28.27809530472884,-1.0,1,1,
2026-05-03 07:00:00+00:00,week_018,2026-04-27 04:00:00+00:00,-3.9875000000000007,0.9177152335123041,-4.905215233512305,4.905215233512305,24.061136487081175,-1.0,1,1,
2026-05-03 08:00:00+00:00,week_018,2026-04-27 04:00:00+00:00,-2.16,0.9177152335123041,-3.077715233512304,3.077715233512304,9.472331058593698,-1.0,1,1,
2026-05-03 09:00:00+00:00,week_018,2026-04-27 04:00:00+00:00,-2.397500000000001,0.9177152335123041,-3.315215233512305,3.315215233512305,10.990652044512046,-1.0,1,1,
2026-05-03 10:00:00+00:00,week_018,2026-04-27 04:00:00+00:00,-2.950000000000001,0.9177152335123041,-3.867715233512305,3.867715233512305,14.959221127543145,-1.0,1,1,
2026-05-03 11:00:00+00:00,week_018,2026-04-27 04:00:00+00:00,-2.4250000000000007,1.47775859580234,-3.9027585958023407,3.9027585958023407,15.231524657109059,-1.0,1,1,
2026-05-03 12:00:00+00:00,week_018,2026-04-27 04:00:00+00:00,-9.245,0.9177152335123041,-10.162715233512303,10.162715233512303,103.28078091746303,-1.0,1,1,
2026-05-03 13:00:00+00:00,week_018,2026-04-27 04:00:00+00:00,-1.7,0.9177152335123041,-2.617715233512304,2.617715233512304,6.852433043762377,-1.0,1,1,
2026-05-03 14:00:00+00:00,week_018,2026-04-27 04:00:00+00:00,-0.7675000000000001,0.9177152335123041,-1.685215233512304,1.685215233512304,2.8399503832619297,-1.0,1,1,
2026-05-03 15:00:00+00:00,week_018,2026-04-27 04:00:00+00:00,0.8224999999999998,0.9177152335123041,-0.09521523351230432,0.09521523351230432,0.00906594069280264,1.0,1,1,
2026-05-03 16:00:00+00:00,week_018,2026-04-27 04:00:00+00:00,1.5375,0.9177152335123041,0.619784766487696,0.619784766487696,0.3841331567702078,1.0,1,1,
2026-05-03 17:00:00+00:00,week_018,2026-04-27 04:00:00+00:00,0.175,0.9177152335123041,-0.7427152335123042,0.7427152335123042,0.5516259180912365,1.0,1,1,
2026-05-03 18:00:00+00:00,week_018,2026-04-27 04:00:00+00:00,-0.3575,1.2717793298336346,-1.6292793298336345,1.6292793298336345,2.654551134623137,-1.0,1,1,
2026-05-03 19:00:00+00:00,week_018,2026-04-27 04:00:00+00:00,-0.8425,1.318373015090749,-2.1608730150907487,2.1608730150907487,4.669372187347383,-1.0,1,1,
2026-05-03 20:00:00+00:00,week_018,2026-04-27 04:00:00+00:00,-2.365,0.9177152335123041,-3.282715233512304,3.282715233512304,10.776219304333742,-1.0,1,1,
2026-05-03 21:00:00+00:00,week_018,2026-04-27 04:00:00+00:00,-3.66,0.9177152335123041,-4.577715233512304,4.577715233512304,20.955476759130608,-1.0,1,1,
2026-05-03 22:00:00+00:00,week_018,2026-04-27 04:00:00+00:00,-9.415,1.855250458925798,-11.270250458925798,11.270250458925798,127.01854540691716,-1.0,1,1,
2026-05-03 23:00:00+00:00,week_018,2026-04-27 04:00:00+00:00,-2.2325000000000017,0.9177152335123041,-3.1502152335123057,3.1502152335123057,9.92385601745299,-1.0,1,1,
2026-05-04 00:00:00+00:00,week_018,2026-04-27 04:00:00+00:00,-5.739999999999998,0.9177152335123041,-6.657715233512302,6.657715233512302,44.32517213054177,-1.0,1,1,
2026-05-04 01:00:00+00:00,week_018,2026-04-27 04:00:00+00:00,-6.440000000000001,0.9177152335123041,-7.357715233512305,7.357715233512305,54.13597345745904,-1.0,1,1,
2026-05-04 02:00:00+00:00,week_018,2026-04-27 04:00:00+00:00,3.852499999999999,1.855250458925798,1.997249541074201,1.997249541074201,3.9890057293211068,1.0,1,1,
2026-05-04 03:00:00+00:00,week_018,2026-04-27 04:00:00+00:00,-3.0474999999999994,0.9177152335123041,-3.9652152335123034,3.9652152335123034,15.722931848078032,-1.0,1,1,
2026-05-04 04:00:00+00:00,week_018,2026-04-27 04:00:00+00:00,-4.4975000000000005,0.9177152335123041,-5.4152152335123045,5.4152152335123045,29.32455602526372,-1.0,1,1,
2026-05-04 05:00:00+00:00,week_019,2026-05-04 04:00:00+00:00,-1.5799999999999983,-1.3042062898286642,-0.27579371017133414,0.27579371017133414,0.07606217057006985,-1.0,-1,1,
2026-05-04 06:00:00+00:00,week_019,2026-05-04 04:00:00+00:00,0.1524999999999963,-1.3042062898286642,1.4567062898286605,1.4567062898286605,2.1219932148263814,1.0,-1,1,
2026-05-04 07:00:00+00:00,week_019,2026-05-04 04:00:00+00:00,1.0099999999999998,-1.3042062898286642,2.3142062898286637,2.3142062898286637,5.355550751882549,1.0,-1,1,
2026-05-04 08:00:00+00:00,week_019,2026-05-04 04:00:00+00:00,0.120000000000001,-1.3042062898286642,1.4242062898286652,1.4242062898286652,2.0283635559875317,1.0,-1,1,
2026-05-04 09:00:00+00:00,week_019,2026-05-04 04:00:00+00:00,-0.6900000000000013,-1.3042062898286642,0.6142062898286629,0.6142062898286629,0.37724936646509144,-1.0,-1,1,
2026-05-04 10:00:00+00:00,week_019,2026-05-04 04:00:00+00:00,-1.2349999999999994,-1.3042062898286642,0.06920628982866472,0.06920628982866472,0.004789510551849142,-1.0,-1,1,
2026-05-04 11:00:00+00:00,week_019,2026-05-04 04:00:00+00:00,2.91,-1.3042062898286642,4.214206289828664,4.214206289828664,17.759534653231473,1.0,-1,1,
2026-05-04 12:00:00+00:00,week_019,2026-05-04 04:00:00+00:00,-4.255000000000001,-1.3042062898286642,-2.950793710171337,2.950793710171337,8.707183519986723,-1.0,-1,1,
2026-05-04 13:00:00+00:00,week_019,2026-05-04 04:00:00+00:00,-2.0025,-1.3042062898286642,-0.6982937101713358,0.6982937101713358,0.48761410566484953,-1.0,-1,1,
2026-05-04 14:00:00+00:00,week_019,2026-05-04 04:00:00+00:00,0.5275000000000001,-1.3042062898286642,1.8317062898286642,1.8317062898286642,3.3551479321978905,1.0,-1,1,
2026-05-04 15:00:00+00:00,week_019,2026-05-04 04:00:00+00:00,0.4825,-0.44071445694761746,0.9232144569476175,0.9232144569476175,0.8523249335170843,1.0,-1,1,
2026-05-04 16:00:00+00:00,week_019,2026-05-04 04:00:00+00:00,0.2825,2.959302997526999,-2.676802997526999,2.676802997526999,7.1652742875695274,1.0,1,1,
2026-05-04 17:00:00+00:00,week_019,2026-05-04 04:00:00+00:00,3.62,2.959302997526999,0.6606970024730012,0.6606970024730012,0.436520529076809,1.0,1,1,
2026-05-04 18:00:00+00:00,week_019,2026-05-04 04:00:00+00:00,13.790000000000004,-1.3042062898286642,15.09420628982867,15.09420628982867,227.83506351990337,1.0,-1,1,
2026-05-04 19:00:00+00:00,week_019,2026-05-04 04:00:00+00:00,16.9775,-1.3042062898286642,18.281706289828662,18.281706289828662,334.2207848675609,1.0,-1,1,
2026-05-04 20:00:00+00:00,week_019,2026-05-04 04:00:00+00:00,13.845000000000002,-1.3042062898286642,15.149206289828667,15.149206289828667,229.49845121178444,1.0,-1,1,
2026-05-04 21:00:00+00:00,week_019,2026-05-04 04:00:00+00:00,7.710000000000001,-0.44071445694761746,8.150714456947618,8.150714456947618,66.4341461586949,1.0,-1,1,
2026-05-04 22:00:00+00:00,week_019,2026-05-04 04:00:00+00:00,2.3599999999999994,-0.44071445694761746,2.800714456947617,2.800714456947617,7.844001469355384,1.0,-1,1,
2026-05-04 23:00:00+00:00,week_019,2026-05-04 04:00:00+00:00,-1.0649999999999975,-1.080598832304996,0.015598832304998478,0.015598832304998478,0.00024332356927946413,-1.0,-1,1,
2026-05-05 00:00:00+00:00,week_019,2026-05-04 04:00:00+00:00,0.615000000000002,-0.44071445694761746,1.0557144569476193,1.0557144569476193,1.1145330146082069,1.0,-1,1,
2026-05-05 01:00:00+00:00,week_019,2026-05-04 04:00:00+00:00,3.2,-0.44071445694761746,3.6407144569476175,3.6407144569476175,13.254801757027385,1.0,-1,1,
2026-05-05 02:00:00+00:00,week_019,2026-05-04 04:00:00+00:00,4.085000000000001,-0.44071445694761746,4.525714456947618,4.525714456947618,20.482091345824674,1.0,-1,1,
2026-05-05 03:00:00+00:00,week_019,2026-05-04 04:00:00+00:00,-4.605000000000004,-0.44071445694761746,-4.164285543052387,4.164285543052387,17.34127408407511,-1.0,-1,1,
2026-05-05 04:00:00+00:00,week_019,2026-05-04 04:00:00+00:00,-0.6350000000000016,-1.3042062898286642,0.6692062898286626,0.6692062898286626,0.44783705834624393,-1.0,-1,1,
2026-05-05 05:00:00+00:00,week_019,2026-05-04 04:00:00+00:00,0.8800000000000026,-0.44071445694761746,1.32071445694762,1.32071445694762,1.7442866767904466,1.0,-1,1,
2026-05-05 06:00:00+00:00,week_019,2026-05-04 04:00:00+00:00,2.099999999999998,-0.44071445694761746,2.540714456947615,2.540714456947615,6.4552299517426155,1.0,-1,1,
2026-05-05 07:00:00+00:00,week_019,2026-05-04 04:00:00+00:00,1.879999999999999,-0.44071445694761746,2.3207144569476164,2.3207144569476164,5.3857155906856695,1.0,-1,1,
2026-05-05 08:00:00+00:00,week_019,2026-05-04 04:00:00+00:00,1.7100000000000009,-1.3042062898286642,3.014206289828665,3.014206289828665,9.085439557642685,1.0,-1,1,
2026-05-05 09:00:00+00:00,week_019,2026-05-04 04:00:00+00:00,-0.4224999999999994,-0.44071445694761746,0.018214456947618085,0.018214456947618085,0.0003317664418966327,-1.0,-1,1,
2026-05-05 10:00:00+00:00,week_019,2026-05-04 04:00:00+00:00,-0.5549999999999997,-0.44071445694761746,-0.11428554305238225,0.11428554305238225,0.013061185350777918,-1.0,-1,1,
2026-05-05 11:00:00+00:00,week_019,2026-05-04 04:00:00+00:00,6.372499999999999,-0.44071445694761746,6.813214456947616,6.813214456947616,46.41989123636,1.0,-1,1,
2026-05-05 12:00:00+00:00,week_019,2026-05-04 04:00:00+00:00,4.662500000000001,-0.44071445694761746,5.103214456947619,5.103214456947619,26.04279779359918,1.0,-1,1,
2026-05-05 13:00:00+00:00,week_019,2026-05-04 04:00:00+00:00,9.7375,-0.44071445694761746,10.178214456947618,10.178214456947618,103.5960495316175,1.0,-1,1,
2026-05-05 14:00:00+00:00,week_019,2026-05-04 04:00:00+00:00,10.425,-0.44071445694761746,10.865714456947618,10.865714456947618,118.06375065992047,1.0,-1,1,
2026-05-05 15:00:00+00:00,week_019,2026-05-04 04:00:00+00:00,17.764999999999993,-0.44071445694761746,18.20571445694761,18.20571445694761,331.44803888791125,1.0,-1,1,
2026-05-05 16:00:00+00:00,week_019,2026-05-04 04:00:00+00:00,10.145,0.105294476397095,10.039705523602905,10.039705523602905,100.79568700066268,1.0,1,1,
2026-05-05 17:00:00+00:00,week_019,2026-05-04 04:00:00+00:00,0.6700000000000017,-0.44071445694761746,1.110714456947619,1.110714456947619,1.2336866048724444,1.0,-1,1,
2026-05-05 18:00:00+00:00,week_019,2026-05-04 04:00:00+00:00,-9.4,-0.44071445694761746,-8.959285543052383,8.959285543052383,80.26879744194743,-1.0,-1,1,
2026-05-05 19:00:00+00:00,week_019,2026-05-04 04:00:00+00:00,-8.194999999999999,-0.44071445694761746,-7.754285543052381,7.754285543052381,60.12894428319116,-1.0,-1,1,
2026-05-05 20:00:00+00:00,week_019,2026-05-04 04:00:00+00:00,-14.6625,-1.3042062898286642,-13.358293710171335,13.358293710171335,178.44401084720303,-1.0,-1,1,
2026-05-05 21:00:00+00:00,week_019,2026-05-04 04:00:00+00:00,-20.985,-0.44071445694761746,-20.544285543052382,20.544285543052382,422.06766847447113,-1.0,-1,1,
2026-05-05 22:00:00+00:00,week_019,2026-05-04 04:00:00+00:00,-24.045,-0.44071445694761746,-23.604285543052384,23.604285543052384,557.1622959979518,-1.0,-1,1,
2026-05-05 23:00:00+00:00,week_019,2026-05-04 04:00:00+00:00,-34.4825,-0.44071445694761746,-34.041785543052384,34.041785543052384,1158.8431629591703,-1.0,-1,1,
2026-05-06 00:00:00+00:00,week_019,2026-05-04 04:00:00+00:00,-45.38000000000001,-0.44071445694761746,-44.93928554305239,44.93928554305239,2019.5393851199979,-1.0,-1,1,
2026-05-06 01:00:00+00:00,week_019,2026-05-04 04:00:00+00:00,-27.2725,-0.44071445694761746,-26.831785543052384,26.831785543052384,719.9447154283549,-1.0,-1,1,
2026-05-06 02:00:00+00:00,week_019,2026-05-04 04:00:00+00:00,-49.635,-0.44071445694761746,-49.19428554305238,49.19428554305238,2420.0777300913724,-1.0,-1,1,
2026-05-06 03:00:00+00:00,week_019,2026-05-04 04:00:00+00:00,-26.422500000000007,-0.44071445694761746,-25.98178554305239,25.98178554305239,675.0531800051662,-1.0,-1,1,
2026-05-06 04:00:00+00:00,week_019,2026-05-04 04:00:00+00:00,-19.1975,-0.44071445694761746,-18.756785543052384,18.756785543052384,351.81700390805895,-1.0,-1,1,
2026-05-06 05:00:00+00:00,week_019,2026-05-04 04:00:00+00:00,-18.1325,-0.44071445694761746,-17.691785543052383,17.691785543052383,312.9992757013573,-1.0,-1,1,
2026-05-06 06:00:00+00:00,week_019,2026-05-04 04:00:00+00:00,-9.947500000000003,-0.44071445694761746,-9.506785543052386,9.506785543052386,90.37897136158985,-1.0,-1,1,
2026-05-06 07:00:00+00:00,week_019,2026-05-04 04:00:00+00:00,-10.0325,-0.44071445694761746,-9.591785543052383,9.591785543052383,92.00234990390871,-1.0,-1,1,
2026-05-06 08:00:00+00:00,week_019,2026-05-04 04:00:00+00:00,-16.529999999999998,-0.3866730673962189,-16.143326932603777,16.143326932603777,260.6070044529305,-1.0,-1,1,
2026-05-06 09:00:00+00:00,week_019,2026-05-04 04:00:00+00:00,-16.3,-0.24589623970469088,-16.05410376029531,16.05410376029531,257.734247546328,-1.0,-1,1,
2026-05-06 10:00:00+00:00,week_019,2026-05-04 04:00:00+00:00,-24.46,0.1614911650767149,-24.621491165076716,24.621491165076716,606.2178271919507,-1.0,1,1,
2026-05-06 11:00:00+00:00,week_019,2026-05-04 04:00:00+00:00,-33.4575,0.9755216095412497,-34.43302160954125,34.43302160954125,1185.6329771631347,-1.0,1,1,
2026-05-06 12:00:00+00:00,week_019,2026-05-04 04:00:00+00:00,-26.8075,0.9755216095412497,-27.78302160954125,27.78302160954125,771.8962897562361,-1.0,1,1,
2026-05-06 13:00:00+00:00,week_019,2026-05-04 04:00:00+00:00,-38.7975,0.9755216095412497,-39.773021609541246,39.773021609541246,1581.893247953035,-1.0,1,1,
2026-05-06 14:00:00+00:00,week_019,2026-05-04 04:00:00+00:00,-16.979999999999997,-0.3157117901968432,-16.664288209803154,16.664288209803154,277.6985015393844,-1.0,-1,1,
2026-05-06 15:00:00+00:00,week_019,2026-05-04 04:00:00+00:00,-7.789999999999999,-0.44071445694761746,-7.349285543052382,7.349285543052382,54.011997993318744,-1.0,-1,1,
2026-05-06 16:00:00+00:00,week_019,2026-05-04 04:00:00+00:00,-11.230000000000004,-0.44071445694761746,-10.789285543052387,10.789285543052387,116.40868252951924,-1.0,-1,1,
2026-05-06 17:00:00+00:00,week_019,2026-05-04 04:00:00+00:00,-17.2025,-0.44071445694761746,-16.761785543052383,16.761785543052383,280.9574545912799,-1.0,-1,1,
2026-05-06 18:00:00+00:00,week_019,2026-05-04 04:00:00+00:00,-2.832500000000003,-0.44071445694761746,-2.3917855430523858,2.3917855430523858,5.7206380839543955,-1.0,-1,1,
2026-05-06 19:00:00+00:00,week_019,2026-05-04 04:00:00+00:00,-2.602499999999999,-0.44071445694761746,-2.161785543052382,2.161785543052382,4.673316734150282,-1.0,-1,1,
2026-05-06 20:00:00+00:00,week_019,2026-05-04 04:00:00+00:00,3.1525,-0.44071445694761746,3.593214456947617,3.593214456947617,12.91119013361736,1.0,-1,1,
2026-05-06 21:00:00+00:00,week_019,2026-05-04 04:00:00+00:00,9.597500000000004,-0.44071445694761746,10.038214456947621,10.038214456947621,100.76574948367222,1.0,-1,1,
2026-05-06 22:00:00+00:00,week_019,2026-05-04 04:00:00+00:00,3.890000000000004,-14.49293789598045,18.382937895980454,18.382937895980454,337.9324056874743,1.0,-1,1,
2026-05-06 23:00:00+00:00,week_019,2026-05-04 04:00:00+00:00,-2.792500000000004,-14.49293789598045,11.700437895980446,11.700437895980446,136.90024695769534,-1.0,-1,1,
2026-05-07 00:00:00+00:00,week_019,2026-05-04 04:00:00+00:00,-8.482500000000002,-2.495959033891101,-5.986540966108901,5.986540966108901,35.838672738900094,-1.0,-1,1,
2026-05-07 01:00:00+00:00,week_019,2026-05-04 04:00:00+00:00,1.8549999999999969,-0.44071445694761746,2.2957144569476142,2.2957144569476142,5.270304867838279,1.0,-1,1,
2026-05-07 02:00:00+00:00,week_019,2026-05-04 04:00:00+00:00,-1.2374999999999972,-0.36288772064259794,-0.8746122793573992,0.8746122793573992,0.7649466392027452,-1.0,-1,1,
2026-05-07 03:00:00+00:00,week_019,2026-05-04 04:00:00+00:00,6.945000000000004,-0.44071445694761746,7.385714456947621,7.385714456947621,54.54877803956509,1.0,-1,1,
2026-05-07 04:00:00+00:00,week_019,2026-05-04 04:00:00+00:00,7.432500000000001,-0.4260206550833201,7.858520655083321,7.858520655083321,61.75634688637119,1.0,-1,1,
2026-05-07 05:00:00+00:00,week_019,2026-05-04 04:00:00+00:00,10.010000000000002,2.9314256795575724,7.07857432044243,7.07857432044243,50.10621441002701,1.0,1,1,
2026-05-07 06:00:00+00:00,week_019,2026-05-04 04:00:00+00:00,17.57,2.9314256795575724,14.638574320442428,14.638574320442428,214.2878581351165,1.0,1,1,
2026-05-07 07:00:00+00:00,week_019,2026-05-04 04:00:00+00:00,11.972499999999997,3.1262438968004997,8.846256103199497,8.846256103199497,78.25624704339435,1.0,1,1,
2026-05-07 08:00:00+00:00,week_019,2026-05-04 04:00:00+00:00,11.987500000000004,0.5041836106867376,11.483316389313266,11.483316389313266,131.86655529707068,1.0,1,1,
2026-05-07 09:00:00+00:00,week_019,2026-05-04 04:00:00+00:00,10.922499999999996,2.390857848273369,8.531642151726627,8.531642151726627,72.78891780511856,1.0,1,1,
2026-05-07 10:00:00+00:00,week_019,2026-05-04 04:00:00+00:00,8.302499999999998,2.696228708957782,5.6062712910422166,5.6062712910422166,31.430277788764162,1.0,1,1,
2026-05-07 11:00:00+00:00,week_019,2026-05-04 04:00:00+00:00,-6.907500000000002,3.605682944489444,-10.513182944489447,10.513182944489447,110.5270156243038,-1.0,1,1,
2026-05-07 12:00:00+00:00,week_019,2026-05-04 04:00:00+00:00,-10.7475,4.347661746046439,-15.09516174604644,15.09516174604644,227.8639081393038,-1.0,1,1,
2026-05-07 13:00:00+00:00,week_019,2026-05-04 04:00:00+00:00,-3.5174999999999983,3.252696965253594,-6.770196965253593,6.770196965253593,45.83556694832896,-1.0,1,1,
2026-05-07 14:00:00+00:00,week_019,2026-05-04 04:00:00+00:00,-4.217499999999999,2.9314256795575724,-7.148925679557571,7.148925679557571,51.107138371837685,-1.0,1,1,
2026-05-07 15:00:00+00:00,week_019,2026-05-04 04:00:00+00:00,-4.925000000000001,2.9314256795575724,-7.856425679557573,7.856425679557573,61.723424458411664,-1.0,1,1,
2026-05-07 16:00:00+00:00,week_019,2026-05-04 04:00:00+00:00,-0.7175000000000011,2.9314256795575724,-3.6489256795575735,3.6489256795575735,13.3146586149347,-1.0,1,1,
2026-05-07 17:00:00+00:00,week_019,2026-05-04 04:00:00+00:00,0.7400000000000002,2.9314256795575724,-2.191425679557572,2.191425679557572,4.802346509024367,1.0,1,1,
2026-05-07 18:00:00+00:00,week_019,2026-05-04 04:00:00+00:00,1.0574999999999992,2.9314256795575724,-1.8739256795575732,1.8739256795575732,3.5115974525053124,1.0,1,1,
2026-05-07 19:00:00+00:00,week_019,2026-05-04 04:00:00+00:00,-0.25,2.067933846676527,-2.317933846676527,2.317933846676527,5.372817317568642,-1.0,1,1,
2026-05-07 20:00:00+00:00,week_019,2026-05-04 04:00:00+00:00,6.939999999999998,4.598394388702052,2.341605611297946,2.341605611297946,5.483116838862027,1.0,1,1,
2026-05-07 21:00:00+00:00,week_019,2026-05-04 04:00:00+00:00,10.3375,4.774100118784805,5.5633998812151955,5.5633998812151955,30.95141823830525,1.0,1,1,
2026-05-07 22:00:00+00:00,week_019,2026-05-04 04:00:00+00:00,6.865000000000002,4.174495634444962,2.6905043655550402,2.6905043655550402,7.23881374107073,1.0,1,1,
2026-05-07 23:00:00+00:00,week_019,2026-05-04 04:00:00+00:00,5.820000000000004,2.293731503200187,3.526268496799817,3.526268496799817,12.43456951152284,1.0,1,1,
2026-05-08 00:00:00+00:00,week_019,2026-05-04 04:00:00+00:00,-14.6225,-0.44071445694761746,-14.181785543052383,14.181785543052383,201.12304118912957,-1.0,-1,1,
2026-05-08 01:00:00+00:00,week_019,2026-05-04 04:00:00+00:00,-17.527500000000003,-0.3866730673962189,-17.140826932603783,17.140826932603783,293.80794793347525,-1.0,-1,1,
2026-05-08 02:00:00+00:00,week_019,2026-05-04 04:00:00+00:00,-7.099999999999994,-0.24589623970469088,-6.854103760295303,6.854103760295303,46.97873835689422,-1.0,-1,1,
2026-05-08 03:00:00+00:00,week_019,2026-05-04 04:00:00+00:00,6.449999999999999,-0.3157117901968432,6.765711790196843,6.765711790196843,45.774856028008564,1.0,-1,1,
2026-05-08 04:00:00+00:00,week_019,2026-05-04 04:00:00+00:00,6.384999999999998,-0.44071445694761746,6.825714456947615,6.825714456947615,46.59037784778368,1.0,-1,1,
2026-05-08 05:00:00+00:00,week_019,2026-05-04 04:00:00+00:00,-0.965,-0.44071445694761746,-0.5242855430523825,0.5242855430523825,0.27487533065373165,-1.0,-1,1,
2026-05-08 06:00:00+00:00,week_019,2026-05-04 04:00:00+00:00,-0.577499999999997,-1.1792036230778893,0.6017036230778923,0.6017036230778923,0.3620472500250623,-1.0,-1,1,
2026-05-08 07:00:00+00:00,week_019,2026-05-04 04:00:00+00:00,-2.107499999999998,-0.24589623970469088,-1.8616037602953073,1.8616037602953073,3.465568560345628,-1.0,-1,1,
2026-05-08 08:00:00+00:00,week_019,2026-05-04 04:00:00+00:00,-0.5500000000000007,-0.24589623970469088,-0.30410376029530983,0.30410376029530983,0.09247909702574726,-1.0,-1,1,
2026-05-08 09:00:00+00:00,week_019,2026-05-04 04:00:00+00:00,-1.6425000000000018,-0.828453736257427,-0.8140462637425748,0.8140462637425748,0.6626713195132456,-1.0,-1,1,
2026-05-08 10:00:00+00:00,week_019,2026-05-04 04:00:00+00:00,-2.6224999999999987,-0.7020006678043325,-1.9204993321956663,1.9204993321956663,3.6883176849640003,-1.0,-1,1,
2026-05-08 11:00:00+00:00,week_019,2026-05-04 04:00:00+00:00,-4.977499999999999,1.566285008444808,-6.543785008444807,6.543785008444807,42.82112223674701,-1.0,1,1,
2026-05-08 12:00:00+00:00,week_019,2026-05-04 04:00:00+00:00,-3.015000000000001,4.347661746046439,-7.36266174604644,7.36266174604644,54.20878798669561,-1.0,1,1,
2026-05-08 13:00:00+00:00,week_019,2026-05-04 04:00:00+00:00,1.25,0.25698750849042407,0.9930124915095759,0.9930124915095759,0.9860738082940557,1.0,1,1,
2026-05-08 14:00:00+00:00,week_019,2026-05-04 04:00:00+00:00,2.532499999999999,-0.44071445694761746,2.973214456947616,2.973214456947616,8.840004207002309,1.0,-1,1,
2026-05-08 15:00:00+00:00,week_019,2026-05-04 04:00:00+00:00,2.057500000000001,-0.44071445694761746,2.4982144569476183,2.4982144569476183,6.241075472902083,1.0,-1,1,
2026-05-08 16:00:00+00:00,week_019,2026-05-04 04:00:00+00:00,5.349999999999998,-0.44071445694761746,5.790714456947615,5.790714456947615,33.53237392190211,1.0,-1,1,
2026-05-08 17:00:00+00:00,week_019,2026-05-04 04:00:00+00:00,8.395,-0.44071445694761746,8.835714456947617,8.835714456947617,78.06984996471311,1.0,-1,1,
2026-05-08 18:00:00+00:00,week_019,2026-05-04 04:00:00+00:00,5.859999999999999,-0.44071445694761746,6.300714456947617,6.300714456947617,39.6990026679887,1.0,-1,1,
2026-05-08 19:00:00+00:00,week_019,2026-05-04 04:00:00+00:00,1.7474999999999987,-0.44071445694761746,2.188214456947616,2.188214456947616,4.78828250959455,1.0,-1,1,
2026-05-08 20:00:00+00:00,week_019,2026-05-04 04:00:00+00:00,-1.0399999999999991,-0.44071445694761746,-0.5992855430523817,0.5992855430523817,0.35914316211158803,-1.0,-1,1,
2026-05-08 21:00:00+00:00,week_019,2026-05-04 04:00:00+00:00,1.7175000000000011,-0.44071445694761746,2.1582144569476185,2.1582144569476185,4.657889642177704,1.0,-1,1,
2026-05-08 22:00:00+00:00,week_019,2026-05-04 04:00:00+00:00,-6.135000000000002,-0.44071445694761746,-5.694285543052384,5.694285543052384,32.424887845815384,-1.0,-1,1,
2026-05-08 23:00:00+00:00,week_019,2026-05-04 04:00:00+00:00,-12.4175,-0.44071445694761746,-11.976785543052383,11.976785543052383,143.44339194426857,-1.0,-1,1,
2026-05-09 00:00:00+00:00,week_019,2026-05-04 04:00:00+00:00,-21.095,-0.44071445694761746,-20.65428554305238,20.65428554305238,426.5995112939426,-1.0,-1,1,
2026-05-09 01:00:00+00:00,week_019,2026-05-04 04:00:00+00:00,-12.045000000000002,-0.44071445694761746,-11.604285543052384,11.604285543052384,134.65944296469456,-1.0,-1,1,
2026-05-09 02:00:00+00:00,week_019,2026-05-04 04:00:00+00:00,0.0750000000000028,-0.24589623970469088,0.32089623970469366,0.32089623970469366,0.10297439665661222,1.0,-1,1,
2026-05-09 03:00:00+00:00,week_019,2026-05-04 04:00:00+00:00,11.9925,-0.44071445694761746,12.433214456947617,12.433214456947617,154.58482173245122,1.0,-1,1,
2026-05-09 04:00:00+00:00,week_019,2026-05-04 04:00:00+00:00,8.405000000000001,2.181345829166145,6.223654170833856,6.223654170833856,38.73387123813765,1.0,1,1,
2026-05-09 05:00:00+00:00,week_019,2026-05-04 04:00:00+00:00,1.25,2.181345829166145,-0.931345829166145,0.931345829166145,0.867405053505174,1.0,1,1,
2026-05-09 06:00:00+00:00,week_019,2026-05-04 04:00:00+00:00,-8.525000000000002,-0.24589623970469088,-8.27910376029531,8.27910376029531,68.54355907373595,-1.0,-1,1,
2026-05-09 07:00:00+00:00,week_019,2026-05-04 04:00:00+00:00,2.3799999999999955,-0.24589623970469088,2.6258962397046863,2.6258962397046863,6.895331061695211,1.0,-1,1,
2026-05-09 08:00:00+00:00,week_019,2026-05-04 04:00:00+00:00,1.7099999999999935,3.0135857879643537,-1.3035857879643602,1.3035857879643602,1.6993359065826619,1.0,1,1,
2026-05-09 09:00:00+00:00,week_019,2026-05-04 04:00:00+00:00,-8.342499999999998,3.5975818956550114,-11.940081895655009,11.940081895655009,142.5655556749485,-1.0,1,1,
2026-05-09 10:00:00+00:00,week_019,2026-05-04 04:00:00+00:00,-8.267499999999998,4.030588207971235,-12.298088207971233,12.298088207971233,151.2429735710411,-1.0,1,1,
2026-05-09 11:00:00+00:00,week_019,2026-05-04 04:00:00+00:00,-8.285,4.347661746046439,-12.63266174604644,12.63266174604644,159.58414279002508,-1.0,1,1,
2026-05-09 12:00:00+00:00,week_019,2026-05-04 04:00:00+00:00,0.8825000000000003,3.5342618396063,-2.6517618396062996,2.6517618396062996,7.031840853992186,1.0,1,1,
2026-05-09 13:00:00+00:00,week_019,2026-05-04 04:00:00+00:00,0.7200000000000024,4.347661746046439,-3.627661746046437,3.627661746046437,13.159929743728682,1.0,1,1,
2026-05-09 14:00:00+00:00,week_019,2026-05-04 04:00:00+00:00,-0.2799999999999976,2.9314256795575724,-3.21142567955757,3.21142567955757,10.3132548953218,-1.0,1,1,
2026-05-09 15:00:00+00:00,week_019,2026-05-04 04:00:00+00:00,-0.8450000000000024,2.9314256795575724,-3.776425679557575,3.776425679557575,14.261390913221891,-1.0,1,1,
2026-05-09 16:00:00+00:00,week_019,2026-05-04 04:00:00+00:00,-0.9000000000000021,2.9314256795575724,-3.8314256795575745,3.8314256795575745,14.679822737973222,-1.0,1,1,
2026-05-09 17:00:00+00:00,week_019,2026-05-04 04:00:00+00:00,-1.4224999999999994,2.067933846676527,-3.4904338466765266,3.4904338466765266,12.183128438025093,-1.0,1,1,
2026-05-09 18:00:00+00:00,week_019,2026-05-04 04:00:00+00:00,-4.375,2.067933846676527,-6.442933846676527,6.442933846676527,41.51139655264999,-1.0,1,1,
2026-05-09 19:00:00+00:00,week_019,2026-05-04 04:00:00+00:00,-2.772499999999999,1.3325477981493967,-4.105047798149396,4.105047798149396,16.851417425091206,-1.0,1,1,
2026-05-09 20:00:00+00:00,week_019,2026-05-04 04:00:00+00:00,-2.6675000000000004,1.3178539962850992,-3.9853539962850997,3.9853539962850997,15.883046475705614,-1.0,1,1,
2026-05-09 21:00:00+00:00,week_019,2026-05-04 04:00:00+00:00,-2.577500000000001,-1.3042062898286642,-1.2732937101713369,1.2732937101713369,1.6212768723618884,-1.0,-1,1,
2026-05-09 22:00:00+00:00,week_019,2026-05-04 04:00:00+00:00,-5.362500000000001,-1.3042062898286642,-4.058293710171337,4.058293710171337,16.469747838016232,-1.0,-1,1,
2026-05-09 23:00:00+00:00,week_019,2026-05-04 04:00:00+00:00,-9.544999999999998,-1.3042062898286642,-8.240793710171333,8.240793710171333,67.91068097359941,-1.0,-1,1,
2026-05-10 00:00:00+00:00,week_019,2026-05-04 04:00:00+00:00,-9.122500000000002,-1.3042062898286642,-7.818293710171338,7.818293710171338,61.12571653850471,-1.0,-1,1,
2026-05-10 01:00:00+00:00,week_019,2026-05-04 04:00:00+00:00,-8.182500000000005,-1.3042062898286642,-6.878293710171341,6.878293710171341,47.310924363382625,-1.0,-1,1,
2026-05-10 02:00:00+00:00,week_019,2026-05-04 04:00:00+00:00,-0.7424999999999997,-1.3042062898286642,0.5617062898286644,0.5617062898286644,0.3155139560330836,-1.0,-1,1,
2026-05-10 03:00:00+00:00,week_019,2026-05-04 04:00:00+00:00,-0.5599999999999987,-1.3042062898286642,0.7442062898286654,0.7442062898286654,0.5538430018205476,-1.0,-1,1,
2026-05-10 04:00:00+00:00,week_019,2026-05-04 04:00:00+00:00,-2.2399999999999984,-1.3042062898286642,-0.9357937101713343,0.9357937101713343,0.8757098679962312,-1.0,-1,1,
2026-05-10 05:00:00+00:00,week_019,2026-05-04 04:00:00+00:00,-0.2099999999999973,-0.44071445694761746,0.23071445694762016,0.23071445694762016,0.05322916064463528,-1.0,-1,1,
2026-05-10 06:00:00+00:00,week_019,2026-05-04 04:00:00+00:00,-3.2,-0.44071445694761746,-2.759285543052383,2.759285543052383,7.613656708097883,-1.0,-1,1,
2026-05-10 07:00:00+00:00,week_019,2026-05-04 04:00:00+00:00,-3.994999999999999,-0.44071445694761746,-3.554285543052382,3.554285543052382,12.632945721551165,-1.0,-1,1,
2026-05-10 08:00:00+00:00,week_019,2026-05-04 04:00:00+00:00,-4.760000000000002,-0.44071445694761746,-4.319285543052384,4.319285543052384,18.65622760242133,-1.0,-1,1,
2026-05-10 09:00:00+00:00,week_019,2026-05-04 04:00:00+00:00,-5.300000000000001,-0.44071445694761746,-4.859285543052383,4.859285543052383,23.612655988917897,-1.0,-1,1,
2026-05-10 10:00:00+00:00,week_019,2026-05-04 04:00:00+00:00,-1.572499999999998,-0.44071445694761746,-1.1317855430523807,1.1317855430523807,1.2809385154623723,-1.0,-1,1,
2026-05-10 11:00:00+00:00,week_019,2026-05-04 04:00:00+00:00,-1.0,-0.44071445694761746,-0.5592855430523825,0.5592855430523825,0.31280031866739844,-1.0,-1,1,
2026-05-10 12:00:00+00:00,week_019,2026-05-04 04:00:00+00:00,0.1174999999999997,-0.44071445694761746,0.5582144569476172,0.5582144569476172,0.31160337994532317,1.0,-1,1,
2026-05-10 13:00:00+00:00,week_019,2026-05-04 04:00:00+00:00,-1.8699999999999992,-0.44071445694761746,-1.4292855430523819,1.4292855430523819,2.042857163578542,-1.0,-1,1,
2026-05-10 14:00:00+00:00,week_019,2026-05-04 04:00:00+00:00,-1.0124999999999993,-0.44071445694761746,-0.5717855430523818,0.5717855430523818,0.3269387072437072,-1.0,-1,1,
2026-05-10 15:00:00+00:00,week_019,2026-05-04 04:00:00+00:00,-1.102500000000001,-0.44071445694761746,-0.6617855430523835,0.6617855430523835,0.4379601049931381,-1.0,-1,1,
2026-05-10 16:00:00+00:00,week_019,2026-05-04 04:00:00+00:00,-1.2624999999999993,-0.44071445694761746,-0.8217855430523818,0.8217855430523818,0.6753314787698981,-1.0,-1,1,
2026-05-10 17:00:00+00:00,week_019,2026-05-04 04:00:00+00:00,2.66,-0.44071445694761746,3.1007144569476175,3.1007144569476175,9.614430143523958,1.0,-1,1,
2026-05-10 18:00:00+00:00,week_019,2026-05-04 04:00:00+00:00,5.2125,-0.44071445694761746,5.653214456947618,5.653214456947618,31.95883369624155,1.0,-1,1,
2026-05-10 19:00:00+00:00,week_019,2026-05-04 04:00:00+00:00,4.355000000000002,-0.44071445694761746,4.7957144569476196,4.7957144569476196,22.9988771525764,1.0,-1,1,
2026-05-10 20:00:00+00:00,week_019,2026-05-04 04:00:00+00:00,1.9450000000000005,-0.44071445694761746,2.385714456947618,2.385714456947618,5.691633470088869,1.0,-1,1,
2026-05-10 21:00:00+00:00,week_019,2026-05-04 04:00:00+00:00,-1.9225,-0.44071445694761746,-1.4817855430523825,1.4817855430523825,2.1956883955990443,-1.0,-1,1,
2026-05-10 22:00:00+00:00,week_019,2026-05-04 04:00:00+00:00,4.4375,-0.44071445694761746,4.878214456947617,4.878214456947617,23.796976287972736,1.0,-1,1,
2026-05-10 23:00:00+00:00,week_019,2026-05-04 04:00:00+00:00,1.9074999999999989,-0.44071445694761746,2.348214456947616,2.348214456947616,5.514111135817788,1.0,-1,1,
2026-05-11 00:00:00+00:00,week_019,2026-05-04 04:00:00+00:00,-3.3225000000000016,-0.44071445694761746,-2.881785543052384,2.881785543052384,8.304687916145724,-1.0,-1,1,
2026-05-11 01:00:00+00:00,week_019,2026-05-04 04:00:00+00:00,-9.0325,-0.44071445694761746,-8.591785543052383,8.591785543052383,73.81877881780393,-1.0,-1,1,
2026-05-11 02:00:00+00:00,week_019,2026-05-04 04:00:00+00:00,-12.707500000000003,-0.44071445694761746,-12.266785543052386,12.266785543052386,150.474027559239,-1.0,-1,1,
2026-05-11 03:00:00+00:00,week_019,2026-05-04 04:00:00+00:00,-7.527499999999996,-0.44071445694761746,-7.086785543052379,7.086785543052379,50.2225293332162,-1.0,-1,1,
2026-05-11 04:00:00+00:00,week_019,2026-05-04 04:00:00+00:00,2.830000000000002,-0.44071445694761746,3.270714456947619,3.270714456947619,10.69757305888616,1.0,-1,1,
2026-05-11 05:00:00+00:00,week_020,2026-05-11 04:00:00+00:00,-6.122500000000002,-0.44653275628032213,-5.67596724371968,5.67596724371968,32.21660415177878,-1.0,-1,1,
2026-05-11 06:00:00+00:00,week_020,2026-05-11 04:00:00+00:00,-5.715,-0.3906516804336237,-5.3243483195663766,5.3243483195663766,28.348685028069298,-1.0,-1,1,
2026-05-11 07:00:00+00:00,week_020,2026-05-11 04:00:00+00:00,-6.234999999999999,0.09368145261411717,-6.328681452614116,6.328681452614116,40.05220892866192,-1.0,1,1,
2026-05-11 08:00:00+00:00,week_020,2026-05-11 04:00:00+00:00,-5.165000000000003,1.1849336121166187,-6.349933612116621,6.349933612116621,40.321656878288444,-1.0,1,1,
2026-05-11 09:00:00+00:00,week_020,2026-05-11 04:00:00+00:00,-3.474999999999998,0.31375096124845925,-3.788750961248457,3.788750961248457,14.354633846361107,-1.0,1,1,
2026-05-11 10:00:00+00:00,week_020,2026-05-11 04:00:00+00:00,0.720000000000006,0.9004084813122276,-0.18040848131222165,0.18040848131222165,0.03254722012938223,1.0,1,1,
2026-05-11 11:00:00+00:00,week_020,2026-05-11 04:00:00+00:00,-5.9575,1.106913348236906,-7.064413348236906,7.064413348236906,49.905935954747775,-1.0,1,1,
2026-05-11 12:00:00+00:00,week_020,2026-05-11 04:00:00+00:00,-8.275000000000002,1.771591132180387,-10.046591132180389,10.046591132180389,100.93399337720562,-1.0,1,1,
2026-05-11 13:00:00+00:00,week_020,2026-05-11 04:00:00+00:00,-8.337500000000002,0.9004084813122276,-9.23790848131223,9.23790848131223,85.33895310910043,-1.0,1,1,
2026-05-11 14:00:00+00:00,week_020,2026-05-11 04:00:00+00:00,-8.945000000000002,-0.3906516804336237,-8.554348319566378,8.554348319566378,73.17687517246812,-1.0,-1,1,
2026-05-11 15:00:00+00:00,week_020,2026-05-11 04:00:00+00:00,-5.390000000000001,2.0006678059499525,-7.390667805949953,7.390667805949953,54.621970617905085,-1.0,1,1,
2026-05-11 16:00:00+00:00,week_020,2026-05-11 04:00:00+00:00,0.2700000000000031,2.2383294123776905,-1.9683294123776873,1.9683294123776873,3.874320675631092,1.0,1,1,
2026-05-11 17:00:00+00:00,week_020,2026-05-11 04:00:00+00:00,-1.2449999999999992,2.2383294123776905,-3.4833294123776897,3.4833294123776897,12.1335837951355,-1.0,1,1,
2026-05-11 18:00:00+00:00,week_020,2026-05-11 04:00:00+00:00,-4.0825,2.2383294123776905,-6.32082941237769,6.32082941237769,39.9528844603789,-1.0,1,1,
2026-05-11 19:00:00+00:00,week_020,2026-05-11 04:00:00+00:00,-5.3100000000000005,2.2383294123776905,-7.548329412377691,7.548329412377691,56.97727691776614,-1.0,1,1,
2026-05-11 20:00:00+00:00,week_020,2026-05-11 04:00:00+00:00,-3.6975000000000016,2.2383294123776905,-5.935829412377692,5.935829412377692,35.234070812848095,-1.0,1,1,
2026-05-11 21:00:00+00:00,week_020,2026-05-11 04:00:00+00:00,-6.287500000000001,2.1897352234242256,-8.477235223424227,8.477235223424227,71.8635170332644,-1.0,1,1,
2026-05-11 22:00:00+00:00,week_020,2026-05-11 04:00:00+00:00,-9.4375,3.0744700965842844,-12.511970096584285,12.511970096584285,156.54939569781936,-1.0,1,1,
2026-05-11 23:00:00+00:00,week_020,2026-05-11 04:00:00+00:00,-28.185,2.592860274610997,-30.777860274610994,30.777860274610994,947.2766830834776,-1.0,1,1,
2026-05-12 00:00:00+00:00,week_020,2026-05-11 04:00:00+00:00,-56.4875,2.2924899574148165,-58.77998995741481,58.77998995741481,3455.087219393786,-1.0,1,1,
2026-05-12 01:00:00+00:00,week_020,2026-05-11 04:00:00+00:00,-73.2425,3.040783664560156,-76.28328366456016,76.28328366456016,5819.139366647751,-1.0,1,1,
2026-05-12 02:00:00+00:00,week_020,2026-05-11 04:00:00+00:00,-51.60249999999999,0.06983415318929481,-51.67233415318929,51.67233415318929,2670.0301168388523,-1.0,1,1,
2026-05-12 03:00:00+00:00,week_020,2026-05-11 04:00:00+00:00,-12.442500000000004,3.5861065508809307,-16.028606550880934,16.028606550880934,256.9162279629432,-1.0,1,1,
2026-05-12 04:00:00+00:00,week_020,2026-05-11 04:00:00+00:00,-5.247499999999999,2.983340376805002,-8.230840376805,8.230840376805,67.74673330844348,-1.0,1,1,
2026-05-12 05:00:00+00:00,week_020,2026-05-11 04:00:00+00:00,3.802500000000002,-0.9433977424334953,4.745897742433497,4.745897742433497,22.523545381635365,1.0,-1,1,
2026-05-12 06:00:00+00:00,week_020,2026-05-11 04:00:00+00:00,2.4150000000000027,-1.2212260085565572,3.6362260085565596,3.6362260085565596,13.22213958530317,1.0,-1,1,
2026-05-12 07:00:00+00:00,week_020,2026-05-11 04:00:00+00:00,1.902500000000004,1.1700934778270196,0.7324065221729845,0.7324065221729845,0.5364193137215265,1.0,1,1,
2026-05-12 08:00:00+00:00,week_020,2026-05-11 04:00:00+00:00,3.0474999999999994,2.2070912652025076,0.8404087347974918,0.8404087347974918,0.7062868415239208,1.0,1,1,
2026-05-12 09:00:00+00:00,week_020,2026-05-11 04:00:00+00:00,2.4224999999999994,2.1897352234242256,0.23276477657577388,0.23276477657577388,0.05417944121436993,1.0,1,1,
2026-05-12 10:00:00+00:00,week_020,2026-05-11 04:00:00+00:00,1.865000000000002,2.129679018493666,-0.26467901849366404,0.26467901849366404,0.07005498283076936,1.0,1,1,
2026-05-12 11:00:00+00:00,week_020,2026-05-11 04:00:00+00:00,-2.102499999999999,-0.3045874723828217,-1.7979125276171775,1.7979125276171775,3.2324894569627878,-1.0,-1,1,
2026-05-12 12:00:00+00:00,week_020,2026-05-11 04:00:00+00:00,-5.789999999999999,0.6379185776837218,-6.427918577683721,6.427918577683721,41.31813724133151,-1.0,1,1,
2026-05-12 13:00:00+00:00,week_020,2026-05-11 04:00:00+00:00,-5.59,1.4815733068134138,-7.071573306813414,7.071573306813414,50.007149033636,-1.0,1,1,
2026-05-12 14:00:00+00:00,week_020,2026-05-11 04:00:00+00:00,-3.125,-1.2212260085565572,-1.9037739914434428,1.9037739914434428,3.624355410496498,-1.0,-1,1,
2026-05-12 15:00:00+00:00,week_020,2026-05-11 04:00:00+00:00,-3.9075,-0.4951269452337874,-3.4123730547662126,3.4123730547662126,11.644289864894493,-1.0,-1,1,
2026-05-12 16:00:00+00:00,week_020,2026-05-11 04:00:00+00:00,-4.82,-1.2771070844032557,-3.5428929155967444,3.5428929155967444,12.5520902113856,-1.0,-1,1,
2026-05-12 17:00:00+00:00,week_020,2026-05-11 04:00:00+00:00,-4.822500000000001,-1.2771070844032557,-3.5453929155967447,3.5453929155967447,12.569810925963587,-1.0,-1,1,
2026-05-12 18:00:00+00:00,week_020,2026-05-11 04:00:00+00:00,5.37,-1.2771070844032557,6.647107084403256,6.647107084403256,44.18403259152395,1.0,-1,1,
2026-05-12 19:00:00+00:00,week_020,2026-05-11 04:00:00+00:00,5.4175,-1.2771070844032557,6.694607084403256,6.694607084403256,44.81776401454227,1.0,-1,1,
2026-05-12 20:00:00+00:00,week_020,2026-05-11 04:00:00+00:00,3.98,-1.2771070844032557,5.2571070844032555,5.2571070844032555,27.637174896882897,1.0,-1,1,
2026-05-12 21:00:00+00:00,week_020,2026-05-11 04:00:00+00:00,2.344999999999999,-1.2771070844032557,3.622107084403255,3.622107084403255,13.119659730884248,1.0,-1,1,
2026-05-12 22:00:00+00:00,week_020,2026-05-11 04:00:00+00:00,4.462499999999999,-1.2771070844032557,5.7396070844032545,5.7396070844032545,32.94308948333203,1.0,-1,1,
2026-05-12 23:00:00+00:00,week_020,2026-05-11 04:00:00+00:00,17.459999999999997,-1.2771070844032557,18.737107084403252,18.737107084403252,351.07918189239456,1.0,-1,1,
2026-05-13 00:00:00+00:00,week_020,2026-05-11 04:00:00+00:00,6.907499999999999,-1.2771070844032557,8.184607084403254,8.184607084403254,66.98779312606393,1.0,-1,1,
2026-05-13 01:00:00+00:00,week_020,2026-05-11 04:00:00+00:00,-7.982499999999995,-1.2212260085565572,-6.761273991443438,6.761273991443438,45.71482598736947,-1.0,-1,1,
2026-05-13 02:00:00+00:00,week_020,2026-05-11 04:00:00+00:00,-3.344999999999999,-4.504312869425542,1.159312869425543,1.159312869425543,1.344006329215686,-1.0,-1,1,
2026-05-13 03:00:00+00:00,week_020,2026-05-11 04:00:00+00:00,3.852500000000002,-1.2212260085565572,5.073726008556559,5.073726008556559,25.74269560990327,1.0,-1,1,
2026-05-13 04:00:00+00:00,week_020,2026-05-11 04:00:00+00:00,6.169999999999998,-1.2212260085565572,7.391226008556555,7.391226008556555,54.63022190956286,1.0,-1,1,
2026-05-13 05:00:00+00:00,week_020,2026-05-11 04:00:00+00:00,5.215,-1.2212260085565572,6.436226008556557,6.436226008556557,41.42500523321986,1.0,-1,1,
2026-05-13 06:00:00+00:00,week_020,2026-05-11 04:00:00+00:00,4.785,-1.2212260085565572,6.006226008556557,6.006226008556557,36.07475086586123,1.0,-1,1,
2026-05-13 07:00:00+00:00,week_020,2026-05-11 04:00:00+00:00,3.7975,-1.2212260085565572,5.018726008556557,5.018726008556557,25.187610748962033,1.0,-1,1,
2026-05-13 08:00:00+00:00,week_020,2026-05-11 04:00:00+00:00,5.775000000000002,-1.2212260085565572,6.996226008556559,6.996226008556559,48.94717836280324,1.0,-1,1,
2026-05-13 09:00:00+00:00,week_020,2026-05-11 04:00:00+00:00,8.092500000000001,-0.42188982760880817,8.51438982760881,8.51438982760881,72.49483413648838,1.0,-1,1,
2026-05-13 10:00:00+00:00,week_020,2026-05-11 04:00:00+00:00,9.262499999999996,2.2070912652025076,7.0554087347974885,7.0554087347974885,49.7787924150567,1.0,1,1,
2026-05-13 11:00:00+00:00,week_020,2026-05-11 04:00:00+00:00,19.377500000000005,1.542413481259026,17.83508651874098,17.83508651874098,318.0903111309762,1.0,1,1,
2026-05-13 12:00:00+00:00,week_020,2026-05-11 04:00:00+00:00,10.765,1.685583350377821,9.07941664962218,9.07941664962218,82.43580669743646,1.0,1,1,
2026-05-13 13:00:00+00:00,week_020,2026-05-11 04:00:00+00:00,7.3725,1.542413481259026,5.830086518740973,5.830086518740973,33.98990881600524,1.0,1,1,
2026-05-13 14:00:00+00:00,week_020,2026-05-11 04:00:00+00:00,11.83,2.2070912652025076,9.622908734797493,9.622908734797493,92.60037251824188,1.0,1,1,
2026-05-13 15:00:00+00:00,week_020,2026-05-11 04:00:00+00:00,13.9825,1.4077550842547593,12.57474491574524,12.57474491574524,158.12420969606077,1.0,1,1,
2026-05-13 16:00:00+00:00,week_020,2026-05-11 04:00:00+00:00,13.285000000000002,1.4077550842547593,11.877244915745242,11.877244915745242,141.0689467885962,1.0,1,1,
2026-05-13 17:00:00+00:00,week_020,2026-05-11 04:00:00+00:00,12.25,1.542413481259026,10.707586518740975,10.707586518740975,114.65240905632346,1.0,1,1,
2026-05-13 18:00:00+00:00,week_020,2026-05-11 04:00:00+00:00,15.85,2.2070912652025076,13.642908734797492,13.642908734797492,186.12895874601372,1.0,1,1,
2026-05-13 19:00:00+00:00,week_020,2026-05-11 04:00:00+00:00,19.5075,2.2070912652025076,17.300408734797493,17.300408734797493,299.3041423910574,1.0,1,1,
2026-05-13 20:00:00+00:00,week_020,2026-05-11 04:00:00+00:00,14.7425,1.4077550842547593,13.33474491574524,13.33474491574524,177.81542196799353,1.0,1,1,
2026-05-13 21:00:00+00:00,week_020,2026-05-11 04:00:00+00:00,11.925,1.4077550842547593,10.517244915745241,10.517244915745241,110.61244061776912,1.0,1,1,
2026-05-13 22:00:00+00:00,week_020,2026-05-11 04:00:00+00:00,9.7575,-1.2160755797699754,10.973575579769976,10.973575579769976,120.41936100492397,1.0,-1,1,
2026-05-13 23:00:00+00:00,week_020,2026-05-11 04:00:00+00:00,17.952500000000004,-1.2160755797699754,19.16857557976998,19.16857557976998,367.43428975735395,1.0,-1,1,
2026-05-14 00:00:00+00:00,week_020,2026-05-11 04:00:00+00:00,2.3574999999999946,-1.2771070844032557,3.6346070844032505,3.6346070844032505,13.210368657994298,1.0,-1,1,
2026-05-14 01:00:00+00:00,week_020,2026-05-11 04:00:00+00:00,27.6325,-1.2771070844032557,28.909607084403255,28.909607084403255,835.7653817745789,1.0,-1,1,
2026-05-14 02:00:00+00:00,week_020,2026-05-11 04:00:00+00:00,6.045000000000009,-1.2212260085565572,7.266226008556566,7.266226008556566,52.79804040742388,1.0,-1,1,
2026-05-14 03:00:00+00:00,week_020,2026-05-11 04:00:00+00:00,6.530000000000001,-1.2771070844032557,7.807107084403257,7.807107084403257,60.950921027339525,1.0,-1,1,
2026-05-14 04:00:00+00:00,week_020,2026-05-11 04:00:00+00:00,2.0675000000000026,-1.2771070844032557,3.3446070844032585,3.3446070844032585,11.186396549040465,1.0,-1,1,
2026-05-14 05:00:00+00:00,week_020,2026-05-11 04:00:00+00:00,-5.565000000000001,-1.2771070844032557,-4.287892915596745,4.287892915596745,18.386025655624756,-1.0,-1,1,
2026-05-14 06:00:00+00:00,week_020,2026-05-11 04:00:00+00:00,-7.314999999999999,-1.2212260085565572,-6.093773991443442,6.093773991443442,37.13408145879254,-1.0,-1,1,
2026-05-14 07:00:00+00:00,week_020,2026-05-11 04:00:00+00:00,-6.555,-1.2771070844032557,-5.277892915596744,5.277892915596744,27.8561536285063,-1.0,-1,1,
2026-05-14 08:00:00+00:00,week_020,2026-05-11 04:00:00+00:00,-3.6675,-1.2212260085565572,-2.4462739914434426,2.4462739914434426,5.984256441212632,-1.0,-1,1,
2026-05-14 09:00:00+00:00,week_020,2026-05-11 04:00:00+00:00,-1.932500000000001,-1.2212260085565572,-0.7112739914434438,0.7112739914434438,0.5059106909038882,-1.0,-1,1,
2026-05-14 10:00:00+00:00,week_020,2026-05-11 04:00:00+00:00,-0.004999999999999,-1.2212260085565572,1.2162260085565582,1.2162260085565582,1.479205703889417,-1.0,-1,1,
2026-05-14 11:00:00+00:00,week_020,2026-05-11 04:00:00+00:00,2.515000000000001,-1.2212260085565572,3.7362260085565584,3.7362260085565584,13.959384787014471,1.0,-1,1,
2026-05-14 12:00:00+00:00,week_020,2026-05-11 04:00:00+00:00,-3.022499999999999,-1.2212260085565572,-1.801273991443442,1.801273991443442,3.244587992250589,-1.0,-1,1,
2026-05-14 13:00:00+00:00,week_020,2026-05-11 04:00:00+00:00,-5.58,-1.2771070844032557,-4.302892915596744,4.302892915596744,18.51488744309265,-1.0,-1,1,
2026-05-14 14:00:00+00:00,week_020,2026-05-11 04:00:00+00:00,0.2099999999999999,-1.2771070844032557,1.4871070844032557,1.4871070844032557,2.2114874804823517,1.0,-1,1,
2026-05-14 15:00:00+00:00,week_020,2026-05-11 04:00:00+00:00,-3.9925,-1.2771070844032557,-2.7153929155967447,2.7153929155967447,7.37335868607299,-1.0,-1,1,
2026-05-14 16:00:00+00:00,week_020,2026-05-11 04:00:00+00:00,-6.5125,-1.2771070844032557,-5.235392915596744,5.235392915596744,27.409338980680577,-1.0,-1,1,
2026-05-14 17:00:00+00:00,week_020,2026-05-11 04:00:00+00:00,-5.52,-1.2771070844032557,-4.242892915596744,4.242892915596744,18.002140293221036,-1.0,-1,1,
2026-05-14 18:00:00+00:00,week_020,2026-05-11 04:00:00+00:00,-0.7750000000000021,-1.2771070844032557,0.5021070844032536,0.5021070844032536,0.25211152420793603,-1.0,-1,1,
2026-05-14 19:00:00+00:00,week_020,2026-05-11 04:00:00+00:00,4.5425,-1.2771070844032557,5.819607084403256,5.819607084403256,33.86782661683657,1.0,-1,1,
2026-05-14 20:00:00+00:00,week_020,2026-05-11 04:00:00+00:00,8.239999999999998,-1.2771070844032557,9.517107084403253,9.517107084403253,90.5753272559986,1.0,-1,1,
2026-05-14 21:00:00+00:00,week_020,2026-05-11 04:00:00+00:00,9.662499999999998,-1.2160755797699754,10.878575579769974,10.878575579769974,118.34340664476763,1.0,-1,1,
2026-05-14 22:00:00+00:00,week_020,2026-05-11 04:00:00+00:00,-2.395,-1.2160755797699754,-1.1789244202300246,1.1789244202300246,1.3898627886146997,-1.0,-1,1,
2026-05-14 23:00:00+00:00,week_020,2026-05-11 04:00:00+00:00,1.697499999999998,-1.2771070844032557,2.974607084403254,2.974607084403254,8.848287306582026,1.0,-1,1,
2026-05-15 00:00:00+00:00,week_020,2026-05-11 04:00:00+00:00,-4.052500000000002,-1.2771070844032557,-2.775392915596746,2.775392915596746,7.7028058359446065,-1.0,-1,1,
2026-05-15 01:00:00+00:00,week_020,2026-05-11 04:00:00+00:00,3.740000000000002,-1.2771070844032557,5.017107084403258,5.017107084403258,25.17136349636936,1.0,-1,1,
2026-05-15 02:00:00+00:00,week_020,2026-05-11 04:00:00+00:00,12.445,-1.2771070844032557,13.722107084403255,13.722107084403255,188.29622283583,1.0,-1,1,
2026-05-15 03:00:00+00:00,week_020,2026-05-11 04:00:00+00:00,15.47,-1.2212260085565572,16.69122600855656,16.69122600855656,278.5970256687149,1.0,-1,1,
2026-05-15 04:00:00+00:00,week_020,2026-05-11 04:00:00+00:00,3.344999999999999,2.2070912652025076,1.1379087347974912,1.1379087347974912,1.2948362887284273,1.0,1,1,
2026-05-15 05:00:00+00:00,week_020,2026-05-11 04:00:00+00:00,1.8200000000000005,1.4077550842547593,0.41224491574524125,0.41224491574524125,0.16994587055780105,1.0,1,1,
2026-05-15 06:00:00+00:00,week_020,2026-05-11 04:00:00+00:00,-0.0324999999999988,-1.2771070844032557,1.2446070844032568,1.2446070844032568,1.5490467945467756,-1.0,-1,1,
2026-05-15 07:00:00+00:00,week_020,2026-05-11 04:00:00+00:00,-0.8550000000000004,-0.4951269452337874,-0.359873054766213,0.359873054766213,0.12950861554676574,-1.0,-1,1,
2026-05-15 08:00:00+00:00,week_020,2026-05-11 04:00:00+00:00,-1.2925000000000004,-0.4951269452337874,-0.797373054766213,0.797373054766213,0.6358037884672021,-1.0,-1,1,
2026-05-15 09:00:00+00:00,week_020,2026-05-11 04:00:00+00:00,-2.917499999999997,-0.4951269452337874,-2.4223730547662097,2.4223730547662097,5.867891216457378,-1.0,-1,1,
2026-05-15 10:00:00+00:00,week_020,2026-05-11 04:00:00+00:00,-2.4575,-0.4951269452337874,-1.9623730547662126,1.9623730547662126,3.8509080060724767,-1.0,-1,1,
2026-05-15 11:00:00+00:00,week_020,2026-05-11 04:00:00+00:00,-0.0875000000000021,0.6263560500189668,-0.7138560500189689,0.7138560500189689,0.5095904601486846,-1.0,1,1,
2026-05-15 12:00:00+00:00,week_020,2026-05-11 04:00:00+00:00,-3.4125000000000014,-0.44653275628032213,-2.965967243719679,2.965967243719679,8.79696169081811,-1.0,-1,1,
2026-05-15 13:00:00+00:00,week_020,2026-05-11 04:00:00+00:00,-3.98,-0.44653275628032213,-3.5334672437196777,3.5334672437196777,12.485390762439936,-1.0,-1,1,
2026-05-15 14:00:00+00:00,week_020,2026-05-11 04:00:00+00:00,-1.3425000000000011,-0.44653275628032213,-0.8959672437196791,0.8959672437196791,0.8027573018186388,-1.0,-1,1,
2026-05-15 15:00:00+00:00,week_020,2026-05-11 04:00:00+00:00,-4.532500000000001,-0.44653275628032213,-4.085967243719678,4.085967243719678,16.695128316750186,-1.0,-1,1,
2026-05-15 16:00:00+00:00,week_020,2026-05-11 04:00:00+00:00,-8.212499999999999,-0.4951269452337874,-7.717373054766211,7.717373054766211,59.55784686643157,-1.0,-1,1,
2026-05-15 17:00:00+00:00,week_020,2026-05-11 04:00:00+00:00,-7.060000000000002,-0.4951269452337874,-6.564873054766215,6.564873054766215,43.0975582251955,-1.0,-1,1,
2026-05-15 18:00:00+00:00,week_020,2026-05-11 04:00:00+00:00,-2.767500000000002,-0.44653275628032213,-2.3209672437196796,2.3209672437196796,5.3868889464197265,-1.0,-1,1,
2026-05-15 19:00:00+00:00,week_020,2026-05-11 04:00:00+00:00,1.3200000000000005,-0.44653275628032213,1.7665327562803226,1.7665327562803226,3.1206379790113536,1.0,-1,1,
2026-05-15 20:00:00+00:00,week_020,2026-05-11 04:00:00+00:00,4.710000000000001,-0.44653275628032213,5.156532756280323,5.156532756280323,26.589830066591947,1.0,-1,1,
2026-05-15 21:00:00+00:00,week_020,2026-05-11 04:00:00+00:00,8.7025,-0.6061884456339136,9.308688445633914,9.308688445633914,86.65168057787834,1.0,-1,1,
2026-05-15 22:00:00+00:00,week_020,2026-05-11 04:00:00+00:00,1.7375000000000045,-0.44653275628032213,2.1840327562803266,2.1840327562803266,4.76999908050544,1.0,-1,1,
2026-05-15 23:00:00+00:00,week_020,2026-05-11 04:00:00+00:00,-5.407500000000002,-0.44653275628032213,-4.96096724371968,4.96096724371968,24.61119599325964,-1.0,-1,1,
2026-05-16 00:00:00+00:00,week_020,2026-05-11 04:00:00+00:00,-5.912500000000001,-0.44653275628032213,-5.465967243719679,5.465967243719679,29.876797909416506,-1.0,-1,1,
2026-05-16 01:00:00+00:00,week_020,2026-05-11 04:00:00+00:00,-4.522500000000001,-0.44653275628032213,-4.075967243719679,4.075967243719679,16.613508971875792,-1.0,-1,1,
2026-05-16 02:00:00+00:00,week_020,2026-05-11 04:00:00+00:00,-4.787500000000001,-0.44653275628032213,-4.340967243719679,4.340967243719679,18.843996611047228,-1.0,-1,1,
2026-05-16 03:00:00+00:00,week_020,2026-05-11 04:00:00+00:00,-1.59,-0.44653275628032213,-1.143467243719678,1.143467243719678,1.3075173374598774,-1.0,-1,1,
2026-05-16 04:00:00+00:00,week_020,2026-05-11 04:00:00+00:00,6.437500000000004,-0.44653275628032213,6.884032756280327,6.884032756280327,47.38990698954051,1.0,-1,1,
2026-05-16 05:00:00+00:00,week_020,2026-05-11 04:00:00+00:00,-2.1175,-0.44653275628032213,-1.670967243719678,1.670967243719678,2.7921315295841382,-1.0,-1,1,
2026-05-16 06:00:00+00:00,week_020,2026-05-11 04:00:00+00:00,-0.3299999999999983,-0.44653275628032213,0.11653275628032383,0.11653275628032383,0.013579883286289354,-1.0,-1,1,
2026-05-16 07:00:00+00:00,week_020,2026-05-11 04:00:00+00:00,1.1799999999999995,-0.44653275628032213,1.6265327562803216,1.6265327562803216,2.64560880725286,1.0,-1,1,
2026-05-16 08:00:00+00:00,week_020,2026-05-11 04:00:00+00:00,0.4450000000000003,-0.4951269452337874,0.9401269452337877,0.9401269452337877,0.8838386731546133,1.0,-1,1,
2026-05-16 09:00:00+00:00,week_020,2026-05-11 04:00:00+00:00,0.1875,-0.44653275628032213,0.6340327562803221,0.6340327562803221,0.4019975360364223,1.0,-1,1,
2026-05-16 10:00:00+00:00,week_020,2026-05-11 04:00:00+00:00,-1.2074999999999996,-0.4951269452337874,-0.7123730547662122,0.7123730547662122,0.5074753691569447,-1.0,-1,1,
2026-05-16 11:00:00+00:00,week_020,2026-05-11 04:00:00+00:00,5.552500000000002,-0.4951269452337874,6.047626945233789,6.047626945233789,36.573791668717774,1.0,-1,1,
2026-05-16 12:00:00+00:00,week_020,2026-05-11 04:00:00+00:00,2.7300000000000004,-0.4951269452337874,3.2251269452337876,3.2251269452337876,10.401443812873023,1.0,-1,1,
2026-05-16 13:00:00+00:00,week_020,2026-05-11 04:00:00+00:00,0.1225000000000005,-0.44653275628032213,0.5690327562803226,0.5690327562803226,0.323798277719981,1.0,-1,1,
2026-05-16 14:00:00+00:00,week_020,2026-05-11 04:00:00+00:00,6.084999999999999,-0.44653275628032213,6.531532756280321,6.531532756280321,42.66092014636281,1.0,-1,1,
2026-05-16 15:00:00+00:00,week_020,2026-05-11 04:00:00+00:00,10.7875,-0.44653275628032213,11.234032756280321,11.234032756280321,126.20349196917923,1.0,-1,1,
2026-05-16 16:00:00+00:00,week_020,2026-05-11 04:00:00+00:00,6.757500000000002,-0.4951269452337874,7.252626945233789,7.252626945233789,52.600597606731206,1.0,-1,1,
2026-05-16 17:00:00+00:00,week_020,2026-05-11 04:00:00+00:00,1.6999999999999993,0.6263560500189668,1.0736439499810326,1.0736439499810326,1.1527113313308741,1.0,1,1,
2026-05-16 18:00:00+00:00,week_020,2026-05-11 04:00:00+00:00,-6.234999999999999,-1.2771070844032557,-4.9578929155967435,4.9578929155967435,24.58070216252438,-1.0,-1,1,
2026-05-16 19:00:00+00:00,week_020,2026-05-11 04:00:00+00:00,-4.91,-0.4951269452337874,-4.414873054766213,4.414873054766213,19.49110408970075,-1.0,-1,1,
2026-05-16 20:00:00+00:00,week_020,2026-05-11 04:00:00+00:00,-0.2049999999999983,-0.9767367672070747,0.7717367672070764,0.7717367672070764,0.5955776378592292,-1.0,-1,1,
2026-05-16 21:00:00+00:00,week_020,2026-05-11 04:00:00+00:00,-2.4875000000000007,-0.4951269452337874,-1.9923730547662133,1.9923730547662133,3.9695503893584525,-1.0,-1,1,
2026-05-16 22:00:00+00:00,week_020,2026-05-11 04:00:00+00:00,-3.702499999999997,-1.2771070844032557,-2.425392915596741,2.425392915596741,5.88253079502686,-1.0,-1,1,
2026-05-16 23:00:00+00:00,week_020,2026-05-11 04:00:00+00:00,-2.4450000000000003,-1.0714790922605326,-1.3735209077394677,1.3735209077394677,1.8865596839974512,-1.0,-1,1,
2026-05-17 00:00:00+00:00,week_020,2026-05-11 04:00:00+00:00,-0.6200000000000045,-1.2771070844032557,0.6571070844032512,0.6571070844032512,0.43178972037294144,-1.0,-1,1,
2026-05-17 01:00:00+00:00,week_020,2026-05-11 04:00:00+00:00,-3.1149999999999984,-0.4951269452337874,-2.6198730547662112,2.6198730547662112,6.86373482309004,-1.0,-1,1,
2026-05-17 02:00:00+00:00,week_020,2026-05-11 04:00:00+00:00,-0.1699999999999981,-0.4951269452337874,0.3251269452337893,0.3251269452337893,0.10570753051705543,-1.0,-1,1,
2026-05-17 03:00:00+00:00,week_020,2026-05-11 04:00:00+00:00,-3.5825,-0.9767367672070747,-2.6057632327929254,2.6057632327929254,6.790002025375438,-1.0,-1,1,
2026-05-17 04:00:00+00:00,week_020,2026-05-11 04:00:00+00:00,-0.2850000000000001,-0.4951269452337874,0.21012694523378733,0.21012694523378733,0.04415333311328306,-1.0,-1,1,
2026-05-17 05:00:00+00:00,week_020,2026-05-11 04:00:00+00:00,-1.3299999999999983,0.6263560500189668,-1.956356050018965,1.956356050018965,3.827328994445807,-1.0,1,1,
2026-05-17 06:00:00+00:00,week_020,2026-05-11 04:00:00+00:00,-0.3874999999999993,-1.2771070844032557,0.8896070844032564,0.8896070844032564,0.7914007646204626,-1.0,-1,1,
2026-05-17 07:00:00+00:00,week_020,2026-05-11 04:00:00+00:00,3.212500000000002,-1.2771070844032557,4.489607084403258,4.489607084403258,20.156571772323925,1.0,-1,1,
2026-05-17 08:00:00+00:00,week_020,2026-05-11 04:00:00+00:00,3.1774999999999984,-0.4951269452337874,3.6726269452337856,3.6726269452337856,13.488188678857249,1.0,-1,1,
2026-05-17 09:00:00+00:00,week_020,2026-05-11 04:00:00+00:00,-0.0725000000000015,-0.44653275628032213,0.3740327562803206,0.3740327562803206,0.13990050277065372,-1.0,-1,1,
2026-05-17 10:00:00+00:00,week_020,2026-05-11 04:00:00+00:00,-2.45,-0.44653275628032213,-2.003467243719678,2.003467243719678,4.013880996657723,-1.0,-1,1,
2026-05-17 11:00:00+00:00,week_020,2026-05-11 04:00:00+00:00,3.067499999999999,-0.44653275628032213,3.5140327562803213,3.5140327562803213,12.348426212211072,1.0,-1,1,
2026-05-17 12:00:00+00:00,week_020,2026-05-11 04:00:00+00:00,-0.0549999999999997,-0.44653275628032213,0.3915327562803224,0.3915327562803224,0.15329789924046636,-1.0,-1,1,
2026-05-17 13:00:00+00:00,week_020,2026-05-11 04:00:00+00:00,3.6850000000000014,-0.44653275628032213,4.131532756280324,4.131532756280324,17.06956291621729,1.0,-1,1,
2026-05-17 14:00:00+00:00,week_020,2026-05-11 04:00:00+00:00,4.762499999999999,-0.44653275628032213,5.209032756280322,5.209032756280322,27.134022256001366,1.0,-1,1,
2026-05-17 15:00:00+00:00,week_020,2026-05-11 04:00:00+00:00,4.93,-0.44653275628032213,5.376532756280322,5.376532756280322,28.907104479355276,1.0,-1,1,
2026-05-17 16:00:00+00:00,week_020,2026-05-11 04:00:00+00:00,4.469999999999999,-0.44653275628032213,4.916532756280321,4.916532756280321,24.172294343577374,1.0,-1,1,
2026-05-17 17:00:00+00:00,week_020,2026-05-11 04:00:00+00:00,0.1174999999999997,-0.44653275628032213,0.5640327562803218,0.5640327562803218,0.31813295015717685,1.0,-1,1,
2026-05-17 18:00:00+00:00,week_020,2026-05-11 04:00:00+00:00,-0.9699999999999988,-0.44653275628032213,-0.5234672437196766,0.5234672437196766,0.27401795524747524,-1.0,-1,1,
2026-05-17 19:00:00+00:00,week_020,2026-05-11 04:00:00+00:00,-0.5550000000000033,-0.44653275628032213,-0.10846724371968114,0.10846724371968114,0.011765142960144708,-1.0,-1,1,
2026-05-17 20:00:00+00:00,week_020,2026-05-11 04:00:00+00:00,1.4025,-0.44653275628032213,1.8490327562803222,1.8490327562803222,3.4189221337976052,1.0,-1,1,
2026-05-17 21:00:00+00:00,week_020,2026-05-11 04:00:00+00:00,-0.5450000000000017,-0.44653275628032213,-0.09846724371967958,0.09846724371967958,0.009695798085750777,-1.0,-1,1,
2026-05-17 22:00:00+00:00,week_020,2026-05-11 04:00:00+00:00,2.68,-0.44653275628032213,3.1265327562803225,3.1265327562803225,9.77520707609383,1.0,-1,1,
2026-05-17 23:00:00+00:00,week_020,2026-05-11 04:00:00+00:00,2.279999999999994,-0.44653275628032213,2.7265327562803163,2.7265327562803163,7.433980871069539,1.0,-1,1,
2026-05-18 00:00:00+00:00,week_020,2026-05-11 04:00:00+00:00,6.869999999999997,-0.44653275628032213,7.31653275628032,7.31653275628032,53.53165157372289,1.0,-1,1,
2026-05-18 01:00:00+00:00,week_020,2026-05-11 04:00:00+00:00,19.067499999999995,-0.44653275628032213,19.51403275628032,19.51403275628032,380.79747441318125,1.0,-1,1,
2026-05-18 02:00:00+00:00,week_020,2026-05-11 04:00:00+00:00,23.83,-0.44653275628032213,24.27653275628032,24.27653275628032,589.3500426667514,1.0,-1,1,
2026-05-18 03:00:00+00:00,week_020,2026-05-11 04:00:00+00:00,5.042499999999997,-0.4951269452337874,5.537626945233784,5.537626945233784,30.66531218457925,1.0,-1,1,
2026-05-18 04:00:00+00:00,week_020,2026-05-11 04:00:00+00:00,-5.227499999999999,-0.4951269452337874,-4.732373054766212,4.732373054766212,22.395354729477287,-1.0,-1,1,
2026-05-18 05:00:00+00:00,week_021,2026-05-18 04:00:00+00:00,0.3324999999999996,-0.4473917792874544,0.779891779287454,0.779891779287454,0.6082311874001509,1.0,-1,1,
2026-05-18 06:00:00+00:00,week_021,2026-05-18 04:00:00+00:00,1.129999999999999,-0.4473917792874544,1.5773917792874534,1.5773917792874534,2.488164825363638,1.0,-1,1,
2026-05-18 07:00:00+00:00,week_021,2026-05-18 04:00:00+00:00,1.6999999999999993,-0.4473917792874544,2.1473917792874535,2.1473917792874535,4.611291453751336,1.0,-1,1,
2026-05-18 08:00:00+00:00,week_021,2026-05-18 04:00:00+00:00,2.1900000000000013,-0.4473917792874544,2.6373917792874555,2.6373917792874555,6.9558353974530505,1.0,-1,1,
2026-05-18 09:00:00+00:00,week_021,2026-05-18 04:00:00+00:00,2.34,-0.4473917792874544,2.787391779287454,2.787391779287454,7.7695529312392795,1.0,-1,1,
2026-05-18 10:00:00+00:00,week_021,2026-05-18 04:00:00+00:00,-0.4675000000000011,-0.4473917792874544,-0.0201082207125467,0.0201082207125467,0.00040434054022449203,-1.0,-1,1,
2026-05-18 11:00:00+00:00,week_021,2026-05-18 04:00:00+00:00,0.1950000000000002,-0.4473917792874544,0.6423917792874546,0.6423917792874546,0.4126671980961018,1.0,-1,1,
2026-05-18 12:00:00+00:00,week_021,2026-05-18 04:00:00+00:00,-1.4500000000000028,-0.4473917792874544,-1.0026082207125484,1.0026082207125484,1.0052232442403821,-1.0,-1,1,
2026-05-18 13:00:00+00:00,week_021,2026-05-18 04:00:00+00:00,-2.035,-0.4473917792874544,-1.5876082207125457,1.5876082207125457,2.5204998624740553,-1.0,-1,1,
2026-05-18 14:00:00+00:00,week_021,2026-05-18 04:00:00+00:00,-3.619999999999997,-0.4473917792874544,-3.172608220712543,3.172608220712543,10.065442922132807,-1.0,-1,1,
2026-05-18 15:00:00+00:00,week_021,2026-05-18 04:00:00+00:00,-1.6625000000000014,-0.4473917792874544,-1.215108220712547,1.215108220712547,1.4764879880432118,-1.0,-1,1,
2026-05-18 16:00:00+00:00,week_021,2026-05-18 04:00:00+00:00,-5.649999999999999,-0.4473917792874544,-5.202608220712544,5.202608220712544,27.067132298225744,-1.0,-1,1,
2026-05-18 17:00:00+00:00,week_021,2026-05-18 04:00:00+00:00,-0.6925000000000026,-0.4473917792874544,-0.24510822071254817,0.24510822071254817,0.06007803986087123,-1.0,-1,1,
2026-05-18 18:00:00+00:00,week_021,2026-05-18 04:00:00+00:00,-6.692499999999999,-0.4473917792874544,-6.245108220712544,6.245108220712544,39.001376688411405,-1.0,-1,1,
2026-05-18 19:00:00+00:00,week_021,2026-05-18 04:00:00+00:00,-4.557500000000001,-0.4473917792874544,-4.110108220712546,4.110108220712546,16.892989585968852,-1.0,-1,1,
2026-05-18 20:00:00+00:00,week_021,2026-05-18 04:00:00+00:00,-1.587500000000002,-3.2131029433434084,1.6256029433434065,1.6256029433434065,2.6425849294067465,-1.0,-1,1,
2026-05-18 21:00:00+00:00,week_021,2026-05-18 04:00:00+00:00,2.9875000000000007,-5.176408959884103,8.163908959884104,8.163908959884104,66.64940950527595,1.0,-1,1,
2026-05-18 22:00:00+00:00,week_021,2026-05-18 04:00:00+00:00,4.927499999999995,-10.290885571946186,15.21838557194618,15.21838557194618,231.59925941641967,1.0,-1,1,
2026-05-18 23:00:00+00:00,week_021,2026-05-18 04:00:00+00:00,20.4325,-5.176408959884103,25.608908959884104,25.608908959884104,655.8162181156323,1.0,-1,1,
2026-05-19 00:00:00+00:00,week_021,2026-05-18 04:00:00+00:00,25.6875,-21.324553668632316,47.01205366863232,47.01205366863232,2210.1331901423655,1.0,-1,1,
2026-05-19 01:00:00+00:00,week_021,2026-05-18 04:00:00+00:00,51.27250000000001,-1.2916096061159166,52.56410960611593,52.56410960611593,2762.9856186837687,1.0,-1,1,
2026-05-19 02:00:00+00:00,week_021,2026-05-18 04:00:00+00:00,50.432500000000005,-0.4473917792874544,50.87989177928746,50.87989177928746,2588.763387472004,1.0,-1,1,
2026-05-19 03:00:00+00:00,week_021,2026-05-18 04:00:00+00:00,1.322499999999998,-0.4473917792874544,1.7698917792874524,1.7698917792874524,3.1325169103893042,1.0,-1,1,
2026-05-19 04:00:00+00:00,week_021,2026-05-18 04:00:00+00:00,-1.4824999999999982,-0.4473917792874544,-1.0351082207125437,1.0351082207125437,1.071449028586688,-1.0,-1,1,
2026-05-19 05:00:00+00:00,week_021,2026-05-18 04:00:00+00:00,4.217500000000001,-0.4473917792874544,4.664891779287456,4.664891779287456,21.761215312463687,1.0,-1,1,
2026-05-19 06:00:00+00:00,week_021,2026-05-18 04:00:00+00:00,5.0625,-1.2916096061159166,6.354109606115917,6.354109606115917,40.37470888653457,1.0,-1,1,
2026-05-19 07:00:00+00:00,week_021,2026-05-18 04:00:00+00:00,4.662500000000001,-0.4473917792874544,5.109891779287456,5.109891779287456,26.110993996029524,1.0,-1,1,
2026-05-19 08:00:00+00:00,week_021,2026-05-18 04:00:00+00:00,5.18,-0.4473917792874544,5.627391779287454,5.627391779287454,31.667538237592023,1.0,-1,1,
2026-05-19 09:00:00+00:00,week_021,2026-05-18 04:00:00+00:00,8.872500000000002,-0.4473917792874544,9.319891779287456,9.319891779287456,86.86038277762991,1.0,-1,1,
2026-05-19 10:00:00+00:00,week_021,2026-05-18 04:00:00+00:00,8.132500000000004,-0.4473917792874544,8.579891779287458,8.579891779287458,73.6145429442845,1.0,-1,1,
2026-05-19 11:00:00+00:00,week_021,2026-05-18 04:00:00+00:00,12.9325,3.0486148351594524,9.883885164840546,9.883885164840546,97.69118595175503,1.0,1,1,
2026-05-19 12:00:00+00:00,week_021,2026-05-18 04:00:00+00:00,24.655,-0.4473917792874544,25.102391779287455,25.102391779287455,630.1300730408384,1.0,-1,1,
2026-05-19 13:00:00+00:00,week_021,2026-05-18 04:00:00+00:00,15.932499999999996,-0.4473917792874544,16.37989177928745,16.37989177928745,268.30085470116865,1.0,-1,1,
2026-05-19 14:00:00+00:00,week_021,2026-05-18 04:00:00+00:00,9.625,-0.4473917792874544,10.072391779287454,10.072391779287454,101.45307615545748,1.0,-1,1,
2026-05-19 15:00:00+00:00,week_021,2026-05-18 04:00:00+00:00,3.557500000000001,-0.4473917792874544,4.004891779287456,4.004891779287456,16.03915816380424,1.0,-1,1,
2026-05-19 16:00:00+00:00,week_021,2026-05-18 04:00:00+00:00,3.0625,-0.4473917792874544,3.509891779287454,3.509891779287454,12.319340302309651,1.0,-1,1,
2026-05-19 17:00:00+00:00,week_021,2026-05-18 04:00:00+00:00,2.6099999999999994,-0.4473917792874544,3.0573917792874536,3.0573917792874536,9.347644492054501,1.0,-1,1,
2026-05-19 18:00:00+00:00,week_021,2026-05-18 04:00:00+00:00,3.417499999999997,-0.4473917792874544,3.864891779287451,3.864891779287451,14.93738846560372,1.0,-1,1,
2026-05-19 19:00:00+00:00,week_021,2026-05-18 04:00:00+00:00,2.3325,-0.4473917792874544,2.7798917792874542,2.7798917792874542,7.727798304549968,1.0,-1,1,
2026-05-19 20:00:00+00:00,week_021,2026-05-18 04:00:00+00:00,7.462500000000002,-0.9200879212528027,8.382587921252805,8.382587921252805,70.26778025753342,1.0,-1,1,
2026-05-19 21:00:00+00:00,week_021,2026-05-18 04:00:00+00:00,-1.0199999999999996,-3.2131029433434084,2.193102943343409,2.193102943343409,4.809700520101523,-1.0,-1,1,
2026-05-19 22:00:00+00:00,week_021,2026-05-18 04:00:00+00:00,7.010000000000002,-5.176408959884103,12.186408959884105,12.186408959884105,148.5085633375436,1.0,-1,1,
2026-05-19 23:00:00+00:00,week_021,2026-05-18 04:00:00+00:00,27.5075,-5.176408959884103,32.68390895988411,32.68390895988411,1068.2379048979926,1.0,-1,1,
2026-05-20 00:00:00+00:00,week_021,2026-05-18 04:00:00+00:00,27.85,-0.12840939490022163,27.978409394900222,27.978409394900222,782.791392268641,1.0,-1,1,
2026-05-20 01:00:00+00:00,week_021,2026-05-18 04:00:00+00:00,11.6325,-0.4473917792874544,12.079891779287454,12.079891779287454,145.9237853992966,1.0,-1,1,
2026-05-20 02:00:00+00:00,week_021,2026-05-18 04:00:00+00:00,-9.027499999999996,-0.4473917792874544,-8.580108220712543,8.580108220712543,73.61825707913896,-1.0,-1,1,
2026-05-20 03:00:00+00:00,week_021,2026-05-18 04:00:00+00:00,-9.9075,-0.4473917792874544,-9.460108220712547,9.460108220712547,89.49364754759311,-1.0,-1,1,
2026-05-20 04:00:00+00:00,week_021,2026-05-18 04:00:00+00:00,-8.902500000000003,-0.4473917792874544,-8.45510822071255,8.45510822071255,71.48885502396094,-1.0,-1,1,
2026-05-20 05:00:00+00:00,week_021,2026-05-18 04:00:00+00:00,-6.265000000000001,-0.4473917792874544,-5.817608220712546,5.817608220712546,33.84456540970219,-1.0,-1,1,
2026-05-20 06:00:00+00:00,week_021,2026-05-18 04:00:00+00:00,-2.8774999999999977,-0.4473917792874544,-2.4301082207125435,2.4301082207125435,5.905425964374684,-1.0,-1,1,
2026-05-20 07:00:00+00:00,week_021,2026-05-18 04:00:00+00:00,-3.897499999999997,-0.3053767853826173,-3.5921232146173794,3.5921232146173794,12.903349188993095,-1.0,-1,1,
2026-05-20 08:00:00+00:00,week_021,2026-05-18 04:00:00+00:00,-3.3675,-0.3053767853826173,-3.0621232146173827,3.0621232146173827,9.376598581498694,-1.0,-1,1,
2026-05-20 09:00:00+00:00,week_021,2026-05-18 04:00:00+00:00,-3.692499999999999,-0.3053767853826173,-3.3871232146173815,3.3871232146173815,11.472603670999984,-1.0,-1,1,
2026-05-20 10:00:00+00:00,week_021,2026-05-18 04:00:00+00:00,-4.212499999999999,-0.07616534694823623,-4.136334653051763,4.136334653051763,17.109264362036846,-1.0,-1,1,
2026-05-20 11:00:00+00:00,week_021,2026-05-18 04:00:00+00:00,-8.187500000000004,-0.07616534694823623,-8.111334653051767,8.111334653051767,65.79374985379843,-1.0,-1,1,
2026-05-20 12:00:00+00:00,week_021,2026-05-18 04:00:00+00:00,-9.240000000000002,0.9604595878938078,-10.20045958789381,10.20045958789381,104.04937580425477,-1.0,1,1,
2026-05-20 13:00:00+00:00,week_021,2026-05-18 04:00:00+00:00,-15.06,-0.15099477750108428,-14.909005222498916,14.909005222498916,222.27843672449995,-1.0,-1,1,
2026-05-20 14:00:00+00:00,week_021,2026-05-18 04:00:00+00:00,-13.4775,-0.4473917792874544,-13.030108220712545,13.030108220712545,169.78372024348064,-1.0,-1,1,
2026-05-20 15:00:00+00:00,week_021,2026-05-18 04:00:00+00:00,-11.7325,-0.4473917792874544,-11.285108220712546,11.285108220712546,127.35366755319389,-1.0,-1,1,
2026-05-20 16:00:00+00:00,week_021,2026-05-18 04:00:00+00:00,-11.235,-0.4473917792874544,-10.787608220712546,10.787608220712546,116.3724911235849,-1.0,-1,1,
2026-05-20 17:00:00+00:00,week_021,2026-05-18 04:00:00+00:00,-11.31,-0.4473917792874544,-10.862608220712547,10.862608220712547,117.9962573566918,-1.0,-1,1,
2026-05-20 18:00:00+00:00,week_021,2026-05-18 04:00:00+00:00,-7.477499999999999,2.2877779755166023,-9.765277975516602,9.765277975516602,95.36065393910962,-1.0,1,1,
2026-05-20 19:00:00+00:00,week_021,2026-05-18 04:00:00+00:00,-6.592499999999998,2.297683085760423,-8.89018308576042,8.89018308576042,79.03535529834066,-1.0,1,1,
2026-05-20 20:00:00+00:00,week_021,2026-05-18 04:00:00+00:00,-10.465,2.304168514593562,-12.769168514593563,12.769168514593563,163.05166455408758,-1.0,1,1,
2026-05-20 21:00:00+00:00,week_021,2026-05-18 04:00:00+00:00,-12.392500000000002,2.541890247205448,-14.93439024720545,14.93439024720545,223.03601205582524,-1.0,1,1,
2026-05-20 22:00:00+00:00,week_021,2026-05-18 04:00:00+00:00,-6.927500000000002,2.930403638698308,-9.85790363869831,9.85790363869831,97.17826414986139,-1.0,1,1,
2026-05-20 23:00:00+00:00,week_021,2026-05-18 04:00:00+00:00,-11.824999999999996,2.7529801668777947,-14.57798016687779,14.57798016687779,212.5175057458822,-1.0,1,1,
2026-05-21 00:00:00+00:00,week_021,2026-05-18 04:00:00+00:00,-15.445,-0.16882033840042454,-15.276179661599576,15.276179661599576,233.36166505346853,-1.0,-1,1,
2026-05-21 01:00:00+00:00,week_021,2026-05-18 04:00:00+00:00,-29.46250000000001,1.266383176059451,-30.728883176059462,30.728883176059462,944.2642612479102,-1.0,1,1,
2026-05-21 02:00:00+00:00,week_021,2026-05-18 04:00:00+00:00,-28.365,3.9524738069907697,-32.31747380699077,32.31747380699077,1044.4191132655344,-1.0,1,1,
2026-05-21 03:00:00+00:00,week_021,2026-05-18 04:00:00+00:00,-14.317499999999995,4.084142734190727,-18.401642734190723,18.401642734190723,338.6204553167942,-1.0,1,1,
2026-05-21 04:00:00+00:00,week_021,2026-05-18 04:00:00+00:00,-3.460000000000001,4.720866426306508,-8.180866426306508,8.180866426306508,66.92657548506902,-1.0,1,1,
2026-05-21 05:00:00+00:00,week_021,2026-05-18 04:00:00+00:00,-2.127500000000005,4.456466202340719,-6.583966202340724,6.583966202340724,43.348610953564936,-1.0,1,1,
2026-05-21 06:00:00+00:00,week_021,2026-05-18 04:00:00+00:00,1.5549999999999995,3.6345080385068176,-2.079508038506818,2.079508038506818,4.324353682214473,1.0,1,1,
2026-05-21 07:00:00+00:00,week_021,2026-05-18 04:00:00+00:00,0.245000000000001,3.705534452941687,-3.460534452941686,3.460534452941686,11.975298699996413,1.0,1,1,
2026-05-21 08:00:00+00:00,week_021,2026-05-18 04:00:00+00:00,5.302499999999998,0.9604595878938078,4.342040412106191,4.342040412106191,18.8533149403633,1.0,1,1,
2026-05-21 09:00:00+00:00,week_021,2026-05-18 04:00:00+00:00,5.147500000000004,0.9604595878938078,4.187040412106197,4.187040412106197,17.53130741261043,1.0,1,1,
2026-05-21 10:00:00+00:00,week_021,2026-05-18 04:00:00+00:00,8.479999999999997,0.9604595878938078,7.519540412106189,7.519540412106189,56.543488009298116,1.0,1,1,
2026-05-21 11:00:00+00:00,week_021,2026-05-18 04:00:00+00:00,6.844999999999999,0.9604595878938078,5.884540412106191,5.884540412106191,34.6278158617109,1.0,1,1,
2026-05-21 12:00:00+00:00,week_021,2026-05-18 04:00:00+00:00,3.4375,0.9604595878938078,2.4770404121061924,2.4770404121061924,6.135729203207216,1.0,1,1,
2026-05-21 13:00:00+00:00,week_021,2026-05-18 04:00:00+00:00,10.472500000000004,3.705534452941687,6.766965547058317,6.766965547058317,45.79182271507426,1.0,1,1,
2026-05-21 14:00:00+00:00,week_021,2026-05-18 04:00:00+00:00,31.06750000000001,0.9604595878938078,30.1070404121062,30.1070404121062,906.4338823761959,1.0,1,1,
2026-05-21 15:00:00+00:00,week_021,2026-05-18 04:00:00+00:00,10.847500000000004,2.5940800875467946,8.253419912453209,8.253419912453209,68.11894025127914,1.0,1,1,
2026-05-21 16:00:00+00:00,week_021,2026-05-18 04:00:00+00:00,9.72,-0.4473917792874544,10.167391779287454,10.167391779287454,103.3758555935221,1.0,-1,1,
2026-05-21 17:00:00+00:00,week_021,2026-05-18 04:00:00+00:00,10.789999999999996,2.297683085760423,8.492316914239574,8.492316914239574,72.11944657187955,1.0,1,1,
2026-05-21 18:00:00+00:00,week_021,2026-05-18 04:00:00+00:00,9.2825,-0.4473917792874544,9.729891779287454,9.729891779287454,94.67079403664559,1.0,-1,1,
2026-05-21 19:00:00+00:00,week_021,2026-05-18 04:00:00+00:00,1.5749999999999993,-0.4473917792874544,2.0223917792874535,2.0223917792874535,4.090068508929472,1.0,-1,1,
2026-05-21 20:00:00+00:00,week_021,2026-05-18 04:00:00+00:00,-3.852499999999999,-0.4473917792874544,-3.405108220712545,3.405108220712545,11.594761994764154,-1.0,-1,1,
2026-05-21 21:00:00+00:00,week_021,2026-05-18 04:00:00+00:00,-5.079999999999998,-0.25579709054570304,-4.8242029094542955,4.8242029094542955,23.27293371158729,-1.0,-1,1,
2026-05-21 22:00:00+00:00,week_021,2026-05-18 04:00:00+00:00,-0.6900000000000013,3.126302189093826,-3.816302189093827,3.816302189093827,14.564162398482337,-1.0,1,1,
2026-05-21 23:00:00+00:00,week_021,2026-05-18 04:00:00+00:00,2.182500000000001,3.302727106848298,-1.1202271068482972,1.1202271068482972,1.2549087709177063,1.0,1,1,
2026-05-22 00:00:00+00:00,week_021,2026-05-18 04:00:00+00:00,-6.509999999999998,3.302727106848298,-9.812727106848296,9.812727106848296,96.28961327347534,-1.0,1,1,
2026-05-22 01:00:00+00:00,week_021,2026-05-18 04:00:00+00:00,-7.604999999999997,2.4807689430143993,-10.085768943014397,10.085768943014397,101.72273517187375,-1.0,1,1,
2026-05-22 02:00:00+00:00,week_021,2026-05-18 04:00:00+00:00,-11.9375,-0.005951633129494957,-11.931548366870505,11.931548366870505,142.36184643097022,-1.0,-1,1,
2026-05-22 03:00:00+00:00,week_021,2026-05-18 04:00:00+00:00,-3.279999999999994,-0.07616534694823623,-3.2038346530517576,3.2038346530517576,10.264556484095277,-1.0,-1,1,
2026-05-22 04:00:00+00:00,week_021,2026-05-18 04:00:00+00:00,-3.905000000000001,-0.07616534694823623,-3.8288346530517647,3.8288346530517647,14.659974800410028,-1.0,-1,1,
2026-05-22 05:00:00+00:00,week_021,2026-05-18 04:00:00+00:00,-5.162500000000001,3.102892127760906,-8.265392127760908,8.265392127760908,68.316707025652,-1.0,1,1,
2026-05-22 06:00:00+00:00,week_021,2026-05-18 04:00:00+00:00,-5.1325,3.8197425102249345,-8.952242510224934,8.952242510224934,80.14264596187843,-1.0,1,1,
2026-05-22 07:00:00+00:00,week_021,2026-05-18 04:00:00+00:00,-6.822499999999998,3.6345080385068176,-10.457008038506816,10.457008038506816,109.34901711739616,-1.0,1,1,
2026-05-22 08:00:00+00:00,week_021,2026-05-18 04:00:00+00:00,-7.734999999999999,1.7113913372928344,-9.446391337292834,9.446391337292834,89.2343092972811,-1.0,1,1,
2026-05-22 09:00:00+00:00,week_021,2026-05-18 04:00:00+00:00,-4.817499999999999,4.456466202340719,-9.273966202340718,9.273966202340718,86.00644912215792,-1.0,1,1,
2026-05-22 10:00:00+00:00,week_021,2026-05-18 04:00:00+00:00,-5.3325,4.456466202340719,-9.788966202340719,9.788966202340719,95.82385931056888,-1.0,1,1,
2026-05-22 11:00:00+00:00,week_021,2026-05-18 04:00:00+00:00,-13.2175,4.456466202340719,-17.67396620234072,17.67396620234072,312.369081321482,-1.0,1,1,
2026-05-22 12:00:00+00:00,week_021,2026-05-18 04:00:00+00:00,-13.642499999999998,4.456466202340719,-18.09896620234072,18.09896620234072,327.57257759347164,-1.0,1,1,
2026-05-22 13:00:00+00:00,week_021,2026-05-18 04:00:00+00:00,-8.75,0.9669450167269471,-9.716945016726948,9.716945016726948,94.41902045809466,-1.0,1,1,
2026-05-22 14:00:00+00:00,week_021,2026-05-18 04:00:00+00:00,-8.895,-0.4473917792874544,-8.447608220712546,8.447608220712546,71.36208465065019,-1.0,-1,1,
2026-05-22 15:00:00+00:00,week_021,2026-05-18 04:00:00+00:00,-5.4725,2.297683085760423,-7.770183085760423,7.770183085760423,60.37574518623737,-1.0,1,1,
2026-05-22 16:00:00+00:00,week_021,2026-05-18 04:00:00+00:00,-3.469999999999999,2.297683085760423,-5.767683085760422,5.767683085760422,33.26616817776686,-1.0,1,1,
2026-05-22 17:00:00+00:00,week_021,2026-05-18 04:00:00+00:00,0.870000000000001,2.297683085760423,-1.427683085760422,1.427683085760422,2.0382789933664003,1.0,1,1,
2026-05-22 18:00:00+00:00,week_021,2026-05-18 04:00:00+00:00,5.827500000000001,2.297683085760423,3.5298169142395777,3.5298169142395777,12.459607448051814,1.0,1,1,
2026-05-22 19:00:00+00:00,week_021,2026-05-18 04:00:00+00:00,5.877499999999998,2.297683085760423,3.579816914239575,3.579816914239575,12.815089139475752,1.0,1,1,
2026-05-22 20:00:00+00:00,week_021,2026-05-18 04:00:00+00:00,2.7625,2.297683085760423,0.4648169142395773,0.4648169142395773,0.21605476376320254,1.0,1,1,
2026-05-22 21:00:00+00:00,week_021,2026-05-18 04:00:00+00:00,-0.7274999999999991,2.1574595862529984,-2.8849595862529975,2.8849595862529975,8.322991814313067,-1.0,1,1,
2026-05-22 22:00:00+00:00,week_021,2026-05-18 04:00:00+00:00,-0.7750000000000021,-0.4473917792874544,-0.32760822071254775,0.32760822071254775,0.1073271462784414,-1.0,-1,1,
2026-05-22 23:00:00+00:00,week_021,2026-05-18 04:00:00+00:00,-9.242500000000003,-0.4473917792874544,-8.79510822071255,8.79510822071255,77.35392861404547,-1.0,-1,1,
2026-05-23 00:00:00+00:00,week_021,2026-05-18 04:00:00+00:00,-7.350000000000001,-1.2916096061159166,-6.058390393884085,6.058390393884085,36.70409416470695,-1.0,-1,1,
2026-05-23 01:00:00+00:00,week_021,2026-05-18 04:00:00+00:00,-14.557499999999996,-1.2213958922971753,-13.33610410770282,13.33610410770282,177.851672771488,-1.0,-1,1,
2026-05-23 02:00:00+00:00,week_021,2026-05-18 04:00:00+00:00,-8.252499999999998,0.4683300685201398,-8.720830068520138,8.720830068520138,76.05287708400496,-1.0,1,1,
2026-05-23 03:00:00+00:00,week_021,2026-05-18 04:00:00+00:00,-0.6099999999999994,-0.4473917792874544,-0.16260822071254505,0.16260822071254505,0.026441433443299765,-1.0,-1,1,
2026-05-23 04:00:00+00:00,week_021,2026-05-18 04:00:00+00:00,-6.872499999999999,-0.4473917792874544,-6.425108220712544,6.425108220712544,41.282015647867915,-1.0,-1,1,
2026-05-23 05:00:00+00:00,week_021,2026-05-18 04:00:00+00:00,5.884999999999998,-0.4473917792874544,6.332391779287453,6.332391779287453,40.09918564638731,1.0,-1,1,
2026-05-23 06:00:00+00:00,week_021,2026-05-18 04:00:00+00:00,6.785000000000004,-0.4473917792874544,7.232391779287458,7.232391779287458,52.30749084910481,1.0,-1,1,
2026-05-23 07:00:00+00:00,week_021,2026-05-18 04:00:00+00:00,8.044999999999998,2.297683085760423,5.747316914239575,5.747316914239575,33.03165171270431,1.0,1,1,
2026-05-23 08:00:00+00:00,week_021,2026-05-18 04:00:00+00:00,7.6875,3.0486148351594524,4.638885164840548,4.638885164840548,21.519255572577713,1.0,1,1,
2026-05-23 09:00:00+00:00,week_021,2026-05-18 04:00:00+00:00,1.7475000000000025,3.1906298290642896,-1.443129829064287,1.443129829064287,2.0826237035351185,1.0,1,1,
2026-05-23 10:00:00+00:00,week_021,2026-05-18 04:00:00+00:00,1.7925000000000004,3.1906298290642896,-1.3981298290642892,1.3981298290642892,1.9547670189193385,1.0,1,1,
2026-05-23 11:00:00+00:00,week_021,2026-05-18 04:00:00+00:00,-0.3399999999999998,2.4461835084984007,-2.7861835084984006,2.7861835084984006,7.762818543028457,-1.0,1,1,
2026-05-23 12:00:00+00:00,week_021,2026-05-18 04:00:00+00:00,-3.1424999999999983,3.4198412674986707,-6.5623412674986685,6.5623412674986685,43.06432291111603,-1.0,1,1,
2026-05-23 13:00:00+00:00,week_021,2026-05-18 04:00:00+00:00,-4.970000000000002,3.1906298290642896,-8.160629829064291,8.160629829064291,66.59587920701388,-1.0,1,1,
2026-05-23 14:00:00+00:00,week_021,2026-05-18 04:00:00+00:00,-2.5474999999999994,3.0486148351594524,-5.596114835159452,5.596114835159452,31.3165012482917,-1.0,1,1,
2026-05-23 15:00:00+00:00,week_021,2026-05-18 04:00:00+00:00,-2.032499999999999,1.9807339460226578,-4.013233946022657,4.013233946022657,16.10604670550859,-1.0,1,1,
2026-05-23 16:00:00+00:00,week_021,2026-05-18 04:00:00+00:00,-3.5524999999999984,2.297683085760423,-5.850183085760421,5.850183085760421,34.224642136917325,-1.0,1,1,
2026-05-23 17:00:00+00:00,week_021,2026-05-18 04:00:00+00:00,-1.895,2.2877779755166023,-4.182777975516602,4.182777975516602,17.495631592466765,-1.0,1,1,
2026-05-23 18:00:00+00:00,week_021,2026-05-18 04:00:00+00:00,0.7100000000000009,2.297683085760423,-1.587683085760422,1.587683085760422,2.520737580809736,1.0,1,1,
2026-05-23 19:00:00+00:00,week_021,2026-05-18 04:00:00+00:00,2.0075000000000003,1.9807339460226578,0.02676605397734244,0.02676605397734244,0.0007164216455180091,1.0,1,1,
2026-05-23 20:00:00+00:00,week_021,2026-05-18 04:00:00+00:00,5.66,2.297683085760423,3.3623169142395772,3.3623169142395772,11.305175031781552,1.0,1,1,
2026-05-23 21:00:00+00:00,week_021,2026-05-18 04:00:00+00:00,3.1099999999999994,2.4744087259907643,0.6355912740092351,0.6355912740092351,0.4039762675966826,1.0,1,1,
2026-05-23 22:00:00+00:00,week_021,2026-05-18 04:00:00+00:00,-0.4050000000000011,-0.4473917792874544,0.0423917792874533,0.0423917792874533,0.0017970629511561548,-1.0,-1,1,
2026-05-23 23:00:00+00:00,week_021,2026-05-18 04:00:00+00:00,0.6425000000000018,-1.2916096061159166,1.9341096061159184,1.9341096061159184,3.740779968469873,1.0,-1,1,
2026-05-24 00:00:00+00:00,week_021,2026-05-18 04:00:00+00:00,0.1499999999999985,-1.2916096061159166,1.4416096061159152,1.4416096061159152,2.078238256445684,1.0,-1,1,
2026-05-24 01:00:00+00:00,week_021,2026-05-18 04:00:00+00:00,-10.695,-0.4473917792874544,-10.247608220712547,10.247608220712547,105.01347424521536,-1.0,-1,1,
2026-05-24 02:00:00+00:00,week_021,2026-05-18 04:00:00+00:00,-13.915,2.0155280242786833,-15.930528024278683,15.930528024278683,253.78172313232847,-1.0,1,1,
2026-05-24 03:00:00+00:00,week_021,2026-05-18 04:00:00+00:00,-12.095,2.8613166261132257,-14.956316626113226,14.956316626113226,223.6914070205509,-1.0,1,1,
2026-05-24 04:00:00+00:00,week_021,2026-05-18 04:00:00+00:00,-15.197499999999998,3.6122483755122543,-18.809748375512253,18.809748375512253,353.8066339500858,-1.0,1,1,
2026-05-24 05:00:00+00:00,week_021,2026-05-18 04:00:00+00:00,-11.415000000000004,3.782381645459653,-15.197381645459657,15.197381645459657,230.96040887775408,-1.0,1,1,
2026-05-24 06:00:00+00:00,week_021,2026-05-18 04:00:00+00:00,-10.7525,1.747107629670643,-12.499607629670642,12.499607629670642,156.24019089572053,-1.0,1,1,
2026-05-24 07:00:00+00:00,week_021,2026-05-18 04:00:00+00:00,-8.639999999999997,2.4816875608408338,-11.121687560840831,11.121687560840831,123.69193420096168,-1.0,1,1,
2026-05-24 08:00:00+00:00,week_021,2026-05-18 04:00:00+00:00,-5.569999999999997,2.4816875608408338,-8.051687560840831,8.051687560840831,64.82967257739897,-1.0,1,1,
2026-05-24 09:00:00+00:00,week_021,2026-05-18 04:00:00+00:00,-5.552499999999998,2.4816875608408338,-8.034187560840833,8.034187560840833,64.54816976276956,-1.0,1,1,
2026-05-24 10:00:00+00:00,week_021,2026-05-18 04:00:00+00:00,-2.327500000000001,6.070980252717176,-8.398480252717176,8.398480252717176,70.53447055528036,-1.0,1,1,
2026-05-24 11:00:00+00:00,week_021,2026-05-18 04:00:00+00:00,-1.8800000000000023,3.325905387669295,-5.205905387669297,5.205905387669297,27.101450905364214,-1.0,1,1,
2026-05-24 12:00:00+00:00,week_021,2026-05-18 04:00:00+00:00,-2.5075000000000003,3.325905387669295,-5.833405387669295,5.833405387669295,34.02861841688916,-1.0,1,1,
2026-05-24 13:00:00+00:00,week_021,2026-05-18 04:00:00+00:00,-3.209999999999999,3.325905387669295,-6.535905387669294,6.535905387669294,42.7180592365645,-1.0,1,1,
2026-05-24 14:00:00+00:00,week_021,2026-05-18 04:00:00+00:00,-1.432500000000001,1.9180540204880343,-3.350554020488035,3.350554020488035,11.226212244208536,-1.0,1,1,
2026-05-24 15:00:00+00:00,week_021,2026-05-18 04:00:00+00:00,1.4299999999999995,4.653223775292097,-3.223223775292097,3.223223775292097,10.389171505608239,1.0,1,1,
2026-05-24 16:00:00+00:00,week_021,2026-05-18 04:00:00+00:00,0.2275000000000009,5.414060634934945,-5.186560634934944,5.186560634934944,26.900411219856768,1.0,1,1,
2026-05-24 17:00:00+00:00,week_021,2026-05-18 04:00:00+00:00,1.7899999999999991,5.414060634934945,-3.6240606349349456,3.6240606349349456,13.13381548568508,1.0,1,1,
2026-05-24 18:00:00+00:00,week_021,2026-05-18 04:00:00+00:00,4.274999999999999,4.777336942819164,-0.5023369428191655,0.5023369428191655,0.2523424041209056,1.0,1,1,
2026-05-24 19:00:00+00:00,week_021,2026-05-18 04:00:00+00:00,6.7225,4.653223775292097,2.0692762247079033,2.0692762247079033,4.281904094141393,1.0,1,1,
2026-05-24 20:00:00+00:00,week_021,2026-05-18 04:00:00+00:00,4.817499999999999,4.663128885535918,0.15437111446408114,0.15437111446408114,0.02383044098088244,1.0,1,1,
2026-05-24 21:00:00+00:00,week_021,2026-05-18 04:00:00+00:00,3.967500000000001,4.83985452576626,-0.8723545257662586,0.8723545257662586,0.7610024186248739,1.0,1,1,
2026-05-24 22:00:00+00:00,week_021,2026-05-18 04:00:00+00:00,4.945000000000004,4.778733221575211,0.16626677842479243,0.16626677842479243,0.02764464160775902,1.0,1,1,
2026-05-24 23:00:00+00:00,week_021,2026-05-18 04:00:00+00:00,-0.817499999999999,2.2200990241598855,-3.0375990241598845,3.0375990241598845,9.227007831577083,-1.0,1,1,
2026-05-25 00:00:00+00:00,week_021,2026-05-18 04:00:00+00:00,-14.887500000000005,5.429415330361782,-20.316915330361788,20.316915330361788,412.7770485410898,-1.0,1,1,
2026-05-25 01:00:00+00:00,week_021,2026-05-18 04:00:00+00:00,-10.015,6.498278125127486,-16.513278125127485,16.513278125127485,272.6883544378139,-1.0,1,1,
2026-05-25 02:00:00+00:00,week_021,2026-05-18 04:00:00+00:00,-8.814999999999998,5.996100440832916,-14.811100440832913,14.811100440832913,219.3686962684409,-1.0,1,1,
2026-05-25 03:00:00+00:00,week_021,2026-05-18 04:00:00+00:00,-1.792500000000004,5.996100440832916,-7.78860044083292,7.78860044083292,60.66229682694276,-1.0,1,1,
2026-05-25 04:00:00+00:00,week_021,2026-05-18 04:00:00+00:00,-0.6199999999999974,6.799290843647964,-7.419290843647961,7.419290843647961,55.04587662263848,-1.0,1,1,
2026-05-25 05:00:00+00:00,week_022,2026-05-25 04:00:00+00:00,3.432499999999997,0.10540990959533436,3.3270900904046625,3.3270900904046625,11.069528469668905,1.0,1,1,
2026-05-25 06:00:00+00:00,week_022,2026-05-25 04:00:00+00:00,4.535,2.8676723336985948,1.6673276663014054,1.6673276663014054,2.7799815468140907,1.0,1,1,
2026-05-25 07:00:00+00:00,week_022,2026-05-25 04:00:00+00:00,5.739999999999998,3.3100066317912256,2.429993368208773,2.429993368208773,5.904867769538617,1.0,1,1,
2026-05-25 08:00:00+00:00,week_022,2026-05-25 04:00:00+00:00,3.7375000000000007,3.622336682935993,0.11516331706400784,0.11516331706400784,0.0132625895971852,1.0,1,1,
2026-05-25 09:00:00+00:00,week_022,2026-05-25 04:00:00+00:00,3.715,3.977058237955509,-0.2620582379555092,0.2620582379555092,0.06867452008034629,1.0,1,1,
2026-05-25 10:00:00+00:00,week_022,2026-05-25 04:00:00+00:00,1.5625,3.977058237955509,-2.414558237955509,2.414558237955509,5.830091484478813,1.0,1,1,
2026-05-25 11:00:00+00:00,week_022,2026-05-25 04:00:00+00:00,0.0324999999999988,3.977058237955509,-3.94455823795551,3.94455823795551,15.55953969262268,1.0,1,1,
2026-05-25 12:00:00+00:00,week_022,2026-05-25 04:00:00+00:00,-1.7949999999999982,3.977058237955509,-5.772058237955507,5.772058237955507,33.31665630235003,-1.0,1,1,
2026-05-25 13:00:00+00:00,week_022,2026-05-25 04:00:00+00:00,1.205,2.2100136931365437,-1.0050136931365437,1.0050136931365437,1.0100525233919548,1.0,1,1,
2026-05-25 14:00:00+00:00,week_022,2026-05-25 04:00:00+00:00,4.017500000000002,2.7509752857309984,1.2665247142690035,1.2665247142690035,1.6040848518541808,1.0,1,1,
2026-05-25 15:00:00+00:00,week_022,2026-05-25 04:00:00+00:00,5.022499999999999,2.1000023885152634,2.9224976114847356,2.9224976114847356,8.540992289133985,1.0,1,1,
2026-05-25 16:00:00+00:00,week_022,2026-05-25 04:00:00+00:00,9.0675,2.093316645168948,6.974183354831053,6.974183354831053,48.639233466802516,1.0,1,1,
2026-05-25 17:00:00+00:00,week_022,2026-05-25 04:00:00+00:00,12.095000000000002,2.067402811973027,10.027597188026975,10.027597188026975,100.5527053653265,1.0,1,1,
2026-05-25 18:00:00+00:00,week_022,2026-05-25 04:00:00+00:00,17.775,2.067402811973027,15.707597188026972,15.707597188026972,246.72860942131283,1.0,1,1,
2026-05-25 19:00:00+00:00,week_022,2026-05-25 04:00:00+00:00,14.519999999999996,2.150748131011076,12.36925186898892,12.36925186898892,152.9983917984859,1.0,1,1,
2026-05-25 20:00:00+00:00,week_022,2026-05-25 04:00:00+00:00,15.2125,2.4578027109153315,12.75469728908467,12.75469728908467,162.68230293618382,1.0,1,1,
2026-05-25 21:00:00+00:00,week_022,2026-05-25 04:00:00+00:00,12.5975,-2.3033142879740574,14.900814287974057,14.900814287974057,222.0342664446918,1.0,-1,1,
2026-05-25 22:00:00+00:00,week_022,2026-05-25 04:00:00+00:00,4.787500000000001,-4.201611015744821,8.989111015744822,8.989111015744822,80.8041168533849,1.0,-1,1,
2026-05-25 23:00:00+00:00,week_022,2026-05-25 04:00:00+00:00,0.9074999999999988,-4.201611015744821,5.10911101574482,5.10911101574482,26.103015371205068,1.0,-1,1,
2026-05-26 00:00:00+00:00,week_022,2026-05-25 04:00:00+00:00,-9.592499999999994,-13.361124704641968,3.768624704641974,3.768624704641974,14.202532164437807,-1.0,-1,1,
2026-05-26 01:00:00+00:00,week_022,2026-05-25 04:00:00+00:00,-10.072499999999998,-0.20732839305088913,-9.865171606949108,9.865171606949108,97.32161083455485,-1.0,-1,1,
2026-05-26 02:00:00+00:00,week_022,2026-05-25 04:00:00+00:00,7.394999999999996,-1.860527592119914,9.25552759211991,9.25552759211991,85.66479100849297,1.0,-1,1,
2026-05-26 03:00:00+00:00,week_022,2026-05-25 04:00:00+00:00,11.849999999999998,-0.4178510890053478,12.267851089005346,12.267851089005346,150.50017034200965,1.0,-1,1,
2026-05-26 04:00:00+00:00,week_022,2026-05-25 04:00:00+00:00,3.302500000000002,-0.4536214364648921,3.7561214364648943,3.7561214364648943,14.1084482454711,1.0,-1,1,
2026-05-26 05:00:00+00:00,week_022,2026-05-25 04:00:00+00:00,-1.215,-0.4536214364648921,-0.761378563535108,0.761378563535108,0.5796973170107845,-1.0,-1,1,
2026-05-26 06:00:00+00:00,week_022,2026-05-25 04:00:00+00:00,1.2175000000000011,2.334826330434714,-1.1173263304347127,1.1173263304347127,1.248418128682701,1.0,1,1,
2026-05-26 07:00:00+00:00,week_022,2026-05-25 04:00:00+00:00,1.337500000000002,1.7809478554884646,-0.44344785548846266,0.44344785548846266,0.19664600053731646,1.0,1,1,
2026-05-26 08:00:00+00:00,week_022,2026-05-25 04:00:00+00:00,-2.792500000000004,2.6351296388443552,-5.427629638844359,5.427629638844359,29.45916349646175,-1.0,1,1,
2026-05-26 09:00:00+00:00,week_022,2026-05-25 04:00:00+00:00,-2.8599999999999994,2.8676723336985948,-5.727672333698594,5.727672333698594,32.8062303622163,-1.0,1,1,
2026-05-26 10:00:00+00:00,week_022,2026-05-25 04:00:00+00:00,-0.3275000000000005,3.126400371349181,-3.4539003713491816,3.4539003713491816,11.929427775206015,-1.0,1,1,
2026-05-26 11:00:00+00:00,week_022,2026-05-25 04:00:00+00:00,6.532500000000002,3.2395735025672137,3.2929264974327888,3.2929264974327888,10.843364917494974,1.0,1,1,
2026-05-26 12:00:00+00:00,week_022,2026-05-25 04:00:00+00:00,-0.1850000000000022,3.977058237955509,-4.162058237955511,4.162058237955511,17.322728776133335,-1.0,1,1,
2026-05-26 13:00:00+00:00,week_022,2026-05-25 04:00:00+00:00,2.357499999999998,2.8676723336985948,-0.5101723336985966,0.5101723336985966,0.2602758100714722,1.0,1,1,
2026-05-26 14:00:00+00:00,week_022,2026-05-25 04:00:00+00:00,1.1275000000000013,2.067402811973027,-0.9399028119730257,0.9399028119730257,0.8834172959548009,1.0,1,1,
2026-05-26 15:00:00+00:00,week_022,2026-05-25 04:00:00+00:00,1.5675000000000026,-0.4536214364648921,2.021121436464895,2.021121436464895,4.08493186093792,1.0,-1,1,
2026-05-26 16:00:00+00:00,week_022,2026-05-25 04:00:00+00:00,0.7925000000000004,-0.4536214364648921,1.2461214364648925,1.2461214364648925,1.5528186344173271,1.0,-1,1,
2026-05-26 17:00:00+00:00,week_022,2026-05-25 04:00:00+00:00,1.052500000000002,-0.4536214364648921,1.506121436464894,1.506121436464894,2.268401781379076,1.0,-1,1,
2026-05-26 18:00:00+00:00,week_022,2026-05-25 04:00:00+00:00,-2.032499999999999,-0.4536214364648921,-1.5788785635351068,1.5788785635351068,2.4928575183906823,-1.0,-1,1,
2026-05-26 19:00:00+00:00,week_022,2026-05-25 04:00:00+00:00,-6.155000000000001,-0.4536214364648921,-5.701378563535109,5.701378563535109,32.50571752473767,-1.0,-1,1,
2026-05-26 20:00:00+00:00,week_022,2026-05-25 04:00:00+00:00,3.5375000000000014,-0.4536214364648921,3.9911214364648937,3.9911214364648937,15.929050320609596,1.0,-1,1,
2026-05-26 21:00:00+00:00,week_022,2026-05-25 04:00:00+00:00,3.8125,-0.39618995062276435,4.208689950622764,4.208689950622764,17.713071100473044,1.0,-1,1,
2026-05-26 22:00:00+00:00,week_022,2026-05-25 04:00:00+00:00,7.065000000000001,-0.39618995062276435,7.4611899506227655,7.4611899506227655,55.669355479274145,1.0,-1,1,
2026-05-26 23:00:00+00:00,week_022,2026-05-25 04:00:00+00:00,37.6725,-0.39618995062276435,38.06868995062276,38.06868995062276,1449.2251545566464,1.0,-1,1,
2026-05-27 00:00:00+00:00,week_022,2026-05-25 04:00:00+00:00,74.49000000000001,-0.4178510890053478,74.90785108900536,74.90785108900536,5611.186154772602,1.0,-1,1,
2026-05-27 01:00:00+00:00,week_022,2026-05-25 04:00:00+00:00,78.53750000000002,-2.09356339790392,80.63106339790394,80.63106339790394,6501.368384676805,1.0,-1,1,
2026-05-27 02:00:00+00:00,week_022,2026-05-25 04:00:00+00:00,70.595,-1.7025329761951087,72.29753297619511,72.29753297619511,5226.93327444402,1.0,-1,1,
2026-05-27 03:00:00+00:00,week_022,2026-05-25 04:00:00+00:00,104.51250000000002,2.2935544706676576,102.21894552933236,102.21894552933236,10448.712825128616,1.0,1,1,
2026-05-27 04:00:00+00:00,week_022,2026-05-25 04:00:00+00:00,34.7725,-0.30115404103775156,35.073654041037756,35.073654041037756,1230.1612077904042,1.0,-1,1,
2026-05-27 05:00:00+00:00,week_022,2026-05-25 04:00:00+00:00,22.330000000000005,-0.3369243884972959,22.6669243884973,22.6669243884973,513.7894612338537,1.0,-1,1,
2026-05-27 06:00:00+00:00,week_022,2026-05-25 04:00:00+00:00,15.589999999999996,0.10540990959533436,15.484590090404662,15.484590090404662,239.77253026785826,1.0,1,1,
2026-05-27 07:00:00+00:00,week_022,2026-05-25 04:00:00+00:00,2.957499999999996,0.7724615157596167,2.1850384842403794,2.1850384842403794,4.774393177611494,1.0,1,1,
2026-05-27 08:00:00+00:00,week_022,2026-05-25 04:00:00+00:00,2.8999999999999986,0.7724615157596167,2.127538484240382,2.127538484240382,4.526420001923862,1.0,1,1,
2026-05-27 09:00:00+00:00,week_022,2026-05-25 04:00:00+00:00,5.545000000000002,3.977058237955509,1.5679417620444926,1.5679417620444926,2.4584413691631886,1.0,1,1,
2026-05-27 10:00:00+00:00,week_022,2026-05-25 04:00:00+00:00,10.1875,3.977058237955509,6.210441762044491,6.210441762044491,38.56958687974628,1.0,1,1,
2026-05-27 11:00:00+00:00,week_022,2026-05-25 04:00:00+00:00,17.6425,3.977058237955509,13.66544176204449,13.66544176204449,186.7442985518296,1.0,1,1,
2026-05-27 12:00:00+00:00,week_022,2026-05-25 04:00:00+00:00,-6.7425,3.977058237955509,-10.719558237955509,10.719558237955509,114.90892881691981,-1.0,1,1,
2026-05-27 13:00:00+00:00,week_022,2026-05-25 04:00:00+00:00,-8.405000000000005,3.977058237955509,-12.382058237955514,12.382058237955514,153.31536620812201,-1.0,1,1,
2026-05-27 14:00:00+00:00,week_022,2026-05-25 04:00:00+00:00,-2.807500000000001,2.7509752857309984,-5.558475285730999,5.558475285730999,30.896647502082313,-1.0,1,1,
2026-05-27 15:00:00+00:00,week_022,2026-05-25 04:00:00+00:00,0.7100000000000009,2.7509752857309984,-2.0409752857309975,2.0409752857309975,4.165580116964727,1.0,1,1,
2026-05-27 16:00:00+00:00,week_022,2026-05-25 04:00:00+00:00,9.982500000000002,2.7509752857309984,7.231524714269003,7.231524714269003,52.29494969308339,1.0,1,1,
2026-05-27 17:00:00+00:00,week_022,2026-05-25 04:00:00+00:00,5.2075,2.067402811973027,3.1400971880269726,3.1400971880269726,9.860210350254901,1.0,1,1,
2026-05-27 18:00:00+00:00,week_022,2026-05-25 04:00:00+00:00,1.724999999999998,2.067402811973027,-0.3424028119730289,0.3424028119730289,0.11723968564703739,1.0,1,1,
2026-05-27 19:00:00+00:00,week_022,2026-05-25 04:00:00+00:00,0.932500000000001,2.7509752857309984,-1.8184752857309974,1.8184752857309974,3.3068523648144326,1.0,1,1,
2026-05-27 20:00:00+00:00,week_022,2026-05-25 04:00:00+00:00,-1.5775000000000006,3.2286050465431977,-4.806105046543198,4.806105046543198,23.098645718407997,-1.0,1,1,
2026-05-27 21:00:00+00:00,week_022,2026-05-25 04:00:00+00:00,1.1700000000000017,3.2286050465431977,-2.058605046543196,2.058605046543196,4.237854737653114,1.0,1,1,
2026-05-27 22:00:00+00:00,week_022,2026-05-25 04:00:00+00:00,5.675000000000001,3.2286050465431977,2.446394953456803,2.446394953456803,5.984848268298913,1.0,1,1,
2026-05-27 23:00:00+00:00,week_022,2026-05-25 04:00:00+00:00,9.5325,3.2286050465431977,6.303894953456803,6.303894953456803,39.73909158421815,1.0,1,1,
2026-05-28 00:00:00+00:00,week_022,2026-05-25 04:00:00+00:00,11.417499999999997,4.024293165529126,7.393206834470871,7.393206834470871,54.6595072972668,1.0,1,1,
2026-05-28 01:00:00+00:00,week_022,2026-05-25 04:00:00+00:00,-0.4825000000000017,2.4246687635781528,-2.9071687635781545,2.9071687635781545,8.451630219924535,-1.0,1,1,
2026-05-28 02:00:00+00:00,week_022,2026-05-25 04:00:00+00:00,-13.0625,0.6881190380256315,-13.750619038025631,13.750619038025631,189.07952392891292,-1.0,1,1,
2026-05-28 03:00:00+00:00,week_022,2026-05-25 04:00:00+00:00,-10.634999999999998,0.6881190380256315,-11.323119038025629,11.323119038025629,128.21302474929846,-1.0,1,1,
2026-05-28 04:00:00+00:00,week_022,2026-05-25 04:00:00+00:00,-6.307499999999997,4.5457515900504095,-10.853251590050407,10.853251590050407,117.79307007693168,-1.0,1,1,
2026-05-28 05:00:00+00:00,week_022,2026-05-25 04:00:00+00:00,-9.9375,0.7724615157596167,-10.709961515759616,10.709961515759616,114.70327566905202,-1.0,1,1,
2026-05-28 06:00:00+00:00,week_022,2026-05-25 04:00:00+00:00,-5.172499999999999,3.3100066317912256,-8.482506631791225,8.482506631791225,71.95291875838211,-1.0,1,1,
2026-05-28 07:00:00+00:00,week_022,2026-05-25 04:00:00+00:00,-4.747499999999999,3.3100066317912256,-8.057506631791224,8.057506631791224,64.92341312135956,-1.0,1,1,
2026-05-28 08:00:00+00:00,week_022,2026-05-25 04:00:00+00:00,-3.192499999999999,3.3100066317912256,-6.502506631791224,6.502506631791224,42.28259249648885,-1.0,1,1,
2026-05-28 09:00:00+00:00,week_022,2026-05-25 04:00:00+00:00,-5.465,3.977058237955509,-9.442058237955509,9.442058237955509,89.15246376894349,-1.0,1,1,
2026-05-28 10:00:00+00:00,week_022,2026-05-25 04:00:00+00:00,-6.204999999999998,3.2395735025672137,-9.444573502567213,9.444573502567213,89.1999686453947,-1.0,1,1,
2026-05-28 11:00:00+00:00,week_022,2026-05-25 04:00:00+00:00,-3.917500000000004,3.2395735025672137,-7.157073502567218,7.157073502567218,51.22370112114978,-1.0,1,1,
2026-05-28 12:00:00+00:00,week_022,2026-05-25 04:00:00+00:00,-2.77,3.977058237955509,-6.747058237955509,6.747058237955509,45.52279486636329,-1.0,1,1,
2026-05-28 13:00:00+00:00,week_022,2026-05-25 04:00:00+00:00,-1.75,3.579222411520169,-5.329222411520169,5.329222411520169,28.400611511448844,-1.0,1,1,
2026-05-28 14:00:00+00:00,week_022,2026-05-25 04:00:00+00:00,-4.895000000000003,2.093316645168948,-6.988316645168951,6.988316645168951,48.83656953314543,-1.0,1,1,
2026-05-28 15:00:00+00:00,week_022,2026-05-25 04:00:00+00:00,-7.8325,2.067402811973027,-9.899902811973027,9.899902811973027,98.00807568651143,-1.0,1,1,
2026-05-28 16:00:00+00:00,week_022,2026-05-25 04:00:00+00:00,-10.745,2.7509752857309984,-13.495975285730998,13.495975285730998,182.14134891306188,-1.0,1,1,
2026-05-28 17:00:00+00:00,week_022,2026-05-25 04:00:00+00:00,-3.157499999999999,-14.076101247499006,10.918601247499007,10.918601247499007,119.21585320188687,-1.0,-1,1,
2026-05-28 18:00:00+00:00,week_022,2026-05-25 04:00:00+00:00,8.747499999999999,-16.934126740196884,25.681626740196883,25.681626740196883,659.5459520227956,1.0,-1,1,
2026-05-28 19:00:00+00:00,week_022,2026-05-25 04:00:00+00:00,10.535,-17.591785380758928,28.12678538075893,28.12678538075893,791.1160558552742,1.0,-1,1,
2026-05-28 20:00:00+00:00,week_022,2026-05-25 04:00:00+00:00,-2.762500000000003,-18.267782913758253,15.50528291375825,15.50528291375825,240.41379823568354,-1.0,-1,1,
2026-05-28 21:00:00+00:00,week_022,2026-05-25 04:00:00+00:00,-8.79,3.2776638598850814,-12.06766385988508,12.06766385988508,145.62851103517647,-1.0,1,1,
2026-05-28 22:00:00+00:00,week_022,2026-05-25 04:00:00+00:00,-2.835000000000001,4.081724651371252,-6.916724651371253,6.916724651371253,47.84107990288678,-1.0,1,1,
2026-05-28 23:00:00+00:00,week_022,2026-05-25 04:00:00+00:00,11.8125,4.283874674825466,7.528625325174534,7.528625325174534,56.68019928685936,1.0,1,1,
2026-05-29 00:00:00+00:00,week_022,2026-05-25 04:00:00+00:00,-39.765,4.283874674825466,-44.04887467482547,44.04887467482547,1940.3033601184807,-1.0,1,1,
2026-05-29 01:00:00+00:00,week_022,2026-05-25 04:00:00+00:00,-41.915000000000006,1.228333298220536,-43.14333329822054,43.14333329822054,1861.3472080813451,-1.0,1,1,
2026-05-29 02:00:00+00:00,week_022,2026-05-25 04:00:00+00:00,-41.4575,-3.107825384635543,-38.349674615364464,38.349674615364464,1470.6975431043295,-1.0,-1,1,
2026-05-29 03:00:00+00:00,week_022,2026-05-25 04:00:00+00:00,-29.7725,-2.244718559092536,-27.527781440907464,27.527781440907464,757.7787510583694,-1.0,-1,1,
2026-05-29 04:00:00+00:00,week_022,2026-05-25 04:00:00+00:00,-11.4175,-2.0305219591365717,-9.38697804086343,9.38697804086343,88.11535673965223,-1.0,-1,1,
2026-05-29 05:00:00+00:00,week_022,2026-05-25 04:00:00+00:00,-9.07,1.3558319097806535,-10.425831909780653,10.425831909780653,108.6979710110005,-1.0,1,1,
2026-05-29 06:00:00+00:00,week_022,2026-05-25 04:00:00+00:00,-3.2775,-1.1911061718531857,-2.0863938281468144,2.0863938281468144,4.353039206129119,-1.0,-1,1,
2026-05-29 07:00:00+00:00,week_022,2026-05-25 04:00:00+00:00,-1.8175000000000023,-1.1651923386572653,-0.652307661342737,0.652307661342737,0.42550528504643087,-1.0,-1,1,
2026-05-29 08:00:00+00:00,week_022,2026-05-25 04:00:00+00:00,-2.4349999999999987,-1.1585065953109506,-1.2764934046890482,1.2764934046890482,1.629435412214638,-1.0,-1,1,
2026-05-29 09:00:00+00:00,week_022,2026-05-25 04:00:00+00:00,-0.0225000000000008,-0.5075336980952153,0.4850336980952145,0.4850336980952145,0.2352576882879197,-1.0,-1,1,
2026-05-29 10:00:00+00:00,week_022,2026-05-25 04:00:00+00:00,-4.584999999999997,1.7809478554884646,-6.365947855488462,6.365947855488462,40.52529209879815,-1.0,1,1,
2026-05-29 11:00:00+00:00,week_022,2026-05-25 04:00:00+00:00,11.06,2.013490550342704,9.046509449657297,9.046509449657297,81.83933322273876,1.0,1,1,
2026-05-29 12:00:00+00:00,week_022,2026-05-25 04:00:00+00:00,5.797499999999999,2.013490550342704,3.7840094496572956,3.7840094496572956,14.31872751509571,1.0,1,1,
2026-05-29 13:00:00+00:00,week_022,2026-05-25 04:00:00+00:00,8.630000000000003,2.013490550342704,6.616509449657299,6.616509449657299,43.77819729740433,1.0,1,1,
2026-05-29 14:00:00+00:00,week_022,2026-05-25 04:00:00+00:00,4.84,-1.1911061718531857,6.031106171853185,6.031106171853185,36.37424165616558,1.0,-1,1,
2026-05-29 15:00:00+00:00,week_022,2026-05-25 04:00:00+00:00,6.659999999999998,-1.1911061718531857,7.851106171853184,7.851106171853184,61.63986812171115,1.0,-1,1,
2026-05-29 16:00:00+00:00,week_022,2026-05-25 04:00:00+00:00,8.325,-0.4536214364648921,8.778621436464892,8.778621436464892,77.06419432476092,1.0,-1,1,
2026-05-29 17:00:00+00:00,week_022,2026-05-25 04:00:00+00:00,2.240000000000002,-0.4536214364648921,2.6936214364648943,2.6936214364648943,7.2555964429832,1.0,-1,1,
2026-05-29 18:00:00+00:00,week_022,2026-05-25 04:00:00+00:00,-3.3825000000000003,-0.4536214364648921,-2.928878563535108,2.928878563535108,8.578329639935477,-1.0,-1,1,
2026-05-29 19:00:00+00:00,week_022,2026-05-25 04:00:00+00:00,-7.407499999999999,-0.4045626231230082,-7.00293737687699,7.00293737687699,49.041131904460784,-1.0,-1,1,
2026-05-29 20:00:00+00:00,week_022,2026-05-25 04:00:00+00:00,-2.2349999999999994,-0.39618995062276435,-1.838810049377235,1.838810049377235,3.3812223976907094,-1.0,-1,1,
2026-05-29 21:00:00+00:00,week_022,2026-05-25 04:00:00+00:00,6.085000000000001,-0.39618995062276435,6.481189950622765,6.481189950622765,42.00582317605352,1.0,-1,1,
2026-05-29 22:00:00+00:00,week_022,2026-05-25 04:00:00+00:00,-3.7399999999999984,-0.7522416611219971,-2.9877583388780016,2.9877583388780016,8.926699891535035,-1.0,-1,1,
2026-05-29 23:00:00+00:00,week_022,2026-05-25 04:00:00+00:00,-21.425,-2.4826246066852518,-18.942375393314748,18.942375393314748,358.81358554125603,-1.0,-1,1,
2026-05-30 00:00:00+00:00,week_022,2026-05-25 04:00:00+00:00,-33.165000000000006,-2.4826246066852518,-30.682375393314754,30.682375393314754,941.4081597762867,-1.0,-1,1,
2026-05-30 01:00:00+00:00,week_022,2026-05-25 04:00:00+00:00,-30.6375,-2.7819893199503327,-27.855510680049665,27.855510680049665,775.929475246361,-1.0,-1,1,
2026-05-30 02:00:00+00:00,week_022,2026-05-25 04:00:00+00:00,-32.959999999999994,-2.0445045845620364,-30.915495415437956,30.915495415437956,955.7678567819653,-1.0,-1,1,
2026-05-30 03:00:00+00:00,week_022,2026-05-25 04:00:00+00:00,-14.0,-1.1911061718531857,-12.808893828146815,12.808893828146815,164.06776110073756,-1.0,-1,1,
2026-05-30 04:00:00+00:00,week_022,2026-05-25 04:00:00+00:00,-5.9725,-1.1911061718531857,-4.781393828146815,4.781393828146815,22.86172693984045,-1.0,-1,1,
2026-05-30 05:00:00+00:00,week_022,2026-05-25 04:00:00+00:00,-4.202500000000001,-1.1911061718531857,-3.011393828146815,3.011393828146815,9.06849278820073,-1.0,-1,1,
2026-05-30 06:00:00+00:00,week_022,2026-05-25 04:00:00+00:00,-1.9699999999999989,-1.1911061718531857,-0.7788938281468132,0.7788938281468132,0.6066755955251973,-1.0,-1,1,
2026-05-30 07:00:00+00:00,week_022,2026-05-25 04:00:00+00:00,-0.6774999999999984,-0.4536214364648921,-0.22387856353510632,0.22387856353510632,0.050121611210542635,-1.0,-1,1,
2026-05-30 08:00:00+00:00,week_022,2026-05-25 04:00:00+00:00,-2.4750000000000014,-1.1911061718531857,-1.2838938281468157,1.2838938281468157,1.6483833619534853,-1.0,-1,1,
2026-05-30 09:00:00+00:00,week_022,2026-05-25 04:00:00+00:00,-2.897500000000001,-1.1911061718531857,-1.7063938281468152,1.7063938281468152,2.9117798967375426,-1.0,-1,1,
2026-05-30 10:00:00+00:00,week_022,2026-05-25 04:00:00+00:00,-3.985,-1.1911061718531857,-2.793893828146814,2.793893828146814,7.805842722956859,-1.0,-1,1,
2026-05-30 11:00:00+00:00,week_022,2026-05-25 04:00:00+00:00,0.3824999999999967,-1.1911061718531857,1.5736061718531824,1.5736061718531824,2.4762363840944275,1.0,-1,1,
2026-05-30 12:00:00+00:00,week_022,2026-05-25 04:00:00+00:00,-0.5675000000000026,-0.4536214364648921,-0.11387856353511044,0.11387856353511044,0.012968327232820187,-1.0,-1,1,
2026-05-30 13:00:00+00:00,week_022,2026-05-25 04:00:00+00:00,0.0825000000000013,-0.4536214364648921,0.5361214364648934,0.5361214364648934,0.2874261946371807,1.0,-1,1,
2026-05-30 14:00:00+00:00,week_022,2026-05-25 04:00:00+00:00,1.884999999999998,-0.4536214364648921,2.3386214364648903,2.3386214364648903,5.469150223093107,1.0,-1,1,
2026-05-30 15:00:00+00:00,week_022,2026-05-25 04:00:00+00:00,0.0075000000000002,-0.4536214364648921,0.4611214364648923,0.4611214364648923,0.2126329791674457,1.0,-1,1,
2026-05-30 16:00:00+00:00,week_022,2026-05-25 04:00:00+00:00,-2.302500000000002,-0.4536214364648921,-1.84887856353511,1.84887856353511,3.4183519426996516,-1.0,-1,1,
2026-05-30 17:00:00+00:00,week_022,2026-05-25 04:00:00+00:00,-7.389999999999997,-0.4536214364648921,-6.936378563535105,6.936378563535105,48.11334757666933,-1.0,-1,1,
2026-05-30 18:00:00+00:00,week_022,2026-05-25 04:00:00+00:00,-7.529999999999999,-1.1911061718531857,-6.338893828146814,6.338893828146814,40.18157496451777,-1.0,-1,1,
2026-05-30 19:00:00+00:00,week_022,2026-05-25 04:00:00+00:00,-7.462499999999999,-1.1420473585113018,-6.320452641488696,6.320452641488696,39.94812159330144,-1.0,-1,1,
2026-05-30 20:00:00+00:00,week_022,2026-05-25 04:00:00+00:00,-5.725,-0.39618995062276435,-5.3288100493772355,5.3288100493772355,28.396216542343815,-1.0,-1,1,
2026-05-30 21:00:00+00:00,week_022,2026-05-25 04:00:00+00:00,-5.067499999999999,-1.133674686011058,-3.933825313988941,3.933825313988941,15.474981600980191,-1.0,-1,1,
2026-05-30 22:00:00+00:00,week_022,2026-05-25 04:00:00+00:00,-3.0275,-0.39618995062276435,-2.6313100493772357,2.6313100493772357,6.92379257595363,-1.0,-1,1,
2026-05-30 23:00:00+00:00,week_022,2026-05-25 04:00:00+00:00,-6.195,-1.133674686011058,-5.0613253139889425,5.0613253139889425,25.617013934025266,-1.0,-1,1,
2026-05-31 00:00:00+00:00,week_022,2026-05-25 04:00:00+00:00,-8.07,-1.133674686011058,-6.9363253139889425,6.9363253139889425,48.1126088614838,-1.0,-1,1,
2026-05-31 01:00:00+00:00,week_022,2026-05-25 04:00:00+00:00,-9.6275,-0.6004708233355869,-9.027029176664414,9.027029176664414,81.4872557563506,-1.0,-1,1,
2026-05-31 02:00:00+00:00,week_022,2026-05-25 04:00:00+00:00,-7.962499999999999,-1.1553358243936414,-6.807164175606357,6.807164175606357,46.337484113658576,-1.0,-1,1,
2026-05-31 03:00:00+00:00,week_022,2026-05-25 04:00:00+00:00,-3.3825000000000003,-1.1911061718531857,-2.191393828146815,2.191393828146815,4.802206910039952,-1.0,-1,1,
2026-05-31 04:00:00+00:00,week_022,2026-05-25 04:00:00+00:00,-1.2399999999999984,-0.4536214364648921,-0.7863785635351064,0.7863785635351064,0.6183912451875373,-1.0,-1,1,
2026-05-31 05:00:00+00:00,week_022,2026-05-25 04:00:00+00:00,-1.2924999999999969,-0.4536214364648921,-0.8388785635351048,0.8388785635351048,0.7037172443587209,-1.0,-1,1,
2026-05-31 06:00:00+00:00,week_022,2026-05-25 04:00:00+00:00,0.0899999999999998,-0.4536214364648921,0.5436214364648919,0.5436214364648919,0.2955242661841525,1.0,-1,1,
2026-05-31 07:00:00+00:00,week_022,2026-05-25 04:00:00+00:00,-0.3299999999999983,-1.1911061718531857,0.8611061718531874,0.8611061718531874,0.741503839203651,-1.0,-1,1,
2026-05-31 08:00:00+00:00,week_022,2026-05-25 04:00:00+00:00,1.41,-1.1911061718531857,2.6011061718531856,2.6011061718531856,6.7657533172527335,1.0,-1,1,
2026-05-31 09:00:00+00:00,week_022,2026-05-25 04:00:00+00:00,2.212500000000002,-1.1911061718531857,3.4036061718531876,3.4036061718531876,11.58453497307711,1.0,-1,1,
2026-05-31 10:00:00+00:00,week_022,2026-05-25 04:00:00+00:00,0.4624999999999986,-1.1911061718531857,1.6536061718531843,1.6536061718531843,2.734413371590943,1.0,-1,1,
2026-05-31 11:00:00+00:00,week_022,2026-05-25 04:00:00+00:00,0.504999999999999,-1.1911061718531857,1.6961061718531847,1.6961061718531847,2.876776146198465,1.0,-1,1,
2026-05-31 12:00:00+00:00,week_022,2026-05-25 04:00:00+00:00,-2.110000000000001,-1.1911061718531857,-0.9188938281468155,0.9188938281468155,0.8443658674063094,-1.0,-1,1,
2026-05-31 13:00:00+00:00,week_022,2026-05-25 04:00:00+00:00,-3.3925,-1.1911061718531857,-2.2013938281468146,2.2013938281468146,4.846134786602887,-1.0,-1,1,
2026-05-31 14:00:00+00:00,week_022,2026-05-25 04:00:00+00:00,-7.495,-1.1911061718531857,-6.303893828146815,6.303893828146815,39.7390773965475,-1.0,-1,1,
2026-05-31 15:00:00+00:00,week_022,2026-05-25 04:00:00+00:00,-9.18,-1.1911061718531857,-7.988893828146814,7.988893828146814,63.82242459740226,-1.0,-1,1,
2026-05-31 16:00:00+00:00,week_022,2026-05-25 04:00:00+00:00,-4.319999999999999,-1.1911061718531857,-3.128893828146814,3.128893828146814,9.789976587815223,-1.0,-1,1,
2026-05-31 17:00:00+00:00,week_022,2026-05-25 04:00:00+00:00,-2.4450000000000003,-1.1911061718531857,-1.2538938281468146,1.2538938281468146,1.5722497322646733,-1.0,-1,1,
2026-05-31 18:00:00+00:00,week_022,2026-05-25 04:00:00+00:00,-2.077500000000001,-1.1420473585113018,-0.9354526414886992,0.9354526414886992,0.8750716444681849,-1.0,-1,1,
2026-05-31 19:00:00+00:00,week_022,2026-05-25 04:00:00+00:00,-3.9725,-1.1420473585113018,-2.8304526414886984,2.8304526414886984,8.01146215571035,-1.0,-1,1,
2026-05-31 20:00:00+00:00,week_022,2026-05-25 04:00:00+00:00,-5.494999999999997,-1.133674686011058,-4.36132531398894,4.36132531398894,19.021158494440723,-1.0,-1,1,
2026-05-31 21:00:00+00:00,week_022,2026-05-25 04:00:00+00:00,-8.7625,-1.133674686011058,-7.6288253139889415,7.6288253139889415,58.19897567135847,-1.0,-1,1,
2026-05-31 22:00:00+00:00,week_022,2026-05-25 04:00:00+00:00,-9.962500000000002,-1.133674686011058,-8.828825313988943,8.828825313988943,77.94815642493197,-1.0,-1,1,
2026-05-31 23:00:00+00:00,week_022,2026-05-25 04:00:00+00:00,-10.814999999999998,-1.8049617556259332,-9.010038244374064,9.010038244374064,81.18078916508327,-1.0,-1,1,
2026-06-01 00:00:00+00:00,week_022,2026-05-25 04:00:00+00:00,-13.267499999999998,-1.133674686011058,-12.13382531398894,12.13382531398894,147.22971675039878,-1.0,-1,1,
2026-06-01 01:00:00+00:00,week_022,2026-05-25 04:00:00+00:00,-8.949999999999996,-2.7819893199503327,-6.1680106800496635,6.1680106800496635,38.04435574920671,-1.0,-1,1,
2026-06-01 02:00:00+00:00,week_022,2026-05-25 04:00:00+00:00,8.162500000000001,-2.7819893199503327,10.944489319950334,10.944489319950334,119.78184647450692,1.0,-1,1,
2026-06-01 03:00:00+00:00,week_022,2026-05-25 04:00:00+00:00,9.442500000000004,-2.7819893199503327,12.224489319950337,12.224489319950337,149.43813913357985,1.0,-1,1,
2026-06-01 04:00:00+00:00,week_022,2026-05-25 04:00:00+00:00,8.212500000000002,-1.1911061718531857,9.403606171853188,9.403606171853188,88.42780903531536,1.0,-1,1,
2026-06-01 05:00:00+00:00,week_023,2026-06-01 04:00:00+00:00,21.897500000000004,-1.2798920317386602,23.177392031738666,23.177392031738666,537.191501392903,1.0,-1,1,
2026-06-01 06:00:00+00:00,week_023,2026-06-01 04:00:00+00:00,8.017499999999998,-1.2798920317386602,9.297392031738658,9.297392031738658,86.4414985918375,1.0,-1,1,
2026-06-01 07:00:00+00:00,week_023,2026-06-01 04:00:00+00:00,2.2300000000000004,-1.2798920317386602,3.5098920317386604,3.5098920317386604,12.319342074462542,1.0,-1,1,
2026-06-01 08:00:00+00:00,week_023,2026-06-01 04:00:00+00:00,1.0449999999999982,-0.4164676755159617,1.46146767551596,1.46146767551596,2.135887766578023,1.0,-1,1,
2026-06-01 09:00:00+00:00,week_023,2026-06-01 04:00:00+00:00,1.6525,-1.2798920317386602,2.9323920317386603,2.9323920317386603,8.598923027804387,1.0,-1,1,
2026-06-01 10:00:00+00:00,week_023,2026-06-01 04:00:00+00:00,0.4450000000000003,-1.2798920317386602,1.7248920317386605,1.7248920317386605,2.975252521155524,1.0,-1,1,
2026-06-01 11:00:00+00:00,week_023,2026-06-01 04:00:00+00:00,-6.5,-0.4164676755159617,-6.083532324484039,6.083532324484039,37.00936554304217,-1.0,-1,1,
2026-06-01 12:00:00+00:00,week_023,2026-06-01 04:00:00+00:00,-6.825000000000003,-0.6206690426933297,-6.204330957306674,6.204330957306674,38.49372262779394,-1.0,-1,1,
2026-06-01 13:00:00+00:00,week_023,2026-06-01 04:00:00+00:00,-1.4174999999999986,-1.2798920317386602,-0.13760796826133848,0.13760796826133848,0.01893595292901354,-1.0,-1,1,
2026-06-01 14:00:00+00:00,week_023,2026-06-01 04:00:00+00:00,1.2050000000000018,-1.2798920317386602,2.484892031738662,2.484892031738662,6.1746884093982946,1.0,-1,1,
2026-06-01 15:00:00+00:00,week_023,2026-06-01 04:00:00+00:00,2.410000000000004,-1.2798920317386602,3.6898920317386645,3.6898920317386645,13.61530320588849,1.0,-1,1,
2026-06-01 16:00:00+00:00,week_023,2026-06-01 04:00:00+00:00,6.035,-1.2798920317386602,7.31489203173866,7.31489203173866,53.507645435993744,1.0,-1,1,
2026-06-01 17:00:00+00:00,week_023,2026-06-01 04:00:00+00:00,4.140000000000001,1.7819524401331681,2.3580475598668325,2.3580475598668325,5.560388294593923,1.0,1,1,
2026-06-01 18:00:00+00:00,week_023,2026-06-01 04:00:00+00:00,5.719999999999999,1.2240014370824774,4.495998562917522,4.495998562917522,20.21400307775642,1.0,1,1,
2026-06-01 19:00:00+00:00,week_023,2026-06-01 04:00:00+00:00,8.415000000000003,1.2240014370824774,7.1909985629175255,7.1909985629175255,51.71046033188192,1.0,1,1,
2026-06-01 20:00:00+00:00,week_023,2026-06-01 04:00:00+00:00,4.712499999999999,0.8843302349957911,3.8281697650042075,3.8281697650042075,14.654883749692369,1.0,1,1,
2026-06-01 21:00:00+00:00,week_023,2026-06-01 04:00:00+00:00,-5.665000000000003,1.050477774669758,-6.715477774669761,6.715477774669761,45.097641742083525,-1.0,1,1,
2026-06-01 22:00:00+00:00,week_023,2026-06-01 04:00:00+00:00,-1.3049999999999995,-1.733311771886584,0.42831177188658454,0.42831177188658454,0.18345097393662563,-1.0,-1,1,
2026-06-01 23:00:00+00:00,week_023,2026-06-01 04:00:00+00:00,-4.859999999999999,-5.2313467939933185,0.37134679399331905,0.37134679399331905,0.13789844140911653,-1.0,-1,1,
2026-06-02 00:00:00+00:00,week_023,2026-06-01 04:00:00+00:00,-3.072499999999998,-5.533591470482703,2.461091470482705,2.461091470482705,6.056971226082723,-1.0,-1,1,
2026-06-02 01:00:00+00:00,week_023,2026-06-01 04:00:00+00:00,-20.4375,-3.188310167573063,-17.249189832426936,17.249189832426936,297.53454987510077,-1.0,-1,1,
2026-06-02 02:00:00+00:00,week_023,2026-06-01 04:00:00+00:00,-24.787499999999994,-3.242541774915158,-21.544958225084837,21.544958225084837,464.1852249206508,-1.0,-1,1,
2026-06-02 03:00:00+00:00,week_023,2026-06-01 04:00:00+00:00,-3.052499999999995,-1.384199619981015,-1.66830038001898,1.66830038001898,2.7832261579714728,-1.0,-1,1,
2026-06-02 04:00:00+00:00,week_023,2026-06-01 04:00:00+00:00,3.644999999999996,-1.384199619981015,5.029199619981011,5.029199619981011,25.29284881761714,1.0,-1,1,
2026-06-02 05:00:00+00:00,week_023,2026-06-01 04:00:00+00:00,9.4625,-1.2258592184474306,10.688359218447431,10.688359218447431,114.24102278257018,1.0,-1,1,
2026-06-02 06:00:00+00:00,week_023,2026-06-01 04:00:00+00:00,5.7425,-1.2258592184474306,6.96835921844743,6.96835921844743,48.55803019732128,1.0,-1,1,
2026-06-02 07:00:00+00:00,week_023,2026-06-01 04:00:00+00:00,6.82,-1.2258592184474306,8.045859218447431,8.045859218447431,64.7358505630755,1.0,-1,1,
2026-06-02 08:00:00+00:00,week_023,2026-06-01 04:00:00+00:00,9.82,-1.2258592184474306,11.045859218447431,11.045859218447431,122.01100587376008,1.0,-1,1,
2026-06-02 09:00:00+00:00,week_023,2026-06-01 04:00:00+00:00,1.985,-1.2258592184474306,3.210859218447431,3.210859218447431,10.309616920688846,1.0,-1,1,
2026-06-02 10:00:00+00:00,week_023,2026-06-01 04:00:00+00:00,2.592499999999994,2.4416618904448697,0.15083810955512433,0.15083810955512433,0.02275213529416369,1.0,1,1,
2026-06-02 11:00:00+00:00,week_023,2026-06-01 04:00:00+00:00,-5.879999999999999,2.602780107253528,-8.482780107253527,8.482780107253527,71.95755834801616,-1.0,1,1,
2026-06-02 12:00:00+00:00,week_023,2026-06-01 04:00:00+00:00,-4.195,2.939934637880256,-7.1349346378802565,7.1349346378802565,50.90729228682347,-1.0,1,1,
2026-06-02 13:00:00+00:00,week_023,2026-06-01 04:00:00+00:00,0.7999999999999972,-1.2258592184474306,2.025859218447428,2.025859218447428,4.104105572968423,1.0,-1,1,
2026-06-02 14:00:00+00:00,week_023,2026-06-01 04:00:00+00:00,1.7824999999999989,-1.2258592184474306,3.0083592184474295,3.0083592184474295,9.05022518721763,1.0,-1,1,
2026-06-02 15:00:00+00:00,week_023,2026-06-01 04:00:00+00:00,2.892500000000002,-0.36243486222473215,3.254934862224734,3.254934862224734,10.594600957325946,1.0,-1,1,
2026-06-02 16:00:00+00:00,week_023,2026-06-01 04:00:00+00:00,7.18,-0.36243486222473215,7.542434862224732,7.542434862224732,56.888323650903004,1.0,-1,1,
2026-06-02 17:00:00+00:00,week_023,2026-06-01 04:00:00+00:00,11.19,-0.36243486222473215,11.552434862224732,11.552434862224732,133.45875124594536,1.0,-1,1,
2026-06-02 18:00:00+00:00,week_023,2026-06-01 04:00:00+00:00,18.47,-0.36243486222473215,18.83243486222473,18.83243486222473,354.6606028399374,1.0,-1,1,
2026-06-02 19:00:00+00:00,week_023,2026-06-01 04:00:00+00:00,7.997499999999999,-0.36243486222473215,8.359934862224732,8.359934862224732,69.88851090064044,1.0,-1,1,
2026-06-02 20:00:00+00:00,week_023,2026-06-01 04:00:00+00:00,13.81,-2.16654540981678,15.97654540981678,15.97654540981678,255.2500032319376,1.0,-1,1,
2026-06-02 21:00:00+00:00,week_023,2026-06-01 04:00:00+00:00,31.1525,-1.9650339926623455,33.117533992662345,33.117533992662345,1096.7710577551459,1.0,-1,1,
2026-06-02 22:00:00+00:00,week_023,2026-06-01 04:00:00+00:00,1.3775000000000013,-5.004351854121309,6.38185185412131,6.38185185412131,40.7280330879516,1.0,-1,1,
2026-06-02 23:00:00+00:00,week_023,2026-06-01 04:00:00+00:00,-5.715,-5.004351854121309,-0.7106481458786913,0.7106481458786913,0.5050207872408217,-1.0,-1,1,
2026-06-03 00:00:00+00:00,week_023,2026-06-01 04:00:00+00:00,-18.1,-1.9650339926623455,-16.134966007337656,16.134966007337656,260.33712805794164,-1.0,-1,1,
2026-06-03 01:00:00+00:00,week_023,2026-06-01 04:00:00+00:00,-17.415000000000003,-0.4667424504670873,-16.948257549532915,16.948257549532915,287.24343396529946,-1.0,-1,1,
2026-06-03 02:00:00+00:00,week_023,2026-06-01 04:00:00+00:00,-16.3625,-0.5553817585922761,-15.807118241407725,15.807118241407725,249.86498709784485,-1.0,-1,1,
2026-06-03 03:00:00+00:00,week_023,2026-06-01 04:00:00+00:00,-13.487499999999995,-0.4667424504670873,-13.020757549532908,13.020757549532908,169.5401271637182,-1.0,-1,1,
2026-06-03 04:00:00+00:00,week_023,2026-06-01 04:00:00+00:00,-5.52,-0.4667424504670873,-5.053257549532912,5.053257549532912,25.53541186191137,-1.0,-1,1,
2026-06-03 05:00:00+00:00,week_023,2026-06-01 04:00:00+00:00,-2.91,-0.36243486222473215,-2.547565137775268,2.547565137775268,6.490088131207921,-1.0,-1,1,
2026-06-03 06:00:00+00:00,week_023,2026-06-01 04:00:00+00:00,-1.025000000000002,-0.36243486222473215,-0.6625651377752697,0.6625651377752697,0.4389925617951621,-1.0,-1,1,
2026-06-03 07:00:00+00:00,week_023,2026-06-01 04:00:00+00:00,-2.735000000000003,0.14196978880109937,-2.8769697888011025,2.8769697888011025,8.276955165674261,-1.0,1,1,
2026-06-03 08:00:00+00:00,week_023,2026-06-01 04:00:00+00:00,-3.3299999999999983,0.303088005609757,-3.633088005609755,3.633088005609755,13.19932845650547,-1.0,1,1,
2026-06-03 09:00:00+00:00,week_023,2026-06-01 04:00:00+00:00,-8.485000000000003,0.6243695001490178,-9.10936950014902,9.10936950014902,82.98061269024521,-1.0,1,1,
2026-06-03 10:00:00+00:00,week_023,2026-06-01 04:00:00+00:00,-10.307499999999996,0.6402425362364862,-10.947742536236483,10.947742536236483,119.85306663972162,-1.0,1,1,
2026-06-03 11:00:00+00:00,week_023,2026-06-01 04:00:00+00:00,-6.352499999999996,3.4978856409309476,-9.850385640930943,9.850385640930943,97.03009727505851,-1.0,1,1,
2026-06-03 12:00:00+00:00,week_023,2026-06-01 04:00:00+00:00,-3.8850000000000016,1.2994655252818164,-5.1844655252818175,5.1844655252818175,26.87868278283567,-1.0,1,1,
2026-06-03 13:00:00+00:00,week_023,2026-06-01 04:00:00+00:00,-0.1750000000000007,0.6402425362364862,-0.8152425362364869,0.8152425362364869,0.6646203928892996,-1.0,1,1,
2026-06-03 14:00:00+00:00,week_023,2026-06-01 04:00:00+00:00,-0.2624999999999993,1.8359852534243977,-2.098485253424397,2.098485253424397,4.403640358839657,-1.0,1,1,
2026-06-03 15:00:00+00:00,week_023,2026-06-01 04:00:00+00:00,4.275000000000002,-0.36243486222473215,4.637434862224734,4.637434862224734,21.505802101377338,1.0,-1,1,
2026-06-03 16:00:00+00:00,week_023,2026-06-01 04:00:00+00:00,11.04,-0.36243486222473215,11.402434862224732,11.402434862224732,130.01552078727795,1.0,-1,1,
2026-06-03 17:00:00+00:00,week_023,2026-06-01 04:00:00+00:00,20.0325,-0.36243486222473215,20.39493486222473,20.39493486222473,415.95336803438965,1.0,-1,1,
2026-06-03 18:00:00+00:00,week_023,2026-06-01 04:00:00+00:00,15.045000000000002,-0.36243486222473215,15.407434862224735,15.407434862224735,237.38904903369811,1.0,-1,1,
2026-06-03 19:00:00+00:00,week_023,2026-06-01 04:00:00+00:00,13.719999999999995,-0.36243486222473215,14.082434862224728,14.082434862224728,198.3149716488024,1.0,-1,1,
2026-06-03 20:00:00+00:00,week_023,2026-06-01 04:00:00+00:00,8.517500000000002,-0.36243486222473215,8.879934862224735,8.879934862224735,78.85324315735421,1.0,-1,1,
2026-06-03 21:00:00+00:00,week_023,2026-06-01 04:00:00+00:00,3.4925,-0.36243486222473215,3.854934862224732,3.854934862224732,14.860522791995615,1.0,-1,1,
2026-06-03 22:00:00+00:00,week_023,2026-06-01 04:00:00+00:00,3.0625,-0.16092344507029704,3.223423445070297,3.223423445070297,10.390458706228863,1.0,-1,1,
2026-06-03 23:00:00+00:00,week_023,2026-06-01 04:00:00+00:00,-4.492500000000007,-0.16092344507029704,-4.331576554929709,4.331576554929709,18.76255545121673,-1.0,-1,1,
2026-06-04 00:00:00+00:00,week_023,2026-06-01 04:00:00+00:00,-8.5775,-0.16092344507029704,-8.416576554929703,8.416576554929703,70.83876090499236,-1.0,-1,1,
2026-06-04 01:00:00+00:00,week_023,2026-06-01 04:00:00+00:00,-15.377499999999998,-0.5553817585922761,-14.822118241407722,14.822118241407722,219.69518916227153,-1.0,-1,1,
2026-06-04 02:00:00+00:00,week_023,2026-06-01 04:00:00+00:00,-12.252499999999998,-0.5629621837241037,-11.689537816275894,11.689537816275894,136.6452943581442,-1.0,-1,1,
2026-06-04 03:00:00+00:00,week_023,2026-06-01 04:00:00+00:00,-7.727499999999999,0.11014110924221303,-7.837641109242212,7.837641109242212,61.428618157283495,-1.0,1,1,
2026-06-04 04:00:00+00:00,week_023,2026-06-01 04:00:00+00:00,-4.795000000000002,0.03766220055874435,-4.832662200558746,4.832662200558746,23.3546239447093,-1.0,1,1,
2026-06-04 05:00:00+00:00,week_023,2026-06-01 04:00:00+00:00,1.8150000000000013,-0.06596477816450873,1.88096477816451,1.88096477816451,3.5380284966954645,1.0,-1,1,
2026-06-04 06:00:00+00:00,week_023,2026-06-01 04:00:00+00:00,2.6875,-0.36243486222473215,3.049934862224732,3.049934862224732,9.302102663813795,1.0,-1,1,
2026-06-04 07:00:00+00:00,week_023,2026-06-01 04:00:00+00:00,3.1750000000000007,-0.7214545674215993,3.8964545674216,3.8964545674216,15.182358195980646,1.0,-1,1,
2026-06-04 08:00:00+00:00,week_023,2026-06-01 04:00:00+00:00,2.969999999999999,-0.7214545674215993,3.691454567421598,3.691454567421598,13.626836823337777,1.0,-1,1,
2026-06-04 09:00:00+00:00,week_023,2026-06-01 04:00:00+00:00,4.734999999999999,-0.5603363506129413,5.29533635061294,5.29533635061294,28.04058706612277,1.0,-1,1,
2026-06-04 10:00:00+00:00,week_023,2026-06-01 04:00:00+00:00,6.080000000000002,0.6402425362364862,5.439757463763516,5.439757463763516,29.59096126457088,1.0,1,1,
2026-06-04 11:00:00+00:00,week_023,2026-06-01 04:00:00+00:00,5.902499999999996,0.6402425362364862,5.26225746376351,5.26225746376351,27.691353614934773,1.0,1,1,
2026-06-04 12:00:00+00:00,week_023,2026-06-01 04:00:00+00:00,1.8624999999999967,0.6402425362364862,1.2222574637635106,1.2222574637635106,1.4939133077256095,1.0,1,1,
2026-06-04 13:00:00+00:00,week_023,2026-06-01 04:00:00+00:00,3.4750000000000014,-0.7214545674215993,4.1964545674216005,4.1964545674216005,17.610230936433613,1.0,-1,1,
2026-06-04 14:00:00+00:00,week_023,2026-06-01 04:00:00+00:00,2.702500000000001,-0.36243486222473215,3.064934862224733,3.064934862224733,9.393825709680543,1.0,-1,1,
2026-06-04 15:00:00+00:00,week_023,2026-06-01 04:00:00+00:00,6.3475,-0.36243486222473215,6.709934862224732,6.709934862224732,45.02322585529883,1.0,-1,1,
2026-06-04 16:00:00+00:00,week_023,2026-06-01 04:00:00+00:00,2.125,-0.36243486222473215,2.487434862224732,2.487434862224732,6.187332193810971,1.0,-1,1,
2026-06-04 17:00:00+00:00,week_023,2026-06-01 04:00:00+00:00,-3.395000000000003,-0.36243486222473215,-3.032565137775271,3.032565137775271,9.196451314849948,-1.0,-1,1,
2026-06-04 18:00:00+00:00,week_023,2026-06-01 04:00:00+00:00,-1.3524999999999991,-0.36243486222473215,-0.990065137775267,0.990065137775267,0.9802289770379583,-1.0,-1,1,
2026-06-04 19:00:00+00:00,week_023,2026-06-01 04:00:00+00:00,4.725000000000001,-0.36243486222473215,5.087434862224733,5.087434862224733,25.88199347737959,1.0,-1,1,
2026-06-04 20:00:00+00:00,week_023,2026-06-01 04:00:00+00:00,,-0.36243486222473215,,,,,-1,0,incomplete_rt_intervals
2026-06-04 21:00:00+00:00,week_023,2026-06-01 04:00:00+00:00,5.532500000000002,-0.36243486222473215,5.894934862224734,5.894934862224734,34.75025702987255,1.0,-1,1,
2026-06-04 22:00:00+00:00,week_023,2026-06-01 04:00:00+00:00,5.559999999999999,-0.36243486222473215,5.922434862224731,5.922434862224731,35.07523469729487,1.0,-1,1,
2026-06-04 23:00:00+00:00,week_023,2026-06-01 04:00:00+00:00,9.305,-0.16092344507029704,9.465923445070297,9.465923445070297,89.60370666793152,1.0,-1,1,
2026-06-05 00:00:00+00:00,week_023,2026-06-01 04:00:00+00:00,22.512500000000003,-0.16092344507029704,22.6734234450703,22.6734234450703,514.0841307194635,1.0,-1,1,
2026-06-05 01:00:00+00:00,week_023,2026-06-01 04:00:00+00:00,40.9825,-0.4667424504670873,41.44924245046709,41.44924245046709,1718.039699717603,1.0,-1,1,
2026-06-05 02:00:00+00:00,week_023,2026-06-01 04:00:00+00:00,41.86749999999999,-0.4667424504670873,42.33424245046708,42.33424245046708,1792.188083854929,1.0,-1,1,
2026-06-05 03:00:00+00:00,week_023,2026-06-01 04:00:00+00:00,23.5325,-0.4667424504670873,23.999242450467086,23.999242450467086,575.9636381963014,1.0,-1,1,
2026-06-05 04:00:00+00:00,week_023,2026-06-01 04:00:00+00:00,9.2025,-0.36243486222473215,9.564934862224733,9.564934862224733,91.48797891860208,1.0,-1,1,
2026-06-05 05:00:00+00:00,week_023,2026-06-01 04:00:00+00:00,8.900000000000002,-0.36243486222473215,9.262434862224735,9.262434862224735,85.79269957695614,1.0,-1,1,
2026-06-05 06:00:00+00:00,week_023,2026-06-01 04:00:00+00:00,5.942500000000003,-0.36243486222473215,6.3049348622247345,6.3049348622247345,39.752203616896836,1.0,-1,1,
2026-06-05 07:00:00+00:00,week_023,2026-06-01 04:00:00+00:00,8.157500000000002,-0.36243486222473215,8.519934862224735,8.519934862224735,72.58929005655241,1.0,-1,1,
2026-06-05 08:00:00+00:00,week_023,2026-06-01 04:00:00+00:00,6.965,-0.36243486222473215,7.327434862224732,7.327434862224732,53.69130166014637,1.0,-1,1,
2026-06-05 09:00:00+00:00,week_023,2026-06-01 04:00:00+00:00,5.025000000000002,-0.36243486222473215,5.387434862224734,5.387434862224734,29.02445439471444,1.0,-1,1,
2026-06-05 10:00:00+00:00,week_023,2026-06-01 04:00:00+00:00,5.809999999999999,-0.36243486222473215,6.172434862224731,6.172434862224731,38.09895212840723,1.0,-1,1,
2026-06-05 11:00:00+00:00,week_023,2026-06-01 04:00:00+00:00,7.340000000000003,0.14196978880109937,7.198030211198904,7.198030211198904,51.81163892133214,1.0,1,1,
2026-06-05 12:00:00+00:00,week_023,2026-06-01 04:00:00+00:00,3.575000000000003,0.14196978880109937,3.4330302111989033,3.4330302111989033,11.785696431004386,1.0,1,1,
2026-06-05 13:00:00+00:00,week_023,2026-06-01 04:00:00+00:00,4.404999999999998,-0.36243486222473215,4.76743486222473,4.76743486222473,22.728435165555727,1.0,-1,1,
2026-06-05 14:00:00+00:00,week_023,2026-06-01 04:00:00+00:00,7.837499999999999,-0.36243486222473215,8.199934862224731,8.199934862224731,67.23893174472853,1.0,-1,1,
2026-06-05 15:00:00+00:00,week_023,2026-06-01 04:00:00+00:00,4.032499999999999,-0.36243486222473215,4.394934862224731,4.394934862224731,19.315452443198314,1.0,-1,1,
2026-06-05 16:00:00+00:00,week_023,2026-06-01 04:00:00+00:00,2.4825000000000017,-0.36243486222473215,2.8449348622247337,2.8449348622247337,8.093654370301664,1.0,-1,1,
2026-06-05 17:00:00+00:00,week_023,2026-06-01 04:00:00+00:00,1.2174999999999976,-0.36243486222473215,1.5799348622247298,1.5799348622247298,2.496194168873076,1.0,-1,1,
2026-06-05 18:00:00+00:00,week_023,2026-06-01 04:00:00+00:00,-1.504999999999999,-0.36243486222473215,-1.1425651377752668,1.1425651377752668,1.3054550940594145,-1.0,-1,1,
2026-06-05 19:00:00+00:00,week_023,2026-06-01 04:00:00+00:00,-2.25,-0.36243486222473215,-1.8875651377752678,1.8875651377752678,3.562902149344566,-1.0,-1,1,
2026-06-05 20:00:00+00:00,week_023,2026-06-01 04:00:00+00:00,24.2975,-0.36243486222473215,24.65993486222473,24.65993486222473,608.1123874091667,1.0,-1,1,
2026-06-05 21:00:00+00:00,week_023,2026-06-01 04:00:00+00:00,37.0175,-0.36243486222473215,37.37993486222473,37.37993486222473,1397.2595303041637,1.0,-1,1,
2026-06-05 22:00:00+00:00,week_023,2026-06-01 04:00:00+00:00,25.3675,-0.36243486222473215,25.72993486222473,25.72993486222473,662.0295480143276,1.0,-1,1,
2026-06-05 23:00:00+00:00,week_023,2026-06-01 04:00:00+00:00,15.4375,-0.36243486222473215,15.799934862224733,15.799934862224733,249.6379416505445,1.0,-1,1,
2026-06-06 00:00:00+00:00,week_023,2026-06-01 04:00:00+00:00,24.875,-0.36243486222473215,25.23743486222473,25.23743486222473,636.9281184250362,1.0,-1,1,
2026-06-06 01:00:00+00:00,week_023,2026-06-01 04:00:00+00:00,17.542499999999997,-0.36243486222473215,17.904934862224728,17.904934862224728,320.5866924205104,1.0,-1,1,
2026-06-06 02:00:00+00:00,week_023,2026-06-01 04:00:00+00:00,5.559999999999995,-0.36243486222473215,5.922434862224727,5.922434862224727,35.075234697294825,1.0,-1,1,
2026-06-06 03:00:00+00:00,week_023,2026-06-01 04:00:00+00:00,13.495000000000005,-0.36243486222473215,13.857434862224737,13.857434862224737,192.02850096080152,1.0,-1,1,
2026-06-06 04:00:00+00:00,week_023,2026-06-01 04:00:00+00:00,30.3475,0.14196978880109937,30.2055302111989,30.2055302111989,912.3740553396495,1.0,1,1,
2026-06-06 05:00:00+00:00,week_023,2026-06-01 04:00:00+00:00,48.0675,0.8011927778464292,47.26630722215357,47.26630722215357,2234.103798419007,1.0,1,1,
2026-06-06 06:00:00+00:00,week_023,2026-06-01 04:00:00+00:00,40.3875,0.14196978880109937,40.245530211198904,40.245530211198904,1619.7027019805237,1.0,1,1,
2026-06-06 07:00:00+00:00,week_023,2026-06-01 04:00:00+00:00,43.1625,0.962310994655087,42.20018900534492,42.20018900534492,1780.8559520868341,1.0,1,1,
2026-06-06 08:00:00+00:00,week_023,2026-06-01 04:00:00+00:00,19.6025,0.5324574083906493,19.07004259160935,19.07004259160935,363.66652444579466,1.0,1,1,
2026-06-06 09:00:00+00:00,week_023,2026-06-01 04:00:00+00:00,29.725,0.303088005609757,29.421911994390243,29.421911994390243,865.6489054056444,1.0,1,1,
2026-06-06 10:00:00+00:00,week_023,2026-06-01 04:00:00+00:00,26.630000000000003,0.6402425362364862,25.989757463763517,25.989757463763517,675.4674930252514,1.0,1,1,
2026-06-06 11:00:00+00:00,week_023,2026-06-01 04:00:00+00:00,45.35,0.6402425362364862,44.709757463763516,44.709757463763516,1998.9624124685574,1.0,1,1,
2026-06-06 12:00:00+00:00,week_023,2026-06-01 04:00:00+00:00,27.92,0.6402425362364862,27.279757463763517,27.279757463763517,744.1851672817613,1.0,1,1,
2026-06-06 13:00:00+00:00,week_023,2026-06-01 04:00:00+00:00,24.8825,0.6402425362364862,24.242257463763515,24.242257463763515,587.6870469393979,1.0,1,1,
2026-06-06 14:00:00+00:00,week_023,2026-06-01 04:00:00+00:00,17.472499999999997,2.1414586065964047,15.331041393403591,15.331041393403591,235.04083020625433,1.0,1,1,
2026-06-06 15:00:00+00:00,week_023,2026-06-01 04:00:00+00:00,9.87,1.8359852534243977,8.034014746575602,8.034014746575602,64.54539294819423,1.0,1,1,
2026-06-06 16:00:00+00:00,week_023,2026-06-01 04:00:00+00:00,4.6675,1.8359852534243977,2.8315147465756025,2.8315147465756025,8.017475760075099,1.0,1,1,
2026-06-06 17:00:00+00:00,week_023,2026-06-01 04:00:00+00:00,2.7250000000000014,-0.36243486222473215,3.0874348622247334,3.0874348622247334,9.532254028480658,1.0,-1,1,
2026-06-06 18:00:00+00:00,week_023,2026-06-01 04:00:00+00:00,3.5825,-0.36243486222473215,3.944934862224732,3.944934862224732,15.562511067196064,1.0,-1,1,
2026-06-06 19:00:00+00:00,week_023,2026-06-01 04:00:00+00:00,2.504999999999999,-0.36243486222473215,2.867434862224731,2.867434862224731,8.222182689101762,1.0,-1,1,
2026-06-06 20:00:00+00:00,week_023,2026-06-01 04:00:00+00:00,-3.9225,-0.36243486222473215,-3.560065137775268,3.560065137775268,12.674063785202836,-1.0,-1,1,
2026-06-06 21:00:00+00:00,week_023,2026-06-01 04:00:00+00:00,8.32,2.2441120288968492,6.0758879711031515,6.0758879711031515,36.916414637395974,1.0,1,1,
2026-06-06 22:00:00+00:00,week_023,2026-06-01 04:00:00+00:00,11.990000000000002,-0.36243486222473215,12.352434862224735,12.352434862224735,152.582647025505,1.0,-1,1,
2026-06-06 23:00:00+00:00,week_023,2026-06-01 04:00:00+00:00,21.745,-0.36243486222473215,22.107434862224732,22.107434862224732,488.73867618750944,1.0,-1,1,
2026-06-07 00:00:00+00:00,week_023,2026-06-01 04:00:00+00:00,46.46,-0.36243486222473215,46.82243486222473,46.82243486222473,2192.340406427278,1.0,-1,1,
2026-06-07 01:00:00+00:00,week_023,2026-06-01 04:00:00+00:00,58.45499999999999,-0.36243486222473215,58.81743486222472,58.81743486222472,3459.4906437720483,1.0,-1,1,
2026-06-07 02:00:00+00:00,week_023,2026-06-01 04:00:00+00:00,130.0175,0.03766220055874435,129.97983779944127,129.97983779944127,16894.758234369063,1.0,1,1,
2026-06-07 03:00:00+00:00,week_023,2026-06-01 04:00:00+00:00,88.91999999999999,0.03766220055874435,88.88233779944125,88.88233779944125,7900.069972693982,1.0,1,1,
2026-06-07 04:00:00+00:00,week_023,2026-06-01 04:00:00+00:00,7.777499999999996,-0.36243486222473215,8.13993486222473,8.13993486222473,66.25853956126151,1.0,-1,1,
2026-06-07 05:00:00+00:00,week_023,2026-06-01 04:00:00+00:00,4.82,-0.36243486222473215,5.182434862224732,5.182434862224732,26.85763110120228,1.0,-1,1,
2026-06-07 06:00:00+00:00,week_023,2026-06-01 04:00:00+00:00,2.405000000000001,-0.36243486222473215,2.767434862224733,2.767434862224733,7.658695716656828,1.0,-1,1,
2026-06-07 07:00:00+00:00,week_023,2026-06-01 04:00:00+00:00,-1.3000000000000007,-0.36243486222473215,-0.9375651377752685,0.9375651377752685,0.8790283875715582,-1.0,-1,1,
2026-06-07 08:00:00+00:00,week_023,2026-06-01 04:00:00+00:00,-4.059999999999999,2.737187478268212,-6.797187478268211,6.797187478268211,46.20175761472616,-1.0,1,1,
2026-06-07 09:00:00+00:00,week_023,2026-06-01 04:00:00+00:00,-2.265000000000001,-0.36243486222473215,-1.9025651377752688,1.9025651377752688,3.6197541034778276,-1.0,-1,1,
2026-06-07 10:00:00+00:00,week_023,2026-06-01 04:00:00+00:00,-0.9375,-0.36243486222473215,-0.5750651377752678,0.5750651377752678,0.33069991268448773,-1.0,-1,1,
2026-06-07 11:00:00+00:00,week_023,2026-06-01 04:00:00+00:00,-1.2749999999999986,-0.36243486222473215,-0.9125651377752664,0.9125651377752664,0.8327751306827909,-1.0,-1,1,
2026-06-07 12:00:00+00:00,week_023,2026-06-01 04:00:00+00:00,-3.5924999999999976,-0.36243486222473215,-3.2300651377752656,3.2300651377752656,10.433320794271145,-1.0,-1,1,
2026-06-07 13:00:00+00:00,week_023,2026-06-01 04:00:00+00:00,-2.9175000000000004,2.0779644892228823,-4.995464489222883,4.995464489222883,24.954665463086837,-1.0,1,1,
2026-06-07 14:00:00+00:00,week_023,2026-06-01 04:00:00+00:00,-3.4200000000000017,2.125585570508936,-5.545585570508938,5.545585570508938,30.753519319836943,-1.0,1,1,
2026-06-07 15:00:00+00:00,week_023,2026-06-01 04:00:00+00:00,-0.8924999999999983,-0.36243486222473215,-0.5300651377752661,0.5300651377752661,0.2809690502847118,-1.0,-1,1,
2026-06-07 16:00:00+00:00,week_023,2026-06-01 04:00:00+00:00,-3.0500000000000007,-0.36243486222473215,-2.6875651377752687,2.6875651377752687,7.223006369784999,-1.0,-1,1,
2026-06-07 17:00:00+00:00,week_023,2026-06-01 04:00:00+00:00,-8.85,-0.36243486222473215,-8.487565137775267,8.487565137775267,72.03876196797809,-1.0,-1,1,
2026-06-07 18:00:00+00:00,week_023,2026-06-01 04:00:00+00:00,-7.98,-0.36243486222473215,-7.6175651377752684,7.6175651377752684,58.02729862824914,-1.0,-1,1,
2026-06-07 19:00:00+00:00,week_023,2026-06-01 04:00:00+00:00,-6.975000000000001,-0.36243486222473215,-6.612565137775269,6.612565137775269,43.72601770132087,-1.0,-1,1,
2026-06-07 20:00:00+00:00,week_023,2026-06-01 04:00:00+00:00,-8.002500000000001,-0.36243486222473215,-7.640065137775269,7.640065137775269,58.370595309449044,-1.0,-1,1,
2026-06-07 21:00:00+00:00,week_023,2026-06-01 04:00:00+00:00,-4.255000000000003,-0.36243486222473215,-3.8925651377752706,3.8925651377752706,15.152063351823411,-1.0,-1,1,
2026-06-07 22:00:00+00:00,week_023,2026-06-01 04:00:00+00:00,8.379999999999995,-0.36243486222473215,8.742434862224728,8.742434862224728,76.4301673202423,1.0,-1,1,
2026-06-07 23:00:00+00:00,week_023,2026-06-01 04:00:00+00:00,23.6025,-1.2258592184474306,24.82835921844743,24.82835921844743,616.4474214802635,1.0,-1,1,
2026-06-08 00:00:00+00:00,week_023,2026-06-01 04:00:00+00:00,43.29500000000001,-1.2258592184474306,44.52085921844744,44.52085921844744,1982.1069055488165,1.0,-1,1,
2026-06-08 01:00:00+00:00,week_023,2026-06-01 04:00:00+00:00,31.135,-0.36243486222473215,31.497434862224733,31.497434862224733,992.0884029000899,1.0,-1,1,
2026-06-08 02:00:00+00:00,week_023,2026-06-01 04:00:00+00:00,9.494999999999996,-0.36243486222473215,9.857434862224729,9.857434862224729,97.16902206300345,1.0,-1,1,
2026-06-08 03:00:00+00:00,week_023,2026-06-01 04:00:00+00:00,12.670000000000002,-0.36243486222473215,13.032434862224735,13.032434862224735,169.84435843813063,1.0,-1,1,
2026-06-08 04:00:00+00:00,week_023,2026-06-01 04:00:00+00:00,3.6774999999999984,-0.36243486222473215,4.03993486222473,4.03993486222473,16.32107369101875,1.0,-1,1,
2026-06-08 05:00:00+00:00,week_024,2026-06-08 04:00:00+00:00,5.2075,-0.31576307112246466,5.523263071122464,5.523263071122464,30.506434952825156,1.0,-1,1,
2026-06-08 06:00:00+00:00,week_024,2026-06-08 04:00:00+00:00,3.477499999999999,-0.31576307112246466,3.793263071122464,3.793263071122464,14.388844726741427,1.0,-1,1,
2026-06-08 07:00:00+00:00,week_024,2026-06-08 04:00:00+00:00,2.879999999999999,-0.31576307112246466,3.195763071122464,3.195763071122464,10.212901606750082,1.0,-1,1,
2026-06-08 08:00:00+00:00,week_024,2026-06-08 04:00:00+00:00,2.5249999999999986,-0.31576307112246466,2.8407630711224634,2.8407630711224634,8.06993482625313,1.0,-1,1,
2026-06-08 09:00:00+00:00,week_024,2026-06-08 04:00:00+00:00,2.4200000000000017,-0.31576307112246466,2.7357630711224665,2.7357630711224665,7.4843995813174296,1.0,-1,1,
2026-06-08 10:00:00+00:00,week_024,2026-06-08 04:00:00+00:00,1.86,-0.31576307112246466,2.1757630711224647,2.1757630711224647,4.733944941660259,1.0,-1,1,
2026-06-08 11:00:00+00:00,week_024,2026-06-08 04:00:00+00:00,1.4700000000000024,-0.31576307112246466,1.785763071122467,1.785763071122467,3.188949746184745,1.0,-1,1,
2026-06-08 12:00:00+00:00,week_024,2026-06-08 04:00:00+00:00,2.2225,-0.31576307112246466,2.538263071122465,2.538263071122465,6.442779418224047,1.0,-1,1,
2026-06-08 13:00:00+00:00,week_024,2026-06-08 04:00:00+00:00,13.417500000000004,-0.31576307112246466,13.733263071122469,13.733263071122469,188.60251458065613,1.0,-1,1,
2026-06-08 14:00:00+00:00,week_024,2026-06-08 04:00:00+00:00,11.3725,-0.27781169657953575,11.650311696579536,11.650311696579536,135.72976262745794,1.0,-1,1,
2026-06-08 15:00:00+00:00,week_024,2026-06-08 04:00:00+00:00,12.07,-0.27781169657953575,12.347811696579535,12.347811696579535,152.4684536941864,1.0,-1,1,
2026-06-08 16:00:00+00:00,week_024,2026-06-08 04:00:00+00:00,10.925,-0.31576307112246466,11.240763071122466,11.240763071122466,126.35475442111057,1.0,-1,1,
2026-06-08 17:00:00+00:00,week_024,2026-06-08 04:00:00+00:00,4.260000000000002,-0.27781169657953575,4.537811696579538,4.537811696579538,20.59173499361406,1.0,-1,1,
2026-06-08 18:00:00+00:00,week_024,2026-06-08 04:00:00+00:00,7.952500000000001,-0.2655948315188774,8.218094831518878,8.218094831518878,67.53708265983728,1.0,-1,1,
2026-06-08 19:00:00+00:00,week_024,2026-06-08 04:00:00+00:00,8.560000000000002,-0.2550001241641074,8.81500012416411,8.81500012416411,77.70422718901327,1.0,-1,1,
2026-06-08 20:00:00+00:00,week_024,2026-06-08 04:00:00+00:00,9.062499999999996,-0.2550001241641074,9.317500124164104,9.317500124164104,86.81580856379809,1.0,-1,1,
2026-06-08 21:00:00+00:00,week_024,2026-06-08 04:00:00+00:00,8.465,-0.2550001241641074,8.720000124164107,8.720000124164107,76.03840216542204,1.0,-1,1,
2026-06-08 22:00:00+00:00,week_024,2026-06-08 04:00:00+00:00,4.844999999999999,-4.894015820625091,9.73901582062509,9.73901582062509,94.8484291543858,1.0,-1,1,
2026-06-08 23:00:00+00:00,week_024,2026-06-08 04:00:00+00:00,-1.7899999999999991,-4.894015820625091,3.104015820625092,3.104015820625092,9.634914214690863,-1.0,-1,1,
2026-06-09 00:00:00+00:00,week_024,2026-06-08 04:00:00+00:00,12.574999999999996,-4.904610527979861,17.479610527979858,17.479610527979858,305.5367842098643,1.0,-1,1,
2026-06-09 01:00:00+00:00,week_024,2026-06-08 04:00:00+00:00,-0.6674999999999969,-5.181730498999074,4.514230498999077,4.514230498999077,20.378276998093458,-1.0,-1,1,
2026-06-09 02:00:00+00:00,week_024,2026-06-08 04:00:00+00:00,-1.3075000000000043,-1.1364001943144773,-0.17109980568552707,0.17109980568552707,0.02927514350562512,-1.0,-1,1,
2026-06-09 03:00:00+00:00,week_024,2026-06-08 04:00:00+00:00,0.4425000000000025,-1.1364001943144773,1.5789001943144798,1.5789001943144798,2.492925823606302,1.0,-1,1,
2026-06-09 04:00:00+00:00,week_024,2026-06-08 04:00:00+00:00,-0.879999999999999,-1.1865684339180644,0.30656843391806543,0.30656843391806543,0.09398420467497524,-1.0,-1,1,
2026-06-09 05:00:00+00:00,week_024,2026-06-08 04:00:00+00:00,-1.1249999999999964,-1.1865684339180644,0.06156843391806799,0.06156843391806799,0.003790672055123505,-1.0,-1,1,
2026-06-09 06:00:00+00:00,week_024,2026-06-08 04:00:00+00:00,0.4324999999999974,-1.1865684339180644,1.6190684339180619,1.6190684339180619,2.6213825937098854,1.0,-1,1,
2026-06-09 07:00:00+00:00,week_024,2026-06-08 04:00:00+00:00,1.4074999999999989,-1.1865684339180644,2.5940684339180633,2.5940684339180633,6.729191039850114,1.0,-1,1,
2026-06-09 08:00:00+00:00,week_024,2026-06-08 04:00:00+00:00,3.0874999999999986,-1.1865684339180644,4.274068433918063,4.274068433918063,18.267660977814803,1.0,-1,1,
2026-06-09 09:00:00+00:00,week_024,2026-06-08 04:00:00+00:00,3.5625,-1.1865684339180644,4.749068433918064,4.749068433918064,22.553650990036978,1.0,-1,1,
2026-06-09 10:00:00+00:00,week_024,2026-06-08 04:00:00+00:00,1.650000000000002,-1.1865684339180644,2.8365684339180666,2.8365684339180666,8.046120480300393,1.0,-1,1,
2026-06-09 11:00:00+00:00,week_024,2026-06-08 04:00:00+00:00,-0.0075000000000002,-0.31576307112246466,0.3082630711224645,0.3082630711224645,0.0950261210178536,-1.0,-1,1,
2026-06-09 12:00:00+00:00,week_024,2026-06-08 04:00:00+00:00,0.1799999999999997,-0.27781169657953575,0.45781169657953547,0.45781169657953547,0.20959154952503264,1.0,-1,1,
2026-06-09 13:00:00+00:00,week_024,2026-06-08 04:00:00+00:00,-0.2974999999999994,-0.31576307112246466,0.01826307112246528,0.01826307112246528,0.0003335397668242252,-1.0,-1,1,
2026-06-09 14:00:00+00:00,week_024,2026-06-08 04:00:00+00:00,1.7175000000000011,-0.31576307112246466,2.033263071122466,2.033263071122466,4.134158716390362,1.0,-1,1,
2026-06-09 15:00:00+00:00,week_024,2026-06-08 04:00:00+00:00,-1.2674999999999983,-0.31576307112246466,-0.9517369288775337,0.9517369288775337,0.9058031817892396,-1.0,-1,1,
2026-06-09 16:00:00+00:00,week_024,2026-06-08 04:00:00+00:00,-2.0025000000000013,-0.31576307112246466,-1.6867369288775367,1.6867369288775367,2.845081467239224,-1.0,-1,1,
2026-06-09 17:00:00+00:00,week_024,2026-06-08 04:00:00+00:00,-4.627500000000001,-0.27781169657953575,-4.349688303420465,4.349688303420465,18.919788336912806,-1.0,-1,1,
2026-06-09 18:00:00+00:00,week_024,2026-06-08 04:00:00+00:00,-2.4925,-0.22764345697594854,-2.2648565430240515,2.2648565430240515,5.129575160478857,-1.0,-1,1,
2026-06-09 19:00:00+00:00,week_024,2026-06-08 04:00:00+00:00,-2.0874999999999986,-0.2170487496211785,-1.87045125037882,1.87045125037882,3.498587880043691,-1.0,-1,1,
2026-06-09 20:00:00+00:00,week_024,2026-06-08 04:00:00+00:00,-4.114999999999998,-4.517383868596427,0.40238386859642894,0.40238386859642894,0.16191277770662818,-1.0,-1,1,
2026-06-09 21:00:00+00:00,week_024,2026-06-08 04:00:00+00:00,-8.5,-9.589540459411637,1.0895404594116371,1.0895404594116371,1.1870984126949213,-1.0,-1,1,
2026-06-09 22:00:00+00:00,week_024,2026-06-08 04:00:00+00:00,-7.817499999999999,-15.421870794414557,7.604370794414558,7.604370794414558,57.8264551789451,-1.0,-1,1,
2026-06-09 23:00:00+00:00,week_024,2026-06-08 04:00:00+00:00,-8.560000000000002,-15.421870794414557,6.861870794414555,6.861870794414555,47.08527079923944,-1.0,-1,1,
2026-06-10 00:00:00+00:00,week_024,2026-06-08 04:00:00+00:00,-6.57,-20.330329847712477,13.760329847712477,13.760329847712477,189.34667751784687,-1.0,-1,1,
2026-06-10 01:00:00+00:00,week_024,2026-06-08 04:00:00+00:00,-10.382499999999991,-11.872851518387566,1.490351518387575,1.490351518387575,2.2211476483601507,-1.0,-1,1,
2026-06-10 02:00:00+00:00,week_024,2026-06-08 04:00:00+00:00,-8.485,-5.181730498999074,-3.3032695010009254,3.3032695010009254,10.911589396242903,-1.0,-1,1,
2026-06-10 03:00:00+00:00,week_024,2026-06-08 04:00:00+00:00,-2.414999999999999,-0.2655948315188774,-2.1494051684811217,2.1494051684811217,4.619942578293359,-1.0,-1,1,
2026-06-10 04:00:00+00:00,week_024,2026-06-08 04:00:00+00:00,5.944999999999997,-0.31576307112246466,6.2607630711224616,6.2607630711224616,39.19715423273075,1.0,-1,1,
2026-06-10 05:00:00+00:00,week_024,2026-06-08 04:00:00+00:00,0.490000000000002,-0.31576307112246466,0.8057630711224666,0.8057630711224666,0.6492541267847092,1.0,-1,1,
2026-06-10 06:00:00+00:00,week_024,2026-06-08 04:00:00+00:00,0.9574999999999996,-0.31576307112246466,1.2732630711224642,1.2732630711224642,1.6211988482842092,1.0,-1,1,
2026-06-10 07:00:00+00:00,week_024,2026-06-08 04:00:00+00:00,-0.8775000000000013,-0.31576307112246466,-0.5617369288775367,0.5617369288775367,0.3155483772647667,-1.0,-1,1,
2026-06-10 08:00:00+00:00,week_024,2026-06-08 04:00:00+00:00,-3.0924999999999976,-0.5933642429257888,-2.4991357570742085,2.4991357570742085,6.245679532286878,-1.0,-1,1,
2026-06-10 09:00:00+00:00,week_024,2026-06-08 04:00:00+00:00,-3.097500000000004,-0.31576307112246466,-2.7817369288775393,2.7817369288775393,7.738060341481044,-1.0,-1,1,
2026-06-10 10:00:00+00:00,week_024,2026-06-08 04:00:00+00:00,-3.5174999999999983,-1.1865684339180644,-2.330931566081934,2.330931566081934,5.433241965757177,-1.0,-1,1,
2026-06-10 11:00:00+00:00,week_024,2026-06-08 04:00:00+00:00,-1.0675000000000026,-0.31576307112246466,-0.751736928877538,0.751736928877538,0.5651084102382326,-1.0,-1,1,
2026-06-10 12:00:00+00:00,week_024,2026-06-08 04:00:00+00:00,-1.2099999999999973,-0.31576307112246466,-0.8942369288775327,0.8942369288775327,0.7996596849683215,-1.0,-1,1,
2026-06-10 13:00:00+00:00,week_024,2026-06-08 04:00:00+00:00,2.6900000000000013,-0.31576307112246466,3.005763071122466,3.005763071122466,9.03461163972356,1.0,-1,1,
2026-06-10 14:00:00+00:00,week_024,2026-06-08 04:00:00+00:00,4.372500000000002,-0.31576307112246466,4.688263071122467,4.688263071122467,21.979810624050668,1.0,-1,1,
2026-06-10 15:00:00+00:00,week_024,2026-06-08 04:00:00+00:00,3.357499999999998,-0.31576307112246466,3.673263071122463,3.673263071122463,13.492861589672028,1.0,-1,1,
2026-06-10 16:00:00+00:00,week_024,2026-06-08 04:00:00+00:00,-1.1099999999999994,-0.31576307112246466,-0.7942369288775348,0.7942369288775348,0.6308122991928183,-1.0,-1,1,
2026-06-10 17:00:00+00:00,week_024,2026-06-08 04:00:00+00:00,-4.8125,-0.27781169657953575,-4.534688303420464,4.534688303420464,20.563398009178364,-1.0,-1,1,
2026-06-10 18:00:00+00:00,week_024,2026-06-08 04:00:00+00:00,-4.995000000000001,-0.2550001241641074,-4.739999875835894,4.739999875835894,22.467598822924288,-1.0,-1,1,
2026-06-10 19:00:00+00:00,week_024,2026-06-08 04:00:00+00:00,-5.892499999999998,-0.2550001241641074,-5.637499875835891,5.637499875835891,31.781404850049686,-1.0,-1,1,
2026-06-10 20:00:00+00:00,week_024,2026-06-08 04:00:00+00:00,-7.800000000000001,-0.23036257975574798,-7.569637420244253,7.569637420244253,57.299410673962065,-1.0,-1,1,
2026-06-10 21:00:00+00:00,week_024,2026-06-08 04:00:00+00:00,-9.587500000000002,-6.450831128342069,-3.1366688716579327,3.1366688716579327,9.83869161042785,-1.0,-1,1,
2026-06-10 22:00:00+00:00,week_024,2026-06-08 04:00:00+00:00,-8.892500000000002,-6.450831128342069,-2.4416688716579324,2.4416688716579324,5.961746878823321,-1.0,-1,1,
2026-06-10 23:00:00+00:00,week_024,2026-06-08 04:00:00+00:00,-13.252499999999998,-7.321636491137671,-5.930863508862327,5.930863508862327,35.17514196075475,-1.0,-1,1,
2026-06-11 00:00:00+00:00,week_024,2026-06-08 04:00:00+00:00,-11.262500000000005,-20.650638580603086,9.388138580603082,9.388138580603082,88.13714600860804,-1.0,-1,1,
2026-06-11 01:00:00+00:00,week_024,2026-06-08 04:00:00+00:00,-9.7575,-2.5525365674745792,-7.204963432525421,7.204963432525421,51.9114980640285,-1.0,-1,1,
2026-06-11 02:00:00+00:00,week_024,2026-06-08 04:00:00+00:00,-4.644999999999996,-0.9173230236946186,-3.7276769763053776,3.7276769763053776,13.895575639677203,-1.0,-1,1,
2026-06-11 03:00:00+00:00,week_024,2026-06-08 04:00:00+00:00,-5.612499999999997,-1.1364001943144773,-4.47609980568552,4.47609980568552,20.035469470457947,-1.0,-1,1,
2026-06-11 04:00:00+00:00,week_024,2026-06-08 04:00:00+00:00,-1.2699999999999996,-1.1364001943144773,-0.13359980568552232,0.13359980568552232,0.017848908079209323,-1.0,-1,1,
2026-06-11 05:00:00+00:00,week_024,2026-06-08 04:00:00+00:00,-5.604999999999997,-1.1865684339180644,-4.418431566081932,4.418431566081932,19.522537504149238,-1.0,-1,1,
2026-06-11 06:00:00+00:00,week_024,2026-06-08 04:00:00+00:00,-3.8924999999999983,-1.1865684339180644,-2.705931566081934,2.705931566081934,7.322065640318627,-1.0,-1,1,
2026-06-11 07:00:00+00:00,week_024,2026-06-08 04:00:00+00:00,-3.6975000000000016,-1.1865684339180644,-2.510931566081937,2.510931566081937,6.304777329546689,-1.0,-1,1,
2026-06-11 08:00:00+00:00,week_024,2026-06-08 04:00:00+00:00,-5.197499999999998,-1.1865684339180644,-4.010931566081934,4.010931566081934,16.087572027792472,-1.0,-1,1,
2026-06-11 09:00:00+00:00,week_024,2026-06-08 04:00:00+00:00,-5.534999999999997,-0.31576307112246466,-5.219236928877532,5.219236928877532,27.24043411975897,-1.0,-1,1,
2026-06-11 10:00:00+00:00,week_024,2026-06-08 04:00:00+00:00,-5.16,-0.31576307112246466,-4.844236928877535,4.844236928877535,23.466631423100853,-1.0,-1,1,
2026-06-11 11:00:00+00:00,week_024,2026-06-08 04:00:00+00:00,-0.7974999999999994,-0.31576307112246466,-0.4817369288775348,0.4817369288775348,0.232070468644359,-1.0,-1,1,
2026-06-11 12:00:00+00:00,week_024,2026-06-08 04:00:00+00:00,-2.164999999999999,-0.31576307112246466,-1.8492369288775345,1.8492369288775345,3.4196772191244156,-1.0,-1,1,
2026-06-11 13:00:00+00:00,week_024,2026-06-08 04:00:00+00:00,3.1625000000000014,-0.31576307112246466,3.4782630711224662,3.4782630711224662,12.09831399193429,1.0,-1,1,
2026-06-11 14:00:00+00:00,week_024,2026-06-08 04:00:00+00:00,0.1474999999999973,-0.31576307112246466,0.46326307112246196,0.46326307112246196,0.21461267306581525,1.0,-1,1,
2026-06-11 15:00:00+00:00,week_024,2026-06-08 04:00:00+00:00,1.5949999999999989,-0.27781169657953575,1.8728116965795345,1.8728116965795345,3.5074236508451144,1.0,-1,1,
2026-06-11 16:00:00+00:00,week_024,2026-06-08 04:00:00+00:00,-1.125,-0.27781169657953575,-0.8471883034204643,0.8471883034204643,0.7177280214524446,-1.0,-1,1,
2026-06-11 17:00:00+00:00,week_024,2026-06-08 04:00:00+00:00,-1.3999999999999986,-0.2170487496211785,-1.18295125037882,1.18295125037882,1.3993736607728136,-1.0,-1,1,
2026-06-11 18:00:00+00:00,week_024,2026-06-08 04:00:00+00:00,-3.9575,-0.2170487496211785,-3.7404512503788214,3.7404512503788214,13.990975556460489,-1.0,-1,1,
2026-06-11 19:00:00+00:00,week_024,2026-06-08 04:00:00+00:00,-6.640000000000001,0.060071221398034495,-6.700071221398035,6.700071221398035,44.89095437180616,-1.0,1,1,
2026-06-11 20:00:00+00:00,week_024,2026-06-08 04:00:00+00:00,-10.177499999999998,-9.28648379225951,-0.8910162077404884,0.8910162077404884,0.7939098824562412,-1.0,-1,1,
2026-06-11 21:00:00+00:00,week_024,2026-06-08 04:00:00+00:00,-9.267500000000002,-15.912085885783528,6.644585885783526,6.644585885783526,44.15052159355364,-1.0,-1,1,
2026-06-11 22:00:00+00:00,week_024,2026-06-08 04:00:00+00:00,-5.182499999999997,-21.79308046485168,16.610580464851683,16.610580464851683,275.9113833793124,-1.0,-1,1,
2026-06-11 23:00:00+00:00,week_024,2026-06-08 04:00:00+00:00,-6.710000000000001,-23.278055233132445,16.568055233132444,16.568055233132444,274.5004542081274,-1.0,-1,1,
2026-06-12 00:00:00+00:00,week_024,2026-06-08 04:00:00+00:00,-4.8125,-32.93594149678231,28.123441496782313,28.123441496782313,790.9279616229373,-1.0,-1,1,
2026-06-12 01:00:00+00:00,week_024,2026-06-08 04:00:00+00:00,-2.1000000000000014,-22.19727680004853,20.09727680004853,20.09727680004853,403.9005347777689,-1.0,-1,1,
2026-06-12 02:00:00+00:00,week_024,2026-06-08 04:00:00+00:00,3.767500000000005,-9.753273478076213,13.520773478076219,13.520773478076219,182.81131544544928,1.0,-1,1,
2026-06-12 03:00:00+00:00,week_024,2026-06-08 04:00:00+00:00,-16.5,-0.25931109033206035,-16.240688909667938,16.240688909667938,263.75997626061115,-1.0,-1,1,
2026-06-12 04:00:00+00:00,week_024,2026-06-08 04:00:00+00:00,-8.380000000000003,-1.1301164531276608,-7.249883546872342,7.249883546872342,52.560811443210284,-1.0,-1,1,
2026-06-12 05:00:00+00:00,week_024,2026-06-08 04:00:00+00:00,-5.277500000000003,3.1536451915423305,-8.431145191542335,8.431145191542335,71.08420924086744,-1.0,1,1,
2026-06-12 06:00:00+00:00,week_024,2026-06-08 04:00:00+00:00,-0.3399999999999998,-0.27781169657953575,-0.06218830342046405,0.06218830342046405,0.0038673850823157012,-1.0,-1,1,
2026-06-12 07:00:00+00:00,week_024,2026-06-08 04:00:00+00:00,-0.6774999999999984,2.969008441653557,-3.6465084416535554,3.6465084416535554,13.297023815050641,-1.0,1,1,
2026-06-12 08:00:00+00:00,week_024,2026-06-08 04:00:00+00:00,-0.990000000000002,-1.1486170593751355,0.15861705937513348,0.15861705937513348,0.025159371524814622,-1.0,-1,1,
2026-06-12 09:00:00+00:00,week_024,2026-06-08 04:00:00+00:00,1.2724999999999935,-1.1486170593751355,2.421117059375129,2.421117059375129,5.861807815197272,1.0,-1,1,
2026-06-12 10:00:00+00:00,week_024,2026-06-08 04:00:00+00:00,5.269999999999996,-0.27781169657953575,5.547811696579532,5.547811696579532,30.778214620704667,1.0,-1,1,
2026-06-12 11:00:00+00:00,week_024,2026-06-08 04:00:00+00:00,7.1175,-0.17052976074402412,7.288029760744024,7.288029760744024,53.115377793490595,1.0,-1,1,
2026-06-12 12:00:00+00:00,week_024,2026-06-08 04:00:00+00:00,6.82,0.03872213695220495,6.781277863047795,6.781277863047795,45.98572945586207,1.0,1,1,
2026-06-12 13:00:00+00:00,week_024,2026-06-08 04:00:00+00:00,3.9475000000000016,2.2490221060813975,1.698477893918604,1.698477893918604,2.884827156130177,1.0,1,1,
2026-06-12 14:00:00+00:00,week_024,2026-06-08 04:00:00+00:00,6.789999999999999,2.4208985614199974,4.369101438580001,4.369101438580001,19.089047380601837,1.0,1,1,
2026-06-12 15:00:00+00:00,week_024,2026-06-08 04:00:00+00:00,9.187500000000004,2.5426583339343813,6.644841666065622,6.644841666065622,44.15392076708175,1.0,1,1,
2026-06-12 16:00:00+00:00,week_024,2026-06-08 04:00:00+00:00,12.5125,2.2490221060813975,10.263477893918601,10.263477893918601,105.33897847895581,1.0,1,1,
2026-06-12 17:00:00+00:00,week_024,2026-06-08 04:00:00+00:00,14.82,3.029771388611914,11.790228611388086,11.790228611388086,139.00949070879423,1.0,1,1,
2026-06-12 18:00:00+00:00,week_024,2026-06-08 04:00:00+00:00,8.6175,-0.2170487496211785,8.834548749621177,8.834548749621177,78.04925160943311,1.0,-1,1,
2026-06-12 19:00:00+00:00,week_024,2026-06-08 04:00:00+00:00,-3.4825000000000017,-1.9824604076217853,-1.5000395923782164,1.5000395923782164,2.2501187787022054,-1.0,-1,1,
2026-06-12 20:00:00+00:00,week_024,2026-06-08 04:00:00+00:00,-7.432499999999997,-7.022741627647086,-0.40975837235291124,0.40975837235291124,0.16790192371330706,-1.0,-1,1,
2026-06-12 21:00:00+00:00,week_024,2026-06-08 04:00:00+00:00,-13.3975,-10.357250023843422,-3.040249976156579,3.040249976156579,9.243119917520078,-1.0,-1,1,
2026-06-12 22:00:00+00:00,week_024,2026-06-08 04:00:00+00:00,-7.545000000000002,-10.448741317027581,2.9037413170275794,2.9037413170275794,8.431713636213061,-1.0,-1,1,
2026-06-12 23:00:00+00:00,week_024,2026-06-08 04:00:00+00:00,-16.209999999999997,-10.410789942484652,-5.799210057515346,5.799210057515346,33.63083729118714,-1.0,-1,1,
2026-06-13 00:00:00+00:00,week_024,2026-06-08 04:00:00+00:00,-22.86,-7.820795897894793,-15.039204102105206,15.039204102105206,226.17766002477805,-1.0,-1,1,
2026-06-13 01:00:00+00:00,week_024,2026-06-08 04:00:00+00:00,-19.222500000000004,-1.801334611544856,-17.421165388455147,17.421165388455147,303.4970034919076,-1.0,-1,1,
2026-06-13 02:00:00+00:00,week_024,2026-06-08 04:00:00+00:00,-16.97,-1.1301164531276608,-15.839883546872338,15.839883546872338,250.901910778477,-1.0,-1,1,
2026-06-13 03:00:00+00:00,week_024,2026-06-08 04:00:00+00:00,-15.770000000000003,-1.1680678276705898,-14.601932172329413,14.601932172329413,213.21642316530875,-1.0,-1,1,
2026-06-13 04:00:00+00:00,week_024,2026-06-08 04:00:00+00:00,-4.612499999999997,-1.1865684339180644,-3.4259315660819327,3.4259315660819327,11.737007095476605,-1.0,-1,1,
2026-06-13 05:00:00+00:00,week_024,2026-06-08 04:00:00+00:00,-1.5100000000000016,-1.1486170593751355,-0.3613829406248661,0.3613829406248661,0.13059762977467548,-1.0,-1,1,
2026-06-13 06:00:00+00:00,week_024,2026-06-08 04:00:00+00:00,-1.8924999999999983,-0.27781169657953575,-1.6146883034204627,1.6146883034204627,2.607218317202852,-1.0,-1,1,
2026-06-13 07:00:00+00:00,week_024,2026-06-08 04:00:00+00:00,-0.1650000000000027,-0.27781169657953575,0.11281169657953305,0.11281169657953305,0.01272647888515263,-1.0,-1,1,
2026-06-13 08:00:00+00:00,week_024,2026-06-08 04:00:00+00:00,0.3125,-1.1486170593751355,1.4611170593751355,1.4611170593751355,2.134863061197043,1.0,-1,1,
2026-06-13 09:00:00+00:00,week_024,2026-06-08 04:00:00+00:00,4.085000000000001,-0.31576307112246466,4.400763071122466,4.400763071122466,19.366715608155236,1.0,-1,1,
2026-06-13 10:00:00+00:00,week_024,2026-06-08 04:00:00+00:00,3.7224999999999966,-0.31576307112246466,4.038263071122461,4.038263071122461,16.307568631591415,1.0,-1,1,
2026-06-13 11:00:00+00:00,week_024,2026-06-08 04:00:00+00:00,4.647500000000001,-0.27781169657953575,4.925311696579537,4.925311696579537,24.258695308463196,1.0,-1,1,
2026-06-13 12:00:00+00:00,week_024,2026-06-08 04:00:00+00:00,1.802500000000002,2.969008441653557,-1.166508441653555,1.166508441653555,1.3607419444490052,1.0,1,1,
2026-06-13 13:00:00+00:00,week_024,2026-06-08 04:00:00+00:00,3.229999999999998,2.2572354965883252,0.972764503411673,0.972764503411673,0.9462707790977587,1.0,1,1,
2026-06-13 14:00:00+00:00,week_024,2026-06-08 04:00:00+00:00,-0.5775000000000006,-0.27781169657953575,-0.2996883034204648,0.2996883034204648,0.08981307920703659,-1.0,-1,1,
2026-06-13 15:00:00+00:00,week_024,2026-06-08 04:00:00+00:00,-3.2524999999999995,-0.27781169657953575,-2.974688303420464,2.974688303420464,8.848770502506518,-1.0,-1,1,
2026-06-13 16:00:00+00:00,week_024,2026-06-08 04:00:00+00:00,-5.240000000000002,-0.31576307112246466,-4.924236928877537,4.924236928877537,24.248109331721277,-1.0,-1,1,
2026-06-13 17:00:00+00:00,week_024,2026-06-08 04:00:00+00:00,-1.0275,-0.31576307112246466,-0.7117369288775355,0.7117369288775355,0.506569455928026,-1.0,-1,1,
2026-06-13 18:00:00+00:00,week_024,2026-06-08 04:00:00+00:00,0.6574999999999989,-0.2170487496211785,0.8745487496211773,0.8745487496211773,0.7648355154639648,1.0,-1,1,
2026-06-13 19:00:00+00:00,week_024,2026-06-08 04:00:00+00:00,-3.2300000000000004,-0.2170487496211785,-3.012951250378822,3.012951250378822,9.077875237159306,-1.0,-1,1,
2026-06-13 20:00:00+00:00,week_024,2026-06-08 04:00:00+00:00,-4.092499999999998,0.060071221398034495,-4.152571221398032,4.152571221398032,17.243847748783146,-1.0,1,1,
2026-06-13 21:00:00+00:00,week_024,2026-06-08 04:00:00+00:00,-3.2575000000000003,0.060071221398034495,-3.3175712213980346,3.3175712213980346,11.006278809048448,-1.0,1,1,
2026-06-13 22:00:00+00:00,week_024,2026-06-08 04:00:00+00:00,-1.929999999999996,-2.0204117821647145,0.09041178216471857,0.09041178216471857,0.008174290354200522,-1.0,-1,1,
2026-06-13 23:00:00+00:00,week_024,2026-06-08 04:00:00+00:00,-4.260000000000002,-2.0204117821647145,-2.239588217835287,2.239588217835287,5.015755385466637,-1.0,-1,1,
2026-06-14 00:00:00+00:00,week_024,2026-06-08 04:00:00+00:00,-6.682499999999997,-2.891217144960314,-3.7912828550396833,3.7912828550396833,14.373825686917852,-1.0,-1,1,
2026-06-14 01:00:00+00:00,week_024,2026-06-08 04:00:00+00:00,-3.7575,-0.8213288487523351,-2.936171151247665,2.936171151247665,8.621101029419037,-1.0,-1,1,
2026-06-14 02:00:00+00:00,week_024,2026-06-08 04:00:00+00:00,-6.612500000000004,-0.9173230236946186,-5.695176976305386,5.695176976305386,32.43504079143896,-1.0,-1,1,
2026-06-14 03:00:00+00:00,week_024,2026-06-08 04:00:00+00:00,-7.442500000000003,-0.9173230236946186,-6.525176976305384,6.525176976305384,42.577934572105875,-1.0,-1,1,
2026-06-14 04:00:00+00:00,week_024,2026-06-08 04:00:00+00:00,0.0599999999999987,-1.1865684339180644,1.2465684339180632,1.2465684339180632,1.5539328604409326,1.0,-1,1,
2026-06-14 05:00:00+00:00,week_024,2026-06-08 04:00:00+00:00,-0.3049999999999997,-1.1865684339180644,0.8815684339180647,0.8815684339180647,0.7771629036807493,-1.0,-1,1,
2026-06-14 06:00:00+00:00,week_024,2026-06-08 04:00:00+00:00,-0.3975000000000008,-1.1865684339180644,0.7890684339180636,0.7890684339180636,0.6226289934059055,-1.0,-1,1,
2026-06-14 07:00:00+00:00,week_024,2026-06-08 04:00:00+00:00,0.0575000000000009,-1.1865684339180644,1.2440684339180654,1.2440684339180654,1.5477062682713478,1.0,-1,1,
2026-06-14 08:00:00+00:00,week_024,2026-06-08 04:00:00+00:00,1.1325000000000005,-1.1486170593751355,2.281117059375136,2.281117059375136,5.203495038572267,1.0,-1,1,
2026-06-14 09:00:00+00:00,week_024,2026-06-08 04:00:00+00:00,1.7974999999999994,-1.1486170593751355,2.946117059375135,2.946117059375135,8.679605727541194,1.0,-1,1,
2026-06-14 10:00:00+00:00,week_024,2026-06-08 04:00:00+00:00,1.1999999999999993,-1.1865684339180644,2.3865684339180637,2.3865684339180637,5.695708889774119,1.0,-1,1,
2026-06-14 11:00:00+00:00,week_024,2026-06-08 04:00:00+00:00,-1.8299999999999983,-0.8238698353364672,-1.006130164663531,1.006130164663531,1.012297908245864,-1.0,-1,1,
2026-06-14 12:00:00+00:00,week_024,2026-06-08 04:00:00+00:00,-2.0174999999999983,0.04693552745913281,-2.064435527459131,2.064435527459131,4.261894047035461,-1.0,1,1,
2026-06-14 13:00:00+00:00,week_024,2026-06-08 04:00:00+00:00,1.4824999999999982,-0.27781169657953575,1.7603116965795338,1.7603116965795338,3.0986972691147168,1.0,-1,1,
2026-06-14 14:00:00+00:00,week_024,2026-06-08 04:00:00+00:00,3.4200000000000017,-0.27781169657953575,3.6978116965795373,3.6978116965795373,13.673811343360436,1.0,-1,1,
2026-06-14 15:00:00+00:00,week_024,2026-06-08 04:00:00+00:00,1.285,-0.27781169657953575,1.5628116965795358,1.5628116965795358,2.442380398965807,1.0,-1,1,
2026-06-14 16:00:00+00:00,week_024,2026-06-08 04:00:00+00:00,-4.875,-0.27781169657953575,-4.597188303420464,4.597188303420464,21.134140297105922,-1.0,-1,1,
2026-06-14 17:00:00+00:00,week_024,2026-06-08 04:00:00+00:00,-7.382500000000002,2.2572354965883252,-9.639735496588328,9.639735496588328,92.92450044418501,-1.0,1,1,
2026-06-14 18:00:00+00:00,week_024,2026-06-08 04:00:00+00:00,-5.899999999999999,-0.27781169657953575,-5.6221883034204625,5.6221883034204625,31.60900131911786,-1.0,-1,1,
2026-06-14 19:00:00+00:00,week_024,2026-06-08 04:00:00+00:00,-2.879999999999999,-0.27781169657953575,-2.6021883034204634,2.6021883034204634,6.771383966458269,-1.0,-1,1,
2026-06-14 20:00:00+00:00,week_024,2026-06-08 04:00:00+00:00,-1.3800000000000026,-0.2170487496211785,-1.162951250378824,1.162951250378824,1.3524556107576702,-1.0,-1,1,
2026-06-14 21:00:00+00:00,week_024,2026-06-08 04:00:00+00:00,3.544999999999998,-0.2170487496211785,3.7620487496211767,3.7620487496211767,14.15301079452626,1.0,-1,1,
2026-06-14 22:00:00+00:00,week_024,2026-06-08 04:00:00+00:00,2.155000000000001,-0.22764345697594854,2.38264345697595,2.38264345697595,5.676989843070305,1.0,-1,1,
2026-06-14 23:00:00+00:00,week_024,2026-06-08 04:00:00+00:00,9.127499999999998,-0.0465176608990192,9.174017660899016,9.174017660899016,84.16260004248706,1.0,-1,1,
2026-06-15 00:00:00+00:00,week_024,2026-06-08 04:00:00+00:00,16.03,-0.008566286356090266,16.03856628635609,16.03856628635609,257.2356085218382,1.0,-1,1,
2026-06-15 01:00:00+00:00,week_024,2026-06-08 04:00:00+00:00,24.580000000000005,-0.3474307044785765,24.92743070447858,24.92743070447858,621.3768015265815,1.0,-1,1,
2026-06-15 02:00:00+00:00,week_024,2026-06-08 04:00:00+00:00,11.457500000000003,-0.07880622881788593,11.536306228817889,11.536306228817889,133.08636140506243,1.0,-1,1,
2026-06-15 03:00:00+00:00,week_024,2026-06-08 04:00:00+00:00,5.077500000000001,-0.3094793299356476,5.386979329935648,5.386979329935648,29.019546301153923,1.0,-1,1,
2026-06-15 04:00:00+00:00,week_024,2026-06-08 04:00:00+00:00,9.137500000000005,-0.3094793299356476,9.446979329935653,9.446979329935653,89.24541846023148,1.0,-1,1,
2026-06-15 05:00:00+00:00,week_025,2026-06-15 04:00:00+00:00,7.249999999999993,0.1528843886677654,7.097115611332227,7.097115611332227,50.36905000061561,1.0,1,1,
2026-06-15 06:00:00+00:00,week_025,2026-06-15 04:00:00+00:00,4.424999999999997,0.4461429793805098,3.9788570206194875,3.9788570206194875,15.831303190532985,1.0,1,1,
2026-06-15 07:00:00+00:00,week_025,2026-06-15 04:00:00+00:00,7.637500000000003,0.8155575596640336,6.821942440335969,6.821942440335969,46.53889865925708,1.0,1,1,
2026-06-15 08:00:00+00:00,week_025,2026-06-15 04:00:00+00:00,13.4075,0.8155575596640336,12.591942440335966,12.591942440335966,158.55701442073408,1.0,1,1,
2026-06-15 09:00:00+00:00,week_025,2026-06-15 04:00:00+00:00,9.560000000000002,0.7779854338980302,8.782014566101973,8.782014566101973,77.12377983922723,1.0,1,1,
2026-06-15 10:00:00+00:00,week_025,2026-06-15 04:00:00+00:00,4.347499999999997,0.7779854338980302,3.5695145661019665,3.5695145661019665,12.74143423761411,1.0,1,1,
2026-06-15 11:00:00+00:00,week_025,2026-06-15 04:00:00+00:00,17.377499999999998,0.8155575596640336,16.561942440335965,16.561942440335965,274.29793739700165,1.0,1,1,
2026-06-15 12:00:00+00:00,week_025,2026-06-15 04:00:00+00:00,9.994999999999996,0.8155575596640336,9.179442440335961,9.179442440335961,84.26216351544103,1.0,1,1,
2026-06-15 13:00:00+00:00,week_025,2026-06-15 04:00:00+00:00,18.267499999999995,0.8155575596640336,17.451942440335962,17.451942440335962,304.57029494079956,1.0,1,1,
2026-06-15 14:00:00+00:00,week_025,2026-06-15 04:00:00+00:00,12.862499999999995,0.1528843886677654,12.70961561133223,12.70961561133223,161.53432898781995,1.0,1,1,
2026-06-15 15:00:00+00:00,week_025,2026-06-15 04:00:00+00:00,13.629999999999995,1.9966693503508355,11.63333064964916,11.63333064964916,135.33438200406655,1.0,1,1,
2026-06-15 16:00:00+00:00,week_025,2026-06-15 04:00:00+00:00,14.170000000000002,-0.26650609306902145,14.436506093069022,14.436506093069022,208.412708175219,1.0,-1,1,
2026-06-15 17:00:00+00:00,week_025,2026-06-15 04:00:00+00:00,13.134999999999998,2.6702339811197344,10.464766018880264,10.464766018880264,109.51132782991108,1.0,1,1,
2026-06-15 18:00:00+00:00,week_025,2026-06-15 04:00:00+00:00,9.0625,2.9404585179991187,6.122041482000881,6.122041482000881,37.47939190733955,1.0,1,1,
2026-06-15 19:00:00+00:00,week_025,2026-06-15 04:00:00+00:00,-0.5399999999999991,2.960905501420684,-3.500905501420683,3.500905501420683,12.256339329877605,-1.0,1,1,
2026-06-15 20:00:00+00:00,week_025,2026-06-15 04:00:00+00:00,-3.965,-0.18845369204928916,-3.776546307950711,3.776546307950711,14.262302016096145,-1.0,-1,1,
2026-06-15 21:00:00+00:00,week_025,2026-06-15 04:00:00+00:00,5.210000000000001,2.6702339811197344,2.5397660188802664,2.5397660188802664,6.450411430658918,1.0,1,1,
2026-06-15 22:00:00+00:00,week_025,2026-06-15 04:00:00+00:00,23.92,2.902886392233115,21.017113607766888,21.017113607766888,441.7190644017801,1.0,1,1,
2026-06-15 23:00:00+00:00,week_025,2026-06-15 04:00:00+00:00,24.09,2.3098977862340577,21.780102213765943,21.780102213765943,474.37285244209215,1.0,1,1,
2026-06-16 00:00:00+00:00,week_025,2026-06-15 04:00:00+00:00,21.1875,2.6005693065350073,18.586930693464993,18.586930693464993,345.47399260367104,1.0,1,1,
2026-06-16 01:00:00+00:00,week_025,2026-06-15 04:00:00+00:00,8.6325,2.3960720143433716,6.236427985656629,6.236427985656629,38.8930340202812,1.0,1,1,
2026-06-16 02:00:00+00:00,week_025,2026-06-15 04:00:00+00:00,-5.287500000000001,-3.0224689330117718,-2.2650310669882296,2.2650310669882296,5.130365734421838,-1.0,-1,1,
2026-06-16 03:00:00+00:00,week_025,2026-06-15 04:00:00+00:00,-2.467500000000001,-0.17127241620945352,-2.2962275837905475,2.2962275837905475,5.272661116560576,-1.0,-1,1,
2026-06-16 04:00:00+00:00,week_025,2026-06-15 04:00:00+00:00,4.229999999999997,4.192320765250899,0.03767923474909818,0.03767923474909818,0.0014197247312776476,1.0,1,1,
2026-06-16 05:00:00+00:00,week_025,2026-06-15 04:00:00+00:00,-0.2424999999999997,0.8560378349177625,-1.0985378349177621,1.0985378349177621,1.2067853747458044,-1.0,1,1,
2026-06-16 06:00:00+00:00,week_025,2026-06-15 04:00:00+00:00,-1.615000000000002,4.051210866476371,-5.666210866476373,5.666210866476373,32.105945583374925,-1.0,1,1,
2026-06-16 07:00:00+00:00,week_025,2026-06-15 04:00:00+00:00,-4.202500000000001,0.8083936567240809,-5.010893656724082,5.010893656724082,25.109055238997637,-1.0,1,1,
2026-06-16 08:00:00+00:00,week_025,2026-06-15 04:00:00+00:00,3.3925000000000054,4.013638740710368,-0.6211387407103626,0.6211387407103626,0.38581333521125505,1.0,1,1,
2026-06-16 09:00:00+00:00,week_025,2026-06-15 04:00:00+00:00,7.329999999999998,4.013638740710368,3.3163612592896303,3.3163612592896303,10.998252002117102,1.0,1,1,
2026-06-16 10:00:00+00:00,week_025,2026-06-15 04:00:00+00:00,0.9549999999999984,4.013638740710368,-3.0586387407103697,3.0586387407103697,9.355270946174317,1.0,1,1,
2026-06-16 11:00:00+00:00,week_025,2026-06-15 04:00:00+00:00,0.6925000000000026,4.013638740710368,-3.3211387407103654,3.3211387407103654,11.029962535047233,1.0,1,1,
2026-06-16 12:00:00+00:00,week_025,2026-06-15 04:00:00+00:00,2.9975000000000023,4.013638740710368,-1.0161387407103657,1.0161387407103657,1.0325379403724477,1.0,1,1,
2026-06-16 13:00:00+00:00,week_025,2026-06-15 04:00:00+00:00,2.032499999999999,4.013638740710368,-1.981138740710369,1.981138740710369,3.9249107099434672,1.0,1,1,
2026-06-16 14:00:00+00:00,week_025,2026-06-15 04:00:00+00:00,-0.9849999999999994,2.7197099893402408,-3.70470998934024,3.70470998934024,13.724876105117362,-1.0,1,1,
2026-06-16 15:00:00+00:00,week_025,2026-06-15 04:00:00+00:00,-4.147500000000001,3.0067193395093206,-7.154219339509321,7.154219339509321,51.18285435780919,-1.0,1,1,
2026-06-16 16:00:00+00:00,week_025,2026-06-15 04:00:00+00:00,-4.337500000000002,2.2485335891979625,-6.586033589197965,6.586033589197965,43.37583843804382,-1.0,1,1,
2026-06-16 17:00:00+00:00,week_025,2026-06-15 04:00:00+00:00,-3.5375000000000014,3.0067193395093206,-6.544219339509322,6.544219339509322,42.82680676360783,-1.0,1,1,
2026-06-16 18:00:00+00:00,week_025,2026-06-15 04:00:00+00:00,-3.705000000000002,2.2873408706517853,-5.9923408706517876,5.9923408706517876,35.908149110083826,-1.0,1,1,
2026-06-16 19:00:00+00:00,week_025,2026-06-15 04:00:00+00:00,-6.984999999999999,3.0067193395093206,-9.99171933950932,9.99171933950932,99.83445535952457,-1.0,1,1,
2026-06-16 20:00:00+00:00,week_025,2026-06-15 04:00:00+00:00,-8.200000000000003,2.2873408706517853,-10.487340870651789,10.487340870651789,109.98431853724341,-1.0,1,1,
2026-06-16 21:00:00+00:00,week_025,2026-06-15 04:00:00+00:00,-13.637500000000005,1.9966693503508355,-15.63416935035084,15.63416935035084,244.4272512754496,-1.0,1,1,
2026-06-16 22:00:00+00:00,week_025,2026-06-15 04:00:00+00:00,-17.780000000000005,-0.18845369204928916,-17.591546307950715,17.591546307950715,309.4625015047744,-1.0,-1,1,
2026-06-16 23:00:00+00:00,week_025,2026-06-15 04:00:00+00:00,-19.9925,-0.18845369204928916,-19.80404630795071,19.80404630795071,392.20025016745615,-1.0,-1,1,
2026-06-17 00:00:00+00:00,week_025,2026-06-15 04:00:00+00:00,-18.185,-0.2667664408880884,-17.91823355911191,17.91823355911191,321.06309387888433,-1.0,-1,1,
2026-06-17 01:00:00+00:00,week_025,2026-06-15 04:00:00+00:00,-17.512500000000003,-0.5487898869349648,-16.963710113065037,16.963710113065037,287.767460800105,-1.0,-1,1,
2026-06-17 02:00:00+00:00,week_025,2026-06-15 04:00:00+00:00,-12.300000000000004,-0.5760777373084935,-11.723922262691511,11.723922262691511,137.45035322163363,-1.0,-1,1,
2026-06-17 03:00:00+00:00,week_025,2026-06-15 04:00:00+00:00,-7.887500000000003,-1.2890518099756765,-6.598448190024326,6.598448190024326,43.53951851643531,-1.0,-1,1,
2026-06-17 04:00:00+00:00,week_025,2026-06-15 04:00:00+00:00,-1.6649999999999991,-1.1759532196767724,-0.4890467803232268,0.4890467803232268,0.23916675334451445,-1.0,-1,1,
2026-06-17 05:00:00+00:00,week_025,2026-06-15 04:00:00+00:00,-2.3775000000000013,-1.1759532196767724,-1.201546780323229,1.201546780323229,1.4437146653051178,-1.0,-1,1,
2026-06-17 06:00:00+00:00,week_025,2026-06-15 04:00:00+00:00,-2.5474999999999994,-1.1759532196767724,-1.371546780323227,1.371546780323227,1.8811405706150106,-1.0,-1,1,
2026-06-17 07:00:00+00:00,week_025,2026-06-15 04:00:00+00:00,-1.5000000000000036,-1.1759532196767724,-0.3240467803232312,0.3240467803232312,0.10500631583785246,-1.0,-1,1,
2026-06-17 08:00:00+00:00,week_025,2026-06-15 04:00:00+00:00,-0.7650000000000006,-1.1759532196767724,0.4109532196767718,0.4109532196767718,0.16888254876270506,-1.0,-1,1,
2026-06-17 09:00:00+00:00,week_025,2026-06-15 04:00:00+00:00,-1.807500000000001,-1.1759532196767724,-0.6315467803232286,0.6315467803232286,0.3988513357366364,-1.0,-1,1,
2026-06-17 10:00:00+00:00,week_025,2026-06-15 04:00:00+00:00,-1.740000000000002,-1.1759532196767724,-0.5640467803232296,0.5640467803232296,0.31814877039300166,-1.0,-1,1,
2026-06-17 11:00:00+00:00,week_025,2026-06-15 04:00:00+00:00,-1.8325,-1.1759532196767724,-0.6565467803232277,0.6565467803232277,0.43105367475279655,-1.0,-1,1,
2026-06-17 12:00:00+00:00,week_025,2026-06-15 04:00:00+00:00,-2.305,-0.26650609306902145,-2.0384939069309786,2.0384939069309786,4.155457408594725,-1.0,-1,1,
2026-06-17 13:00:00+00:00,week_025,2026-06-15 04:00:00+00:00,0.8524999999999991,-0.26650609306902145,1.1190060930690207,1.1190060930690207,1.2521746363255937,1.0,-1,1,
2026-06-17 14:00:00+00:00,week_025,2026-06-15 04:00:00+00:00,-3.490000000000002,-0.26650609306902145,-3.2234939069309805,3.2234939069309805,10.390912968021157,-1.0,-1,1,
2026-06-17 15:00:00+00:00,week_025,2026-06-15 04:00:00+00:00,-6.212499999999999,-0.26650609306902145,-5.945993906930977,5.945993906930977,35.3548435412603,-1.0,-1,1,
2026-06-17 16:00:00+00:00,week_025,2026-06-15 04:00:00+00:00,-6.922500000000001,-0.26650609306902145,-6.65599390693098,6.65599390693098,44.30225488910233,-1.0,-1,1,
2026-06-17 17:00:00+00:00,week_025,2026-06-15 04:00:00+00:00,-11.645,-0.26650609306902145,-11.378493906930979,11.378493906930979,129.4701235900654,-1.0,-1,1,
2026-06-17 18:00:00+00:00,week_025,2026-06-15 04:00:00+00:00,-10.685000000000002,-0.26650609306902145,-10.418493906930982,10.418493906930982,108.545015288758,-1.0,-1,1,
2026-06-17 19:00:00+00:00,week_025,2026-06-15 04:00:00+00:00,-8.125,-0.26650609306902145,-7.8584939069309785,7.8584939069309785,61.75592648527132,-1.0,-1,1,
2026-06-17 20:00:00+00:00,week_025,2026-06-15 04:00:00+00:00,-9.4525,-2.1167195706604933,-7.335780429339508,7.335780429339508,53.813674507480535,-1.0,-1,1,
2026-06-17 21:00:00+00:00,week_025,2026-06-15 04:00:00+00:00,-11.260000000000002,-5.211068341250251,-6.04893165874975,6.04893165874975,36.58957421222501,-1.0,-1,1,
2026-06-17 22:00:00+00:00,week_025,2026-06-15 04:00:00+00:00,-9.87,-8.156602852949366,-1.7133971470506335,1.7133971470506335,2.9357297835212504,-1.0,-1,1,
2026-06-17 23:00:00+00:00,week_025,2026-06-15 04:00:00+00:00,-9.167499999999997,-9.939225532664107,0.7717255326641101,0.7717255326641101,0.5955602977657045,-1.0,-1,1,
2026-06-18 00:00:00+00:00,week_025,2026-06-15 04:00:00+00:00,-12.1875,-14.206222823971437,2.018722823971437,2.018722823971437,4.075241840023215,-1.0,-1,1,
2026-06-18 01:00:00+00:00,week_025,2026-06-15 04:00:00+00:00,-10.612500000000004,-8.156602852949366,-2.4558971470506386,2.4558971470506386,6.031430796891466,-1.0,-1,1,
2026-06-18 02:00:00+00:00,week_025,2026-06-15 04:00:00+00:00,-4.160000000000004,-2.0354986723339685,-2.124501327666035,2.124501327666035,4.513505891254746,-1.0,-1,1,
2026-06-18 03:00:00+00:00,week_025,2026-06-15 04:00:00+00:00,-4.965,-0.26650609306902145,-4.698493906930978,4.698493906930978,22.07584499346753,-1.0,-1,1,
2026-06-18 04:00:00+00:00,week_025,2026-06-15 04:00:00+00:00,-2.6474999999999973,-1.1759532196767724,-1.471546780323225,1.471546780323225,2.1654499266796496,-1.0,-1,1,
2026-06-18 05:00:00+00:00,week_025,2026-06-15 04:00:00+00:00,-1.150000000000002,-0.26650609306902145,-0.8834939069309804,0.8834939069309804,0.7805614835841679,-1.0,-1,1,
2026-06-18 06:00:00+00:00,week_025,2026-06-15 04:00:00+00:00,-0.0700000000000002,-1.14117932972938,1.0711793297293797,1.0711793297293797,1.147425156439483,-1.0,-1,1,
2026-06-18 07:00:00+00:00,week_025,2026-06-15 04:00:00+00:00,-0.2999999999999971,-1.14117932972938,0.8411793297293828,0.8411793297293828,0.7075826647639737,-1.0,-1,1,
2026-06-18 08:00:00+00:00,week_025,2026-06-15 04:00:00+00:00,1.3900000000000006,-1.1759532196767724,2.565953219676773,2.565953219676773,6.5841159255695985,1.0,-1,1,
2026-06-18 09:00:00+00:00,week_025,2026-06-15 04:00:00+00:00,1.4974999999999987,-1.14117932972938,2.6386793297293787,2.6386793297293787,6.9626286051410835,1.0,-1,1,
2026-06-18 10:00:00+00:00,week_025,2026-06-15 04:00:00+00:00,0.370000000000001,-1.14117932972938,1.511179329729381,1.511179329729381,2.2836629666013413,1.0,-1,1,
2026-06-18 11:00:00+00:00,week_025,2026-06-15 04:00:00+00:00,-4.0,-1.14117932972938,-2.85882067027062,2.85882067027062,8.172855624766557,-1.0,-1,1,
2026-06-18 12:00:00+00:00,week_025,2026-06-15 04:00:00+00:00,-7.465,-0.26650609306902145,-7.198493906930978,7.198493906930978,51.81831452812242,-1.0,-1,1,
2026-06-18 13:00:00+00:00,week_025,2026-06-15 04:00:00+00:00,-5.6875,-0.3072467161418172,-5.380253283858183,5.380253283858183,28.94712539846676,-1.0,-1,1,
2026-06-18 14:00:00+00:00,week_025,2026-06-15 04:00:00+00:00,-12.517500000000002,-1.1036072039633764,-11.413892796036626,11.413892796036626,130.27694875941677,-1.0,-1,1,
2026-06-18 15:00:00+00:00,week_025,2026-06-15 04:00:00+00:00,-16.54,-0.5455072549582415,-15.994492745041757,15.994492745041757,255.8237981711934,-1.0,-1,1,
2026-06-18 16:00:00+00:00,week_025,2026-06-15 04:00:00+00:00,-6.9575,-0.228933967303018,-6.728566032696982,6.728566032696982,45.2736008563636,-1.0,-1,1,
2026-06-18 17:00:00+00:00,week_025,2026-06-15 04:00:00+00:00,-3.7575,2.229321761464216,-5.986821761464215,5.986821761464215,35.84203480354149,-1.0,1,1,
2026-06-18 18:00:00+00:00,week_025,2026-06-15 04:00:00+00:00,-4.512499999999999,-2.0573408855702207,-2.4551591144297786,2.4551591144297786,6.027806277167615,-1.0,-1,1,
2026-06-18 19:00:00+00:00,week_025,2026-06-15 04:00:00+00:00,-4.399999999999999,-12.815770936492092,8.415770936492093,8.415770936492093,70.825200455505,-1.0,-1,1,
2026-06-18 20:00:00+00:00,week_025,2026-06-15 04:00:00+00:00,-4.824999999999999,-8.841803205057271,4.016803205057272,4.016803205057272,16.13470798815837,-1.0,-1,1,
2026-06-18 21:00:00+00:00,week_025,2026-06-15 04:00:00+00:00,-3.977499999999999,30.82760299012224,-34.805102990122236,34.805102990122236,1211.3951941530158,-1.0,1,1,
2026-06-18 22:00:00+00:00,week_025,2026-06-15 04:00:00+00:00,-7.427500000000002,29.84472117225614,-37.27222117225614,37.27222117225614,1389.2184711135787,-1.0,1,1,
2026-06-18 23:00:00+00:00,week_025,2026-06-15 04:00:00+00:00,-10.175,24.44362247457553,-34.61862247457553,34.61862247457553,1198.449022037186,-1.0,1,1,
2026-06-19 00:00:00+00:00,week_025,2026-06-15 04:00:00+00:00,-4.247500000000002,8.644107615266252,-12.891607615266254,12.891607615266254,166.19354690599087,-1.0,1,1,
2026-06-19 01:00:00+00:00,week_025,2026-06-15 04:00:00+00:00,-12.095,42.07027809260845,-54.165278092608446,54.165278092608446,2933.8773508496083,-1.0,1,1,
2026-06-19 02:00:00+00:00,week_025,2026-06-15 04:00:00+00:00,-10.730000000000004,-9.143510898359281,-1.5864891016407228,1.5864891016407228,2.5169476696247877,-1.0,-1,1,
2026-06-19 03:00:00+00:00,week_025,2026-06-15 04:00:00+00:00,6.714999999999996,-9.125736617891143,15.840736617891139,15.840736617891139,250.92893659739718,1.0,-1,1,
2026-06-19 04:00:00+00:00,week_025,2026-06-15 04:00:00+00:00,37.57249999999999,-1.0631269287096476,38.63562692870964,38.63562692870964,1492.7116681744335,1.0,-1,1,
2026-06-19 05:00:00+00:00,week_025,2026-06-15 04:00:00+00:00,27.8575,-1.1036072039633764,28.96110720396338,28.96110720396338,838.7457304794596,1.0,-1,1,
2026-06-19 06:00:00+00:00,week_025,2026-06-15 04:00:00+00:00,10.924999999999995,-0.3072467161418172,11.232246716141812,11.232246716141812,126.16336629227852,1.0,-1,1,
2026-06-19 07:00:00+00:00,week_025,2026-06-15 04:00:00+00:00,13.144999999999996,-0.228933967303018,13.373933967303014,13.373933967303014,178.86210976178134,1.0,-1,1,
2026-06-19 08:00:00+00:00,week_025,2026-06-15 04:00:00+00:00,8.682500000000005,-0.228933967303018,8.911433967303022,8.911433967303022,79.41365535360208,1.0,-1,1,
2026-06-19 09:00:00+00:00,week_025,2026-06-15 04:00:00+00:00,-5.357499999999995,-0.228933967303018,-5.128566032696977,5.128566032696977,26.30218955173321,-1.0,-1,1,
2026-06-19 10:00:00+00:00,week_025,2026-06-15 04:00:00+00:00,-6.214999999999996,-0.228933967303018,-5.986066032696979,5.986066032696979,35.832986547808545,-1.0,-1,1,
2026-06-19 11:00:00+00:00,week_025,2026-06-15 04:00:00+00:00,-7.317500000000003,0.1528843886677654,-7.470384388667768,7.470384388667768,55.8066429144511,-1.0,1,1,
2026-06-19 12:00:00+00:00,week_025,2026-06-15 04:00:00+00:00,-9.84,0.1528843886677654,-9.992884388667765,9.992884388667765,99.85773840527993,-1.0,1,1,
2026-06-19 13:00:00+00:00,week_025,2026-06-15 04:00:00+00:00,-5.6175,0.4904445015545176,-6.107944501554517,6.107944501554517,37.30698603407006,-1.0,1,1,
2026-06-19 14:00:00+00:00,week_025,2026-06-15 04:00:00+00:00,-5.245000000000001,-0.228933967303018,-5.016066032696983,5.016066032696983,25.160918444376453,-1.0,-1,1,
2026-06-19 15:00:00+00:00,week_025,2026-06-15 04:00:00+00:00,-2.447499999999998,-0.228933967303018,-2.21856603269698,2.21856603269698,4.9220352414368165,-1.0,-1,1,
2026-06-19 16:00:00+00:00,week_025,2026-06-15 04:00:00+00:00,-7.114999999999998,-0.228933967303018,-6.886066032696981,6.886066032696981,47.41790540666314,-1.0,-1,1,
2026-06-19 17:00:00+00:00,week_025,2026-06-15 04:00:00+00:00,-14.872500000000002,-0.18845369204928916,-14.684046307950712,14.684046307950712,215.62121597404095,-1.0,-1,1,
2026-06-19 18:00:00+00:00,week_025,2026-06-15 04:00:00+00:00,-14.415,-1.971076371764029,-12.44392362823597,12.44392362823597,154.85123526536947,-1.0,-1,1,
2026-06-19 19:00:00+00:00,week_025,2026-06-15 04:00:00+00:00,-18.14,-9.401389067785516,-8.738610932214485,8.738610932214485,76.3633210246185,-1.0,-1,1,
2026-06-19 20:00:00+00:00,week_025,2026-06-15 04:00:00+00:00,-14.982500000000002,-17.091035895068984,2.1085358950689823,2.1085358950689823,4.445923620794354,-1.0,-1,1,
2026-06-19 21:00:00+00:00,week_025,2026-06-15 04:00:00+00:00,-16.230000000000004,-19.68703687360338,3.457036873603375,3.457036873603375,11.951103945453397,-1.0,-1,1,
2026-06-19 22:00:00+00:00,week_025,2026-06-15 04:00:00+00:00,-15.314999999999998,-15.362024184476063,0.047024184476065045,0.047024184476065045,0.0022112739256389966,-1.0,-1,1,
2026-06-19 23:00:00+00:00,week_025,2026-06-15 04:00:00+00:00,-8.357500000000002,-20.43282514326967,12.07532514326967,12.07532514326967,145.81347731568067,-1.0,-1,1,
2026-06-20 00:00:00+00:00,week_025,2026-06-15 04:00:00+00:00,-5.252499999999998,-20.2820221297295,15.029522129729504,15.029522129729504,225.88653544802887,-1.0,-1,1,
2026-06-20 01:00:00+00:00,week_025,2026-06-15 04:00:00+00:00,-17.432500000000005,-2.3582627414536406,-15.074237258546365,15.074237258546365,227.23262892694743,-1.0,-1,1,
2026-06-20 02:00:00+00:00,week_025,2026-06-15 04:00:00+00:00,-29.4525,-0.7400673790945282,-28.71243262090547,28.71243262090547,824.4037870100366,-1.0,-1,1,
2026-06-20 03:00:00+00:00,week_025,2026-06-15 04:00:00+00:00,-39.2,-0.7776395048605317,-38.42236049513947,38.42236049513947,1476.2777860184544,-1.0,-1,1,
2026-06-20 04:00:00+00:00,week_025,2026-06-15 04:00:00+00:00,-23.4425,-0.14566366901684383,-23.296836330983155,23.296836330983155,542.7425830326166,-1.0,-1,1,
2026-06-20 05:00:00+00:00,week_025,2026-06-15 04:00:00+00:00,-9.015,0.14862863521553804,-9.163628635215538,9.163628635215538,83.97208976414218,-1.0,1,1,
2026-06-20 06:00:00+00:00,week_025,2026-06-15 04:00:00+00:00,-8.532499999999995,0.35884128418311145,-8.891341284183106,8.891341284183106,79.0559498318189,-1.0,1,1,
2026-06-20 07:00:00+00:00,week_025,2026-06-15 04:00:00+00:00,-9.682499999999996,0.35884128418311145,-10.041341284183106,10.041341284183106,100.82853478544004,-1.0,1,1,
2026-06-20 08:00:00+00:00,week_025,2026-06-15 04:00:00+00:00,-10.902500000000003,0.35884128418311145,-11.261341284183114,11.261341284183114,126.81780751884699,-1.0,1,1,
2026-06-20 09:00:00+00:00,week_025,2026-06-15 04:00:00+00:00,-10.1175,0.35884128418311145,-10.47634128418311,10.47634128418311,109.75372670267943,-1.0,1,1,
2026-06-20 10:00:00+00:00,week_025,2026-06-15 04:00:00+00:00,-12.06,0.31810066111031565,-12.378100661110317,12.378100661110317,153.21737597657966,-1.0,1,1,
2026-06-20 11:00:00+00:00,week_025,2026-06-15 04:00:00+00:00,-6.859999999999999,0.5551212973824622,-7.415121297382462,7.415121297382462,54.984023854894964,-1.0,1,1,
2026-06-20 12:00:00+00:00,week_025,2026-06-15 04:00:00+00:00,-1.8275000000000008,3.1041154157228195,-4.9316154157228205,4.9316154157228205,24.320830608594967,-1.0,1,1,
2026-06-20 13:00:00+00:00,week_025,2026-06-15 04:00:00+00:00,2.0425000000000004,0.1528843886677654,1.889615611332235,1.889615611332235,3.5706471585904964,1.0,1,1,
2026-06-20 14:00:00+00:00,week_025,2026-06-15 04:00:00+00:00,0.495000000000001,2.2873408706517853,-1.7923408706517843,1.7923408706517843,3.212485796608796,1.0,1,1,
2026-06-20 15:00:00+00:00,week_025,2026-06-15 04:00:00+00:00,2.27,1.9966693503508355,0.27333064964916454,0.27333064964916454,0.07470964403763433,1.0,1,1,
2026-06-20 16:00:00+00:00,week_025,2026-06-15 04:00:00+00:00,3.259999999999998,2.2873408706517853,0.9726591293482127,0.9726591293482127,0.9460657819044233,1.0,1,1,
2026-06-20 17:00:00+00:00,week_025,2026-06-15 04:00:00+00:00,0.427500000000002,2.229321761464216,-1.8018217614642138,1.8018217614642138,3.246561660086002,1.0,1,1,
2026-06-20 18:00:00+00:00,week_025,2026-06-15 04:00:00+00:00,-0.389999999999997,1.9966693503508355,-2.3866693503508323,2.3866693503508323,5.696190587904064,-1.0,1,1,
2026-06-20 19:00:00+00:00,week_025,2026-06-15 04:00:00+00:00,1.3999999999999986,-0.228933967303018,1.6289339673030165,1.6289339673030165,2.653425869833545,1.0,-1,1,
2026-06-20 20:00:00+00:00,week_025,2026-06-15 04:00:00+00:00,2.702500000000001,-0.228933967303018,2.931433967303019,2.931433967303019,8.593305104657919,1.0,-1,1,
2026-06-20 21:00:00+00:00,week_025,2026-06-15 04:00:00+00:00,4.965000000000003,-0.228933967303018,5.193933967303021,5.193933967303021,26.9769500567041,1.0,-1,1,
2026-06-20 22:00:00+00:00,week_025,2026-06-15 04:00:00+00:00,3.715,-0.5455072549582415,4.260507254958242,4.260507254958242,18.151922069551812,1.0,-1,1,
2026-06-20 23:00:00+00:00,week_025,2026-06-15 04:00:00+00:00,3.2799999999999976,-0.228933967303018,3.5089339673030158,3.5089339673030158,12.312617586892882,1.0,-1,1,
2026-06-21 00:00:00+00:00,week_025,2026-06-15 04:00:00+00:00,-1.91,-0.3072467161418172,-1.6027532838581826,1.6027532838581826,2.568818088918188,-1.0,-1,1,
2026-06-21 01:00:00+00:00,week_025,2026-06-15 04:00:00+00:00,-5.8675,-1.1759532196767724,-4.691546780323227,4.691546780323227,22.01061119196124,-1.0,-1,1,
2026-06-21 02:00:00+00:00,week_025,2026-06-15 04:00:00+00:00,-6.899999999999999,-1.1759532196767724,-5.724046780323226,5.724046780323226,32.76471154332869,-1.0,-1,1,
2026-06-21 03:00:00+00:00,week_025,2026-06-15 04:00:00+00:00,-3.0275,-1.14117932972938,-1.88632067027062,1.88632067027062,3.558205671090201,-1.0,-1,1,
2026-06-21 04:00:00+00:00,week_025,2026-06-15 04:00:00+00:00,0.5300000000000011,-0.3072467161418172,0.8372467161418183,0.8372467161418183,0.7009820636902585,1.0,-1,1,
2026-06-21 05:00:00+00:00,week_025,2026-06-15 04:00:00+00:00,-0.6875,-1.1759532196767724,0.48845321967677235,0.48845321967677235,0.23858654781260524,-1.0,-1,1,
2026-06-21 06:00:00+00:00,week_025,2026-06-15 04:00:00+00:00,-0.9074999999999988,-1.1759532196767724,0.2684532196767736,0.2684532196767736,0.07206713115482606,-1.0,-1,1,
2026-06-21 07:00:00+00:00,week_025,2026-06-15 04:00:00+00:00,-1.0425000000000004,-1.1759532196767724,0.13345321967677193,0.13345321967677193,0.017809761842096747,-1.0,-1,1,
2026-06-21 08:00:00+00:00,week_025,2026-06-15 04:00:00+00:00,-1.115000000000002,-1.1759532196767724,0.060953219676770365,0.060953219676770365,0.003715294988964626,-1.0,-1,1,
2026-06-21 09:00:00+00:00,week_025,2026-06-15 04:00:00+00:00,0.6499999999999986,-1.1759532196767724,1.825953219676771,1.825953219676771,3.334105160447966,1.0,-1,1,
2026-06-21 10:00:00+00:00,week_025,2026-06-15 04:00:00+00:00,-0.2050000000000018,-1.1759532196767724,0.9709532196767705,0.9709532196767705,0.9427501548006869,-1.0,-1,1,
2026-06-21 11:00:00+00:00,week_025,2026-06-15 04:00:00+00:00,2.912499999999998,-0.3072467161418172,3.219746716141815,3.219746716141815,10.366768916106,1.0,-1,1,
2026-06-21 12:00:00+00:00,week_025,2026-06-15 04:00:00+00:00,1.0300000000000011,-1.14117932972938,2.171179329729381,2.171179329729381,4.714019681844125,1.0,-1,1,
2026-06-21 13:00:00+00:00,week_025,2026-06-15 04:00:00+00:00,8.817499999999997,-0.26650609306902145,9.084006093069018,9.084006093069018,82.51916669891504,1.0,-1,1,
2026-06-21 14:00:00+00:00,week_025,2026-06-15 04:00:00+00:00,8.9025,-1.14117932972938,10.043679329729379,10.043679329729379,100.87549447843318,1.0,-1,1,
2026-06-21 15:00:00+00:00,week_025,2026-06-15 04:00:00+00:00,9.6125,-0.26650609306902145,9.879006093069021,9.879006093069021,97.59476138689485,1.0,-1,1,
2026-06-21 16:00:00+00:00,week_025,2026-06-15 04:00:00+00:00,3.27,-0.26650609306902145,3.5365060930690215,3.5365060930690215,12.506875346314315,1.0,-1,1,
2026-06-21 17:00:00+00:00,week_025,2026-06-15 04:00:00+00:00,-2.3999999999999986,-0.228933967303018,-2.1710660326969804,2.1710660326969804,4.713527718330606,-1.0,-1,1,
2026-06-21 18:00:00+00:00,week_025,2026-06-15 04:00:00+00:00,-2.1474999999999973,-0.228933967303018,-1.9185660326969793,1.9185660326969793,3.680895621818627,-1.0,-1,1,
2026-06-21 19:00:00+00:00,week_025,2026-06-15 04:00:00+00:00,-1.7349999999999994,-0.228933967303018,-1.5060660326969815,1.5060660326969815,2.268234894843625,-1.0,-1,1,
2026-06-21 20:00:00+00:00,week_025,2026-06-15 04:00:00+00:00,1.004999999999999,-0.228933967303018,1.233933967303017,1.233933967303017,1.522593035664163,1.0,-1,1,
2026-06-21 21:00:00+00:00,week_025,2026-06-15 04:00:00+00:00,2.1875,-3.8210295015364353,6.008529501536435,6.008529501536435,36.10242677083368,1.0,-1,1,
2026-06-21 22:00:00+00:00,week_025,2026-06-15 04:00:00+00:00,1.764999999999997,-6.753785093147891,8.518785093147887,8.518785093147887,72.56969946323865,1.0,-1,1,
2026-06-21 23:00:00+00:00,week_025,2026-06-15 04:00:00+00:00,0.9824999999999982,-9.276801258513535,10.259301258513533,10.259301258513533,105.25326231293737,1.0,-1,1,
2026-06-22 00:00:00+00:00,week_025,2026-06-15 04:00:00+00:00,-0.657500000000006,-19.515790259862293,18.858290259862287,18.858290259862287,355.6351115252168,-1.0,-1,1,
2026-06-22 01:00:00+00:00,week_025,2026-06-15 04:00:00+00:00,-2.9250000000000043,-2.0384068218216935,-0.8865931781783107,0.8865931781783107,0.7860474635923178,-1.0,-1,1,
2026-06-22 02:00:00+00:00,week_025,2026-06-15 04:00:00+00:00,-10.359999999999996,-0.3072467161418172,-10.052753283858179,10.052753283858179,101.0578485861214,-1.0,-1,1,
2026-06-22 03:00:00+00:00,week_025,2026-06-15 04:00:00+00:00,-6.327500000000001,-0.26650609306902145,-6.060993906930979,6.060993906930979,36.73564713985446,-1.0,-1,1,
2026-06-22 04:00:00+00:00,week_025,2026-06-15 04:00:00+00:00,-3.41,-0.26650609306902145,-3.1434939069309786,3.1434939069309786,9.881553942912188,-1.0,-1,1,
2026-06-22 05:00:00+00:00,week_026,2026-06-22 04:00:00+00:00,-2.0699999999999967,-0.2731967991072028,-1.7968032008927939,1.7968032008927939,3.22850174273859,-1.0,-1,1,
2026-06-22 06:00:00+00:00,week_026,2026-06-22 04:00:00+00:00,-1.09,-0.2731967991072028,-0.8168032008927972,0.8168032008927972,0.6671674689887193,-1.0,-1,1,
2026-06-22 07:00:00+00:00,week_026,2026-06-22 04:00:00+00:00,-1.317499999999999,-0.2731967991072028,-1.0443032008927962,1.0443032008927962,1.0905691753949398,-1.0,-1,1,
2026-06-22 08:00:00+00:00,week_026,2026-06-22 04:00:00+00:00,-1.6699999999999982,-0.2731967991072028,-1.3968032008927953,1.3968032008927953,1.9510591820243586,-1.0,-1,1,
2026-06-22 09:00:00+00:00,week_026,2026-06-22 04:00:00+00:00,-0.9600000000000009,-0.2731967991072028,-0.686803200892798,0.686803200892798,0.47169863675659307,-1.0,-1,1,
2026-06-22 10:00:00+00:00,week_026,2026-06-22 04:00:00+00:00,-2.994999999999997,-0.2731967991072028,-2.7218032008927944,2.7218032008927944,7.408212664390261,-1.0,-1,1,
2026-06-22 11:00:00+00:00,week_026,2026-06-22 04:00:00+00:00,2.919999999999998,-0.2731967991072028,3.193196799107201,3.193196799107201,10.196505797828472,1.0,-1,1,
2026-06-22 12:00:00+00:00,week_026,2026-06-22 04:00:00+00:00,6.087499999999999,-0.2731967991072028,6.360696799107202,6.360696799107202,40.4584637701726,1.0,-1,1,
2026-06-22 13:00:00+00:00,week_026,2026-06-22 04:00:00+00:00,6.140000000000001,-0.2731967991072028,6.413196799107204,6.413196799107204,41.12909318407888,1.0,-1,1,
2026-06-22 14:00:00+00:00,week_026,2026-06-22 04:00:00+00:00,2.332500000000003,-0.2731967991072028,2.6056967991072058,2.6056967991072058,6.789655808877538,1.0,-1,1,
2026-06-22 15:00:00+00:00,week_026,2026-06-22 04:00:00+00:00,2.232499999999998,-0.2731967991072028,2.505696799107201,2.505696799107201,6.278516449056072,1.0,-1,1,
2026-06-22 16:00:00+00:00,week_026,2026-06-22 04:00:00+00:00,3.1650000000000027,-0.2731967991072028,3.4381967991072053,3.4381967991072053,11.821197229391032,1.0,-1,1,
2026-06-22 17:00:00+00:00,week_026,2026-06-22 04:00:00+00:00,1.8649999999999984,-1.1845957169367778,3.0495957169367762,3.0495957169367762,9.300034036759131,1.0,-1,1,
2026-06-22 18:00:00+00:00,week_026,2026-06-22 04:00:00+00:00,5.597499999999997,-0.6729099836344515,6.2704099836344485,6.2704099836344485,39.318041362862566,1.0,-1,1,
2026-06-22 19:00:00+00:00,week_026,2026-06-22 04:00:00+00:00,18.489999999999995,-0.2731967991072028,18.7631967991072,18.7631967991072,352.05755412202666,1.0,-1,1,
2026-06-22 20:00:00+00:00,week_026,2026-06-22 04:00:00+00:00,12.212499999999997,-7.017272268606613,19.22977226860661,19.22977226860661,369.7841415024718,1.0,-1,1,
2026-06-22 21:00:00+00:00,week_026,2026-06-22 04:00:00+00:00,12.9625,-12.90150770552988,25.86400770552988,25.86400770552988,668.946894591709,1.0,-1,1,
2026-06-22 22:00:00+00:00,week_026,2026-06-22 04:00:00+00:00,12.197499999999998,-15.751359958779267,27.948859958779266,27.948859958779266,781.1387729954549,1.0,-1,1,
2026-06-22 23:00:00+00:00,week_026,2026-06-22 04:00:00+00:00,16.79,-15.751359958779267,32.54135995877927,32.54135995877927,1058.9401079668426,1.0,-1,1,
2026-06-23 00:00:00+00:00,week_026,2026-06-22 04:00:00+00:00,18.847500000000004,-26.48419208283764,45.33169208283765,45.33169208283765,2054.9623070932057,1.0,-1,1,
2026-06-23 01:00:00+00:00,week_026,2026-06-22 04:00:00+00:00,13.0,-18.158136785875048,31.158136785875048,31.158136785875048,970.8294879672999,1.0,-1,1,
2026-06-23 02:00:00+00:00,week_026,2026-06-22 04:00:00+00:00,6.859999999999992,-2.2595285886171554,9.119528588617147,9.119528588617147,83.16580167860545,1.0,-1,1,
2026-06-23 03:00:00+00:00,week_026,2026-06-22 04:00:00+00:00,-13.18,-0.5101085780895964,-12.669891421910403,12.669891421910403,160.52614864299883,-1.0,-1,1,
2026-06-23 04:00:00+00:00,week_026,2026-06-22 04:00:00+00:00,-5.825000000000003,-0.2731967991072028,-5.5518032008928,5.5518032008928,30.822518781443538,-1.0,-1,1,
2026-06-23 05:00:00+00:00,week_026,2026-06-22 04:00:00+00:00,-3.2949999999999946,-0.2731967991072028,-3.021803200892792,3.021803200892792,9.131294584925923,-1.0,-1,1,
2026-06-23 06:00:00+00:00,week_026,2026-06-22 04:00:00+00:00,-4.625,-0.2731967991072028,-4.351803200892797,4.351803200892797,18.93819109930079,-1.0,-1,1,
2026-06-23 07:00:00+00:00,week_026,2026-06-22 04:00:00+00:00,-2.267500000000002,-0.2731967991072028,-1.994303200892799,1.994303200892799,3.9772452570912638,-1.0,-1,1,
2026-06-23 08:00:00+00:00,week_026,2026-06-22 04:00:00+00:00,-1.3949999999999996,-0.6729099836344515,-0.722090016365548,0.722090016365548,0.5214139917347974,-1.0,-1,1,
2026-06-23 09:00:00+00:00,week_026,2026-06-22 04:00:00+00:00,-1.8924999999999983,-1.1845957169367778,-0.7079042830632205,0.7079042830632205,0.5011284739792522,-1.0,-1,1,
2026-06-23 10:00:00+00:00,week_026,2026-06-22 04:00:00+00:00,-2.4549999999999983,-0.2731967991072028,-2.1818032008927957,2.1818032008927957,4.760265207426049,-1.0,-1,1,
2026-06-23 11:00:00+00:00,week_026,2026-06-22 04:00:00+00:00,-0.8625000000000043,-0.2731967991072028,-0.5893032008928014,0.5893032008928014,0.34727826258250144,-1.0,-1,1,
2026-06-23 12:00:00+00:00,week_026,2026-06-22 04:00:00+00:00,-1.3999999999999986,-0.2731967991072028,-1.1268032008927957,1.1268032008927957,1.2696854535422502,-1.0,-1,1,
2026-06-23 13:00:00+00:00,week_026,2026-06-22 04:00:00+00:00,-0.0700000000000038,-0.2731967991072028,0.203196799107199,0.203196799107199,0.041288939167411394,-1.0,-1,1,
2026-06-23 14:00:00+00:00,week_026,2026-06-22 04:00:00+00:00,4.2925,-0.2731967991072028,4.5656967991072035,4.5656967991072035,20.845587261377762,1.0,-1,1,
2026-06-23 15:00:00+00:00,week_026,2026-06-22 04:00:00+00:00,4.875,-0.2731967991072028,5.148196799107203,5.148196799107203,26.503930282337652,1.0,-1,1,
2026-06-23 16:00:00+00:00,week_026,2026-06-22 04:00:00+00:00,3.419999999999998,-0.2731967991072028,3.693196799107201,3.693196799107201,13.639702596935674,1.0,-1,1,
2026-06-23 17:00:00+00:00,week_026,2026-06-22 04:00:00+00:00,0.7050000000000018,-0.2731967991072028,0.9781967991072047,0.9781967991072047,0.9568689777835809,1.0,-1,1,
2026-06-23 18:00:00+00:00,week_026,2026-06-22 04:00:00+00:00,0.1350000000000015,-0.2731967991072028,0.4081967991072043,0.4081967991072043,0.1666246268013673,1.0,-1,1,
2026-06-23 19:00:00+00:00,week_026,2026-06-22 04:00:00+00:00,-0.2100000000000008,-1.6388312711674147,1.4288312711674138,1.4288312711674138,2.0415588014658876,-1.0,-1,1,
2026-06-23 20:00:00+00:00,week_026,2026-06-22 04:00:00+00:00,6.982499999999998,-9.85094274941946,16.833442749419458,16.833442749419458,283.36479479798254,1.0,-1,1,
2026-06-23 21:00:00+00:00,week_026,2026-06-22 04:00:00+00:00,26.2275,-12.896346810300997,39.123846810300996,39.123846810300996,1530.6753892358995,1.0,-1,1,
2026-06-23 22:00:00+00:00,week_026,2026-06-22 04:00:00+00:00,38.575,-16.196786224498155,54.77178622449816,54.77178622449816,2999.948566222126,1.0,-1,1,
2026-06-23 23:00:00+00:00,week_026,2026-06-22 04:00:00+00:00,45.642500000000005,-15.386948855550706,61.02944885555071,61.02944885555071,3724.59362761228,1.0,-1,1,
2026-06-24 00:00:00+00:00,week_026,2026-06-22 04:00:00+00:00,-2.4000000000000057,-21.754241831765075,19.35424183176507,19.35424183176507,374.5866768824449,-1.0,-1,1,
2026-06-24 01:00:00+00:00,week_026,2026-06-22 04:00:00+00:00,-7.237499999999997,-5.905523734545921,-1.3319762654540765,1.3319762654540765,1.7741607717329886,-1.0,-1,1,
2026-06-24 02:00:00+00:00,week_026,2026-06-22 04:00:00+00:00,-2.18,-4.875779460581775,2.695779460581775,2.695779460581775,7.267226900094565,-1.0,-1,1,
2026-06-24 03:00:00+00:00,week_026,2026-06-22 04:00:00+00:00,9.002499999999998,-1.6461621450405175,10.648662145040515,10.648662145040515,113.39400547921885,1.0,-1,1,
2026-06-24 04:00:00+00:00,week_026,2026-06-22 04:00:00+00:00,7.634999999999998,-0.2731967991072028,7.908196799107201,7.908196799107201,62.53957661340938,1.0,-1,1,
2026-06-24 05:00:00+00:00,week_026,2026-06-22 04:00:00+00:00,1.785,-0.2731967991072028,2.0581967991072028,2.0581967991072028,4.2361740638551355,1.0,-1,1,
2026-06-24 06:00:00+00:00,week_026,2026-06-22 04:00:00+00:00,3.0,-0.2731967991072028,3.2731967991072026,3.2731967991072026,10.713817285685638,1.0,-1,1,
2026-06-24 07:00:00+00:00,week_026,2026-06-22 04:00:00+00:00,1.509999999999998,-0.2731967991072028,1.7831967991072009,1.7831967991072009,3.179790824346167,1.0,-1,1,
2026-06-24 08:00:00+00:00,week_026,2026-06-22 04:00:00+00:00,2.3625000000000007,-1.1845957169367778,3.5470957169367785,3.5470957169367785,12.581888025111239,1.0,-1,1,
2026-06-24 09:00:00+00:00,week_026,2026-06-22 04:00:00+00:00,5.550000000000001,-1.194125776645646,6.744125776645647,6.744125776645647,45.48323249121625,1.0,-1,1,
2026-06-24 10:00:00+00:00,week_026,2026-06-22 04:00:00+00:00,8.670000000000002,1.9256021323865427,6.7443978676134595,6.7443978676134595,45.486902596668976,1.0,1,1,
2026-06-24 11:00:00+00:00,week_026,2026-06-22 04:00:00+00:00,3.2524999999999977,-1.1845957169367778,4.437095716936776,4.437095716936776,19.68781840125868,1.0,-1,1,
2026-06-24 12:00:00+00:00,week_026,2026-06-22 04:00:00+00:00,2.157499999999999,-1.1845957169367778,3.3420957169367767,3.3420957169367767,11.169603781167147,1.0,-1,1,
2026-06-24 13:00:00+00:00,week_026,2026-06-22 04:00:00+00:00,4.505000000000003,2.3509559696354723,2.1540440303645303,2.1540440303645303,4.63990568474907,1.0,1,1,
2026-06-24 14:00:00+00:00,week_026,2026-06-22 04:00:00+00:00,7.787500000000001,-0.2731967991072028,8.060696799107204,8.060696799107204,64.97483288713711,1.0,-1,1,
2026-06-24 15:00:00+00:00,week_026,2026-06-22 04:00:00+00:00,7.047499999999999,-0.2731967991072028,7.3206967991072025,7.3206967991072025,53.59260162445844,1.0,-1,1,
2026-06-24 16:00:00+00:00,week_026,2026-06-22 04:00:00+00:00,4.525000000000002,-0.2731967991072028,4.798196799107205,4.798196799107205,23.02269252296263,1.0,-1,1,
2026-06-24 17:00:00+00:00,week_026,2026-06-22 04:00:00+00:00,1.2375000000000007,-0.2731967991072028,1.5106967991072036,1.5106967991072036,2.2822048188327506,1.0,-1,1,
2026-06-24 18:00:00+00:00,week_026,2026-06-22 04:00:00+00:00,-0.1875,-0.2731967991072028,0.08569679910720279,0.08569679910720279,0.007343941377220273,-1.0,-1,1,
2026-06-24 19:00:00+00:00,week_026,2026-06-22 04:00:00+00:00,-1.2925000000000004,0.9539224838101469,-2.2464224838101474,2.2464224838101474,5.046413975767752,-1.0,1,1,
2026-06-24 20:00:00+00:00,week_026,2026-06-22 04:00:00+00:00,-1.9375,7.348178997715274,-9.285678997715273,9.285678997715273,86.22383444861052,-1.0,1,1,
2026-06-24 21:00:00+00:00,week_026,2026-06-22 04:00:00+00:00,-1.5500000000000007,4.017603755026767,-5.567603755026767,5.567603755026767,30.99821157298816,-1.0,1,1,
2026-06-24 22:00:00+00:00,week_026,2026-06-22 04:00:00+00:00,-1.962500000000002,-17.516561620609675,15.554061620609673,15.554061620609673,241.9288328977228,-1.0,-1,1,
2026-06-24 23:00:00+00:00,week_026,2026-06-22 04:00:00+00:00,1.7725000000000044,-17.71979887528992,19.492298875289926,19.492298875289926,379.9497154436289,1.0,-1,1,
2026-06-25 00:00:00+00:00,week_026,2026-06-22 04:00:00+00:00,1.2375000000000045,-25.734999771086688,26.972499771086692,26.972499771086692,727.5157439012717,1.0,-1,1,
2026-06-25 01:00:00+00:00,week_026,2026-06-22 04:00:00+00:00,-4.649999999999999,-5.905523734545921,1.255523734545922,1.255523734545922,1.576339848008139,-1.0,-1,1,
2026-06-25 02:00:00+00:00,week_026,2026-06-22 04:00:00+00:00,-5.272500000000001,-2.0421089797689382,-3.2303910202310626,3.2303910202310626,10.435426143589485,-1.0,-1,1,
2026-06-25 03:00:00+00:00,week_026,2026-06-22 04:00:00+00:00,0.4024999999999963,-0.9098217626168454,1.3123217626168417,1.3123217626168417,1.7221884086377743,1.0,-1,1,
2026-06-25 04:00:00+00:00,week_026,2026-06-22 04:00:00+00:00,7.154999999999998,-0.2731967991072028,7.428196799107201,7.428196799107201,55.178107686266465,1.0,-1,1,
2026-06-25 05:00:00+00:00,week_026,2026-06-22 04:00:00+00:00,1.5199999999999996,-0.2731967991072028,1.7931967991072024,1.7931967991072024,3.2155547603283163,1.0,-1,1,
2026-06-25 06:00:00+00:00,week_026,2026-06-22 04:00:00+00:00,-1.2424999999999995,-1.1845957169367778,-0.057904283063221706,0.057904283063221706,0.003352905997065704,-1.0,-1,1,
2026-06-25 07:00:00+00:00,week_026,2026-06-22 04:00:00+00:00,-2.305,-1.1845957169367778,-1.1204042830632224,1.1204042830632224,1.2553057575064133,-1.0,-1,1,
2026-06-25 08:00:00+00:00,week_026,2026-06-22 04:00:00+00:00,-1.6449999999999996,-1.1845957169367778,-0.4604042830632218,0.4604042830632218,0.21197210386295925,-1.0,-1,1,
2026-06-25 09:00:00+00:00,week_026,2026-06-22 04:00:00+00:00,-2.462500000000002,-1.1845957169367778,-1.2779042830632243,1.2779042830632243,1.6330393566713335,-1.0,-1,1,
2026-06-25 10:00:00+00:00,week_026,2026-06-22 04:00:00+00:00,-4.215,-0.6729099836344515,-3.5420900163655484,3.5420900163655484,12.546401684036491,-1.0,-1,1,
2026-06-25 11:00:00+00:00,week_026,2026-06-22 04:00:00+00:00,-2.977499999999999,-0.2731967991072028,-2.7043032008927965,2.7043032008927965,7.313255802359025,-1.0,-1,1,
2026-06-25 12:00:00+00:00,week_026,2026-06-22 04:00:00+00:00,-4.2075,-0.2731967991072028,-3.934303200892797,3.934303200892797,15.478741676555307,-1.0,-1,1,
2026-06-25 13:00:00+00:00,week_026,2026-06-22 04:00:00+00:00,-2.325,-0.2731967991072028,-2.0518032008927976,2.0518032008927976,4.20989637519393,-1.0,-1,1,
2026-06-25 14:00:00+00:00,week_026,2026-06-22 04:00:00+00:00,-6.152499999999998,-0.2731967991072028,-5.879303200892795,5.879303200892795,34.56620612802826,-1.0,-1,1,
2026-06-25 15:00:00+00:00,week_026,2026-06-22 04:00:00+00:00,-19.88,-0.2731967991072028,-19.606803200892795,19.606803200892795,384.42673175854,-1.0,-1,1,
2026-06-25 16:00:00+00:00,week_026,2026-06-22 04:00:00+00:00,-17.7225,-1.1845957169367778,-16.537904283063224,16.537904283063224,273.5022780757609,-1.0,-1,1,
2026-06-25 17:00:00+00:00,week_026,2026-06-22 04:00:00+00:00,-10.874999999999998,-0.2731967991072028,-10.601803200892796,10.601803200892796,112.39823111046074,-1.0,-1,1,
2026-06-25 18:00:00+00:00,week_026,2026-06-22 04:00:00+00:00,-12.03,-0.2731967991072028,-11.756803200892797,11.756803200892797,138.2224215045231,-1.0,-1,1,
2026-06-25 19:00:00+00:00,week_026,2026-06-22 04:00:00+00:00,-11.3425,-0.2731967991072028,-11.069303200892797,11.069303200892797,122.52947335329553,-1.0,-1,1,
2026-06-25 20:00:00+00:00,week_026,2026-06-22 04:00:00+00:00,-13.7125,-7.017272268606613,-6.695227731393388,6.695227731393388,44.82607437521905,-1.0,-1,1,
2026-06-25 21:00:00+00:00,week_026,2026-06-22 04:00:00+00:00,-12.9175,-16.82950061403644,3.9120006140364403,3.9120006140364403,15.303748804221486,-1.0,-1,1,
2026-06-25 22:00:00+00:00,week_026,2026-06-22 04:00:00+00:00,-7.177499999999998,-19.93077877455842,12.75327877455842,12.75327877455842,162.64611950160233,-1.0,-1,1,
2026-06-25 23:00:00+00:00,week_026,2026-06-22 04:00:00+00:00,-8.862499999999997,-19.93077877455842,11.068278774558422,11.068278774558422,122.50679503134049,-1.0,-1,1,
2026-06-26 00:00:00+00:00,week_026,2026-06-22 04:00:00+00:00,-9.142499999999998,-25.853791393208184,16.711291393208185,16.711291393208185,279.26726002871396,-1.0,-1,1,
2026-06-26 01:00:00+00:00,week_026,2026-06-22 04:00:00+00:00,-15.1575,-8.981491168420947,-6.176008831579054,6.176008831579054,38.14308508774247,-1.0,-1,1,
2026-06-26 02:00:00+00:00,week_026,2026-06-22 04:00:00+00:00,-11.927500000000002,-3.063138133494037,-8.864361866505964,8.864361866505964,78.57691130036511,-1.0,-1,1,
2026-06-26 03:00:00+00:00,week_026,2026-06-22 04:00:00+00:00,-10.877499999999998,-0.2731967991072028,-10.604303200892796,10.604303200892796,112.45124637646519,-1.0,-1,1,
2026-06-26 04:00:00+00:00,week_026,2026-06-22 04:00:00+00:00,-10.314999999999998,-1.1845957169367778,-9.13040428306322,9.13040428306322,83.36428237217919,-1.0,-1,1,
2026-06-26 05:00:00+00:00,week_026,2026-06-22 04:00:00+00:00,-0.2899999999999991,-0.2731967991072028,-0.0168032008927963,0.0168032008927963,0.00028234756024367037,-1.0,-1,1,
2026-06-26 06:00:00+00:00,week_026,2026-06-22 04:00:00+00:00,3.474999999999998,-0.2731967991072028,3.7481967991072005,3.7481967991072005,14.048979244837463,1.0,-1,1,
2026-06-26 07:00:00+00:00,week_026,2026-06-22 04:00:00+00:00,8.047500000000003,-0.2827268588160707,8.330226858816074,8.330226858816074,69.39267951934072,1.0,-1,1,
2026-06-26 08:00:00+00:00,week_026,2026-06-22 04:00:00+00:00,6.127500000000001,2.952052135757633,3.1754478642423685,3.1754478642423685,10.08346913852142,1.0,1,1,
2026-06-26 09:00:00+00:00,week_026,2026-06-22 04:00:00+00:00,-0.9050000000000012,-0.2731967991072028,-0.6318032008927985,0.6318032008927985,0.3991752846583859,-1.0,-1,1,
2026-06-26 10:00:00+00:00,week_026,2026-06-22 04:00:00+00:00,-1.1424999999999983,-0.2731967991072028,-0.8693032008927954,0.8693032008927954,0.7556880550824598,-1.0,-1,1,
2026-06-26 11:00:00+00:00,week_026,2026-06-22 04:00:00+00:00,-0.4800000000000004,-0.2731967991072028,-0.20680320089279763,0.20680320089279763,0.04276756389950682,-1.0,-1,1,
2026-06-26 12:00:00+00:00,week_026,2026-06-22 04:00:00+00:00,-1.6999999999999993,-0.2731967991072028,-1.4268032008927964,1.4268032008927964,2.03576737407793,-1.0,-1,1,
2026-06-26 13:00:00+00:00,week_026,2026-06-22 04:00:00+00:00,-3.4450000000000003,-0.2731967991072028,-3.1718032008927977,3.1718032008927977,10.060335545193796,-1.0,-1,1,
2026-06-26 14:00:00+00:00,week_026,2026-06-22 04:00:00+00:00,-6.054999999999998,-0.2731967991072028,-5.781803200892795,5.781803200892795,33.42924825385417,-1.0,-1,1,
2026-06-26 15:00:00+00:00,week_026,2026-06-22 04:00:00+00:00,-7.112500000000001,-0.2731967991072028,-6.839303200892798,6.839303200892798,46.77606827374247,-1.0,-1,1,
2026-06-26 16:00:00+00:00,week_026,2026-06-22 04:00:00+00:00,-4.475000000000001,-1.1845957169367778,-3.2904042830632236,3.2904042830632236,10.826760346000807,-1.0,-1,1,
2026-06-26 17:00:00+00:00,week_026,2026-06-22 04:00:00+00:00,-3.98,-1.1845957169367778,-2.795404283063222,2.795404283063222,7.8142851057682075,-1.0,-1,1,
2026-06-26 18:00:00+00:00,week_026,2026-06-22 04:00:00+00:00,-6.3325,-0.2731967991072028,-6.0593032008927965,6.0593032008927965,36.71515528034969,-1.0,-1,1,
2026-06-26 19:00:00+00:00,week_026,2026-06-22 04:00:00+00:00,-2.7425,-4.449793516489733,1.7072935164897332,1.7072935164897332,2.9148511514478788,-1.0,-1,1,
2026-06-26 20:00:00+00:00,week_026,2026-06-22 04:00:00+00:00,-2.5874999999999986,-25.14122505759103,22.55372505759103,22.55372505759103,508.6705139734095,-1.0,-1,1,
2026-06-26 21:00:00+00:00,week_026,2026-06-22 04:00:00+00:00,-4.967500000000001,-25.710600463037462,20.74310046303746,20.74310046303746,430.2762168196649,-1.0,-1,1,
2026-06-26 22:00:00+00:00,week_026,2026-06-22 04:00:00+00:00,-2.2749999999999986,-27.971317170929915,25.696317170929916,25.696317170929916,660.3007161490276,-1.0,-1,1,
2026-06-26 23:00:00+00:00,week_026,2026-06-22 04:00:00+00:00,-9.145,-28.388690059834694,19.243690059834694,19.243690059834694,370.3196071189806,-1.0,-1,1,
2026-06-27 00:00:00+00:00,week_026,2026-06-22 04:00:00+00:00,-10.879999999999995,-33.5097827131996,22.629782713199603,22.629782713199603,512.1070656466276,-1.0,-1,1,
2026-06-27 01:00:00+00:00,week_026,2026-06-22 04:00:00+00:00,-8.802500000000002,-7.013826739147116,-1.7886732608528861,1.7886732608528861,3.1993520340900967,-1.0,-1,1,
2026-06-27 02:00:00+00:00,week_026,2026-06-22 04:00:00+00:00,-13.417500000000004,-1.8051972007865422,-11.612302799213461,11.612302799213461,134.8455763006208,-1.0,-1,1,
2026-06-27 03:00:00+00:00,week_026,2026-06-22 04:00:00+00:00,-10.539999999999996,-0.2731967991072028,-10.266803200892793,10.266803200892793,105.40724796586251,-1.0,-1,1,
2026-06-27 04:00:00+00:00,week_026,2026-06-22 04:00:00+00:00,-6.115000000000002,-0.2731967991072028,-5.841803200892799,5.841803200892799,34.12666463796135,-1.0,-1,1,
2026-06-27 05:00:00+00:00,week_026,2026-06-22 04:00:00+00:00,-0.5600000000000023,-0.2731967991072028,-0.2868032008927995,0.2868032008927995,0.08225607604235549,-1.0,-1,1,
2026-06-27 06:00:00+00:00,week_026,2026-06-22 04:00:00+00:00,0.5449999999999982,-1.1845957169367778,1.729595716936776,1.729595716936776,2.99150134404604,1.0,-1,1,
2026-06-27 07:00:00+00:00,week_026,2026-06-22 04:00:00+00:00,1.0450000000000017,-1.1845957169367778,2.2295957169367795,2.2295957169367795,4.9710970609828316,1.0,-1,1,
2026-06-27 08:00:00+00:00,week_026,2026-06-22 04:00:00+00:00,10.81,-0.2731967991072028,11.083196799107203,11.083196799107203,122.83725128774014,1.0,-1,1,
2026-06-27 09:00:00+00:00,week_026,2026-06-22 04:00:00+00:00,45.4575,-0.2731967991072028,45.73069679910721,45.73069679910721,2091.296629731874,1.0,-1,1,
2026-06-27 10:00:00+00:00,week_026,2026-06-22 04:00:00+00:00,6.240000000000002,-0.2731967991072028,6.513196799107205,6.513196799107205,42.42173254390034,1.0,-1,1,
2026-06-27 11:00:00+00:00,week_026,2026-06-22 04:00:00+00:00,2.952500000000001,-0.2731967991072028,3.2256967991072036,3.2256967991072036,10.405119839770459,1.0,-1,1,
2026-06-27 12:00:00+00:00,week_026,2026-06-22 04:00:00+00:00,-0.5474999999999994,-0.2731967991072028,-0.27430320089279664,0.27430320089279664,0.07524224602003395,-1.0,-1,1,
2026-06-27 13:00:00+00:00,week_026,2026-06-22 04:00:00+00:00,0.3525000000000027,-0.2731967991072028,0.6256967991072055,0.6256967991072055,0.3914964844130027,1.0,-1,1,
2026-06-27 14:00:00+00:00,week_026,2026-06-22 04:00:00+00:00,2.594999999999999,-0.2731967991072028,2.8681967991072015,2.8681967991072015,8.226552878408796,1.0,-1,1,
2026-06-27 15:00:00+00:00,week_026,2026-06-22 04:00:00+00:00,5.215000000000002,-0.2731967991072028,5.488196799107205,5.488196799107205,30.12030410573057,1.0,-1,1,
2026-06-27 16:00:00+00:00,week_026,2026-06-22 04:00:00+00:00,2.6325000000000003,-0.2731967991072028,2.905696799107203,2.905696799107203,8.443073888341845,1.0,-1,1,
2026-06-27 17:00:00+00:00,week_026,2026-06-22 04:00:00+00:00,-2.0174999999999983,-1.1845957169367778,-0.8329042830632205,0.8329042830632205,0.6937295447450573,-1.0,-1,1,
2026-06-27 18:00:00+00:00,week_026,2026-06-22 04:00:00+00:00,2.5924999999999976,-1.1845957169367778,3.7770957169367754,3.7770957169367754,14.266452054902134,1.0,-1,1,
2026-06-27 19:00:00+00:00,week_026,2026-06-22 04:00:00+00:00,5.669999999999998,-5.965922216703562,11.635922216703559,11.635922216703559,135.39468583317546,1.0,-1,1,
2026-06-27 20:00:00+00:00,week_026,2026-06-22 04:00:00+00:00,3.7975,-18.758090529473716,22.555590529473715,22.555590529473715,508.75466413328434,1.0,-1,1,
2026-06-27 21:00:00+00:00,week_026,2026-06-22 04:00:00+00:00,2.6224999999999987,-19.65927649563127,22.28177649563127,22.28177649563127,496.4775638012661,1.0,-1,1,
2026-06-27 22:00:00+00:00,week_026,2026-06-22 04:00:00+00:00,0.4074999999999988,-16.36787831192199,16.77537831192199,16.77537831192199,281.4133175081027,1.0,-1,1,
2026-06-27 23:00:00+00:00,week_026,2026-06-22 04:00:00+00:00,1.317499999999999,-20.512318543510776,21.829818543510775,21.829818543510775,476.5409776426069,1.0,-1,1,
2026-06-28 00:00:00+00:00,week_026,2026-06-22 04:00:00+00:00,-4.972500000000004,-33.23579687234776,28.26329687234776,28.26329687234776,798.8139500944626,-1.0,-1,1,
2026-06-28 01:00:00+00:00,week_026,2026-06-22 04:00:00+00:00,-6.175000000000001,-7.808802923336234,1.6338029233362334,1.6338029233362334,2.6693119923020223,-1.0,-1,1,
2026-06-28 02:00:00+00:00,week_026,2026-06-22 04:00:00+00:00,-4.217500000000001,-1.6388312711674147,-2.5786687288325867,2.5786687288325867,6.6495324130590685,-1.0,-1,1,
2026-06-28 03:00:00+00:00,week_026,2026-06-22 04:00:00+00:00,-4.832499999999996,-1.1845957169367778,-3.6479042830632182,3.6479042830632182,13.307205658390972,-1.0,-1,1,
2026-06-28 04:00:00+00:00,week_026,2026-06-22 04:00:00+00:00,-2.0650000000000013,-0.2731967991072028,-1.7918032008927984,1.7918032008927984,3.210558710729678,-1.0,-1,1,
2026-06-28 05:00:00+00:00,week_026,2026-06-22 04:00:00+00:00,-0.302500000000002,-1.1845957169367778,0.8820957169367758,0.8820957169367758,0.7780928538382045,-1.0,-1,1,
2026-06-28 06:00:00+00:00,week_026,2026-06-22 04:00:00+00:00,0.6425000000000018,-1.1845957169367778,1.8270957169367796,1.8270957169367796,3.3382787588487246,1.0,-1,1,
2026-06-28 07:00:00+00:00,week_026,2026-06-22 04:00:00+00:00,-0.6125000000000007,-1.1845957169367778,0.5720957169367771,0.5720957169367771,0.327293509337405,-1.0,-1,1,
2026-06-28 08:00:00+00:00,week_026,2026-06-22 04:00:00+00:00,-0.3225000000000015,-1.1845957169367778,0.8620957169367762,0.8620957169367762,0.7432090251607342,-1.0,-1,1,
2026-06-28 09:00:00+00:00,week_026,2026-06-22 04:00:00+00:00,0.1150000000000019,-0.2731967991072028,0.3881967991072047,0.3881967991072047,0.15069675483707948,1.0,-1,1,
2026-06-28 10:00:00+00:00,week_026,2026-06-22 04:00:00+00:00,-0.4050000000000011,-0.2731967991072028,-0.1318032008927983,0.1318032008927983,0.017372083765587343,-1.0,-1,1,
2026-06-28 11:00:00+00:00,week_026,2026-06-22 04:00:00+00:00,-0.4025000000000034,-0.2731967991072028,-0.12930320089280062,0.12930320089280062,0.016719317761123953,-1.0,-1,1,
2026-06-28 12:00:00+00:00,week_026,2026-06-22 04:00:00+00:00,-1.6999999999999993,-0.2731967991072028,-1.4268032008927964,1.4268032008927964,2.03576737407793,-1.0,-1,1,
2026-06-28 13:00:00+00:00,week_026,2026-06-22 04:00:00+00:00,-1.1099999999999994,-1.1845957169367778,0.07459571693677836,0.07459571693677836,0.005564520985311961,-1.0,-1,1,
2026-06-28 14:00:00+00:00,week_026,2026-06-22 04:00:00+00:00,0.5824999999999996,-0.2731967991072028,0.8556967991072024,0.8556967991072024,0.7322170120023119,1.0,-1,1,
2026-06-28 15:00:00+00:00,week_026,2026-06-22 04:00:00+00:00,-0.0099999999999997,-0.2731967991072028,0.2631967991072031,0.2631967991072031,0.06927255506027744,-1.0,-1,1,
2026-06-28 16:00:00+00:00,week_026,2026-06-22 04:00:00+00:00,2.1950000000000003,-0.2731967991072028,2.468196799107203,2.468196799107203,6.091995439123042,1.0,-1,1,
2026-06-28 17:00:00+00:00,week_026,2026-06-22 04:00:00+00:00,6.939999999999998,-0.2731967991072028,7.213196799107201,7.213196799107201,52.03020806265037,1.0,-1,1,
2026-06-28 18:00:00+00:00,week_026,2026-06-22 04:00:00+00:00,-0.7049999999999983,-1.1845957169367778,0.4795957169367795,0.4795957169367795,0.23001205170410352,-1.0,-1,1,
2026-06-28 19:00:00+00:00,week_026,2026-06-22 04:00:00+00:00,-1.1174999999999995,-1.8051972007865422,0.6876972007865427,0.6876972007865427,0.4729274399696465,-1.0,-1,1,
2026-06-28 20:00:00+00:00,week_026,2026-06-22 04:00:00+00:00,-0.7850000000000037,-13.899810874043013,13.114810874043009,13.114810874043009,171.99826426191674,-1.0,-1,1,
2026-06-28 21:00:00+00:00,week_026,2026-06-22 04:00:00+00:00,2.395,-17.55285194896297,19.94785194896297,19.94785194896297,397.91679737774575,1.0,-1,1,
2026-06-28 22:00:00+00:00,week_026,2026-06-22 04:00:00+00:00,-0.3325000000000031,-19.627372016243708,19.294872016243705,19.294872016243705,372.2920861232244,-1.0,-1,1,
2026-06-28 23:00:00+00:00,week_026,2026-06-22 04:00:00+00:00,2.5524999999999984,-18.22553308395573,20.77803308395573,20.77803308395573,431.7266588379589,1.0,-1,1,
2026-06-29 00:00:00+00:00,week_026,2026-06-22 04:00:00+00:00,-2.4750000000000014,-35.51405942155333,33.039059421553326,33.039059421553326,1091.5794474609315,-1.0,-1,1,
2026-06-29 01:00:00+00:00,week_026,2026-06-22 04:00:00+00:00,-0.634999999999998,-26.78379184475952,26.148791844759522,26.148791844759522,683.759314940562,-1.0,-1,1,
2026-06-29 02:00:00+00:00,week_026,2026-06-22 04:00:00+00:00,9.737499999999995,-3.063138133494037,12.800638133494033,12.800638133494033,163.8563366246616,1.0,-1,1,
2026-06-29 03:00:00+00:00,week_026,2026-06-22 04:00:00+00:00,-0.6799999999999997,-1.3624693881046424,0.6824693881046426,0.6824693881046426,0.46576446569992536,-1.0,-1,1,
2026-06-29 04:00:00+00:00,week_026,2026-06-22 04:00:00+00:00,-0.1099999999999994,-1.1845957169367778,1.0745957169367784,1.0745957169367784,1.1547559548588686,-1.0,-1,1,
2026-06-29 05:00:00+00:00,week_027,2026-06-29 04:00:00+00:00,-1.1475000000000009,-1.1980951658733865,0.05059516587338564,0.05059516587338564,0.002559870809755407,-1.0,-1,1,
2026-06-29 06:00:00+00:00,week_027,2026-06-29 04:00:00+00:00,-1.1224999999999987,-1.1980951658733865,0.07559516587338777,0.07559516587338777,0.005714629103425011,-1.0,-1,1,
2026-06-29 07:00:00+00:00,week_027,2026-06-29 04:00:00+00:00,-0.7149999999999999,-0.28492991329734274,-0.4300700867026571,0.4300700867026571,0.184960279476431,-1.0,-1,1,
2026-06-29 08:00:00+00:00,week_027,2026-06-29 04:00:00+00:00,-0.3399999999999998,-0.28492991329734274,-0.05507008670265706,0.05507008670265706,0.003032714449438166,-1.0,-1,1,
2026-06-29 09:00:00+00:00,week_027,2026-06-29 04:00:00+00:00,-0.894999999999996,-0.28492991329734274,-0.6100700867026533,0.6100700867026533,0.3721855106893829,-1.0,-1,1,
2026-06-29 10:00:00+00:00,week_027,2026-06-29 04:00:00+00:00,-1.0,-0.28492991329734274,-0.7150700867026573,0.7150700867026573,0.5113252288969458,-1.0,-1,1,
2026-06-29 11:00:00+00:00,week_027,2026-06-29 04:00:00+00:00,1.0599999999999987,-0.28492991329734274,1.3449299132973414,1.3449299132973414,1.808836471681994,1.0,-1,1,
2026-06-29 12:00:00+00:00,week_027,2026-06-29 04:00:00+00:00,-1.7575000000000005,-1.1980951658733865,-0.559404834126614,0.559404834126614,0.31293376844422455,-1.0,-1,1,
2026-06-29 13:00:00+00:00,week_027,2026-06-29 04:00:00+00:00,1.6574999999999989,-0.2439262038885716,1.9014262038885705,1.9014262038885705,3.6154216088340996,1.0,-1,1,
2026-06-29 14:00:00+00:00,week_027,2026-06-29 04:00:00+00:00,-0.2174999999999975,-0.28492991329734274,0.06742991329734524,0.06742991329734524,0.0045467932072874966,-1.0,-1,1,
2026-06-29 15:00:00+00:00,week_027,2026-06-29 04:00:00+00:00,-0.4924999999999997,-0.28492991329734274,-0.20757008670265698,0.20757008670265698,0.04308534089374853,-1.0,-1,1,
2026-06-29 16:00:00+00:00,week_027,2026-06-29 04:00:00+00:00,-4.952500000000001,-1.1980951658733865,-3.754404834126614,3.754404834126614,14.09555565851329,-1.0,-1,1,
2026-06-29 17:00:00+00:00,week_027,2026-06-29 04:00:00+00:00,-4.617500000000003,-1.1980951658733865,-3.4194048341266168,3.4194048341266168,11.692329419648475,-1.0,-1,1,
2026-06-29 18:00:00+00:00,week_027,2026-06-29 04:00:00+00:00,1.0700000000000005,-7.261030290606403,8.331030290606403,8.331030290606403,69.4060657030014,1.0,-1,1,
2026-06-29 19:00:00+00:00,week_027,2026-06-29 04:00:00+00:00,-3.872499999999999,-11.197782322978092,7.325282322978094,7.325282322978094,53.659761111335335,-1.0,-1,1,
2026-06-29 20:00:00+00:00,week_027,2026-06-29 04:00:00+00:00,-1.682500000000001,18.60543671088355,-20.28793671088355,20.28793671088355,411.6003759848164,-1.0,1,1,
2026-06-29 21:00:00+00:00,week_027,2026-06-29 04:00:00+00:00,-5.532500000000002,15.315867934147294,-20.848367934147298,20.848367934147298,434.6544455175813,-1.0,1,1,
2026-06-29 22:00:00+00:00,week_027,2026-06-29 04:00:00+00:00,-4.872500000000002,-13.1829825271626,8.310482527162598,8.310482527162598,69.06411983427485,-1.0,-1,1,
2026-06-29 23:00:00+00:00,week_027,2026-06-29 04:00:00+00:00,2.889999999999997,1.8141122388653201,1.0758877611346769,1.0758877611346769,1.1575344745593876,1.0,1,1,
2026-06-30 00:00:00+00:00,week_027,2026-06-29 04:00:00+00:00,-7.392499999999998,-15.958085497193263,8.565585497193265,8.565585497193265,73.36925490972759,-1.0,-1,1,
2026-06-30 01:00:00+00:00,week_027,2026-06-29 04:00:00+00:00,-10.254999999999995,-49.604719308018815,39.34971930801882,39.34971930801882,1548.4004096198692,-1.0,-1,1,
2026-06-30 02:00:00+00:00,week_027,2026-06-29 04:00:00+00:00,-1.9624999999999984,-9.962798829566493,8.000298829566495,8.000298829566495,64.00478136236302,-1.0,-1,1,
2026-06-30 03:00:00+00:00,week_027,2026-06-29 04:00:00+00:00,-6.5575000000000045,-3.1983117694429124,-3.359188230557092,3.359188230557092,11.284145568313289,-1.0,-1,1,
2026-06-30 04:00:00+00:00,week_027,2026-06-29 04:00:00+00:00,-2.4475000000000016,-1.1980951658733865,-1.249404834126615,1.249404834126615,1.5610124395389544,-1.0,-1,1,
2026-06-30 05:00:00+00:00,week_027,2026-06-29 04:00:00+00:00,-0.3924999999999983,-1.1980951658733865,0.8055951658733882,0.8055951658733882,0.6489835712785719,-1.0,-1,1,
2026-06-30 06:00:00+00:00,week_027,2026-06-29 04:00:00+00:00,-0.6550000000000011,-1.1980951658733865,0.5430951658733854,0.5430951658733854,0.2949523591950399,-1.0,-1,1,
2026-06-30 07:00:00+00:00,week_027,2026-06-29 04:00:00+00:00,-1.4025000000000034,-1.1980951658733865,-0.20440483412661692,0.20440483412661692,0.04178133621432978,-1.0,-1,1,
2026-06-30 08:00:00+00:00,week_027,2026-06-29 04:00:00+00:00,-1.1649999999999991,-1.1980951658733865,0.033095165873387344,0.033095165873387344,0.0010952900041870223,-1.0,-1,1,
2026-06-30 09:00:00+00:00,week_027,2026-06-29 04:00:00+00:00,-1.3000000000000007,-1.1980951658733865,-0.10190483412661422,0.10190483412661422,0.010384595218372757,-1.0,-1,1,
2026-06-30 10:00:00+00:00,week_027,2026-06-29 04:00:00+00:00,-1.625,-1.1980951658733865,-0.4269048341266135,0.4269048341266135,0.1822477374006714,-1.0,-1,1,
2026-06-30 11:00:00+00:00,week_027,2026-06-29 04:00:00+00:00,-0.759999999999998,-0.28492991329734274,-0.47507008670265527,0.47507008670265527,0.2256915872796684,-1.0,-1,1,
2026-06-30 12:00:00+00:00,week_027,2026-06-29 04:00:00+00:00,-1.9324999999999968,-0.28492991329734274,-1.647570086702654,1.647570086702654,2.7144871905973904,-1.0,-1,1,
2026-06-30 13:00:00+00:00,week_027,2026-06-29 04:00:00+00:00,-2.3925,-0.28492991329734274,-2.1075700867026574,2.1075700867026574,4.441851670363847,-1.0,-1,1,
2026-06-30 14:00:00+00:00,week_027,2026-06-29 04:00:00+00:00,-8.5425,-0.28492991329734274,-8.257570086702657,8.257570086702657,68.18746373680652,-1.0,-1,1,
2026-06-30 15:00:00+00:00,week_027,2026-06-29 04:00:00+00:00,-7.714999999999998,-0.5473920706280929,-7.167607929371905,7.167607929371905,51.374603429195005,-1.0,-1,1,
2026-06-30 16:00:00+00:00,week_027,2026-06-29 04:00:00+00:00,-6.322499999999998,-1.1980951658733865,-5.1244048341266115,5.1244048341266115,26.259524904020186,-1.0,-1,1,
2026-06-30 17:00:00+00:00,week_027,2026-06-29 04:00:00+00:00,-5.370000000000001,-1.1980951658733865,-4.1719048341266145,4.1719048341266145,17.404789945009014,-1.0,-1,1,
2026-06-30 18:00:00+00:00,week_027,2026-06-29 04:00:00+00:00,-4.774999999999999,-1.1980951658733865,-3.576904834126612,3.576904834126612,12.794248192398326,-1.0,-1,1,
2026-06-30 19:00:00+00:00,week_027,2026-06-29 04:00:00+00:00,-2.4250000000000007,-7.261030290606403,4.836030290606402,4.836030290606402,23.387188971662642,-1.0,-1,1,
2026-06-30 20:00:00+00:00,week_027,2026-06-29 04:00:00+00:00,-1.5474999999999994,-9.59312719912459,8.04562719912459,8.04562719912459,64.7321170272934,-1.0,-1,1,
2026-06-30 21:00:00+00:00,week_027,2026-06-29 04:00:00+00:00,-3.4450000000000003,-10.058607322339618,6.613607322339618,6.613607322339618,43.73980181410421,-1.0,-1,1,
2026-06-30 22:00:00+00:00,week_027,2026-06-29 04:00:00+00:00,-1.8925000000000016,-10.6801181642015,8.787618164201499,8.787618164201499,77.22223299980412,-1.0,-1,1,
2026-06-30 23:00:00+00:00,week_027,2026-06-29 04:00:00+00:00,-3.017500000000002,-24.525700579060555,21.508200579060553,21.508200579060553,462.6026921491007,-1.0,-1,1,
